payload_symbol_index,hdt_symbol_index,region_0_payload_1_terminator,measured_i,measured_q,reference_i,reference_q,error_ratio_real,error_ratio_imag,error_ratio_magnitude,error_ratio_phase_deg,normalized_error_magnitude
0,138,0,-9.588973522186e-01,-9.021477699280e-01,-9.486833214760e-01,-9.486833214760e-01,9.808568781683e-01,-2.990965531172e-02,9.813127956625e-01,-1.746601559924e+00,3.551121786602e-02
1,139,0,-9.622460007668e-01,-8.918997645378e-01,-9.486833214760e-01,-9.486833214760e-01,9.772205979229e-01,-3.707572096846e-02,9.779236708917e-01,-2.172758083319e+00,4.351448315583e-02
2,140,0,-3.267385661602e-01,3.127852082253e-01,-3.162277638912e-01,3.162277638912e-01,1.011175879240e+00,2.206219618931e-02,1.011416531038e+00,1.249901454950e+00,2.473137233308e-02
3,141,0,-9.734845161438e-01,-2.232956886292e-01,-9.486833214760e-01,-3.162277638912e-01,9.941407776327e-01,-9.600593202483e-02,9.987657506824e-01,-5.516049381485e+00,9.618455941941e-02
4,142,0,-2.873707711697e-01,3.528968989849e-01,-3.162277638912e-01,3.162277638912e-01,1.012352081734e+00,-1.036059057702e-01,1.017639877904e+00,-5.843407296537e+00,1.043396263824e-01
5,143,0,9.942974448204e-01,2.313001155853e-01,9.486833214760e-01,3.162277638912e-01,1.016416877017e+00,-9.499389161258e-02,1.020846270174e+00,-5.339329574736e+00,9.640203988861e-02
6,144,0,2.944209873676e-01,-9.467212557793e-01,3.162277638912e-01,-9.486833214760e-01,9.912427131976e-01,-2.006726467026e-02,9.914458187812e-01,-1.159768965470e+00,2.189486660122e-02
7,145,0,1.006936669350e+00,8.555214405060e-01,9.486833214760e-01,9.486833214760e-01,9.816015880610e-01,-7.980283062641e-02,9.848401745765e-01,-4.647844482030e+00,8.189623518736e-02
8,146,0,3.454019129276e-01,-3.241936862469e-01,3.162277638912e-01,-3.162277638912e-01,1.058723609425e+00,3.353315094757e-02,1.059254527187e+00,1.814133464972e+00,6.762347607415e-02
9,147,0,8.781238794327e-01,-9.900559186935e-01,9.486833214760e-01,-9.486833214760e-01,9.846171824860e-01,-5.899336307859e-02,9.863828936746e-01,-3.428779091954e+00,6.096595740241e-02
10,148,0,-2.221845984459e-01,9.664992094040e-01,-3.162277638912e-01,9.486833214760e-01,9.871625763699e-01,-9.485105686970e-02,9.917089669729e-01,-5.488389660133e+00,9.571584213054e-02
11,149,0,-2.757630944252e-01,3.550755083561e-01,-3.162277638912e-01,3.162277638912e-01,9.974434170782e-01,-1.254039382168e-01,1.005295736583e+00,-7.165933682494e+00,1.254299957606e-01
12,150,0,8.680665493011e-01,-1.001274108887e+00,9.486833214760e-01,-9.486833214760e-01,9.852290094441e-01,-7.020654657358e-02,9.877272701672e-01,-4.075956769351e+00,7.174358050579e-02
13,151,0,-9.243329167366e-01,-2.655693292618e-01,-9.486833214760e-01,-3.162277638912e-01,9.608795753336e-01,-4.035853624490e-02,9.617267645965e-01,-2.405104143927e+00,5.620693083515e-02
14,152,0,1.002613663673e+00,8.799005746841e-01,9.486833214760e-01,9.486833214760e-01,9.921720956518e-01,-6.467547505649e-02,9.942778205632e-01,-3.729591350610e+00,6.514747240121e-02
15,153,0,3.172701001167e-01,-3.399299979210e-01,3.162277638912e-01,-3.162277638912e-01,1.039124601127e+00,-3.582844454489e-02,1.039742090187e+00,-1.974744655898e+00,5.305103063919e-02
16,154,0,-3.331117928028e-01,-3.102952837944e-01,-3.162277638912e-01,-3.162277638912e-01,1.017315919197e+00,-3.607606860265e-02,1.017955383196e+00,-2.030972512043e+00,4.001654387201e-02
17,155,0,2.834476828575e-01,-3.401047885418e-01,3.162277638912e-01,-3.162277638912e-01,9.859230317516e-01,-8.958275039976e-02,9.899844916499e-01,-5.191742059334e+00,9.068202801135e-02
18,156,0,-1.963740140200e-01,9.682303071022e-01,-3.162277638912e-01,9.486833214760e-01,9.806428167673e-01,-1.198845479073e-01,9.879436415627e-01,-6.969880329048e+00,1.214372486910e-01
19,157,0,2.264724671841e-01,-9.550594091415e-01,3.162277638912e-01,-9.486833214760e-01,9.776657722121e-01,-8.716564518801e-02,9.815437900859e-01,-5.094842775687e+00,8.998148382819e-02
20,158,0,-2.757066786289e-01,3.153753876686e-01,-3.162277638912e-01,3.162277638912e-01,9.345828130715e-01,-6.272173662357e-02,9.366851395927e-01,-3.839477808564e+00,9.062794596985e-02
21,159,0,2.197019755840e-01,-9.644575715065e-01,3.162277638912e-01,-9.486833214760e-01,9.844406343892e-01,-9.656065711157e-02,9.891649625509e-01,-5.602041218416e+00,9.780620818757e-02
22,160,0,-2.629949450493e-01,3.299877345562e-01,-3.162277638912e-01,3.162277638912e-01,9.375879465939e-01,-1.059249015370e-01,9.435524587238e-01,-6.445715167217e+00,1.229444963225e-01
23,161,0,2.800604104996e-01,-3.385300338268e-01,3.162277638912e-01,-3.162277638912e-01,9.780773780179e-01,-9.244859244454e-02,9.824368171213e-01,-5.399597007100e+00,9.501233393378e-02
24,162,0,-2.642632722855e-01,3.294499516487e-01,-3.162277638912e-01,3.162277638912e-01,9.387430386068e-01,-1.030691906383e-01,9.443843235630e-01,-6.265686911159e+00,1.198985962301e-01
25,163,0,8.445603251457e-01,-1.022079348564e+00,9.486833214760e-01,-9.486833214760e-01,9.838054656667e-01,-9.356073802491e-02,9.882443048030e-01,-5.432539156750e+00,9.495195965348e-02
26,164,0,9.359285831451e-01,-4.366676509380e-01,9.486833214760e-01,-3.162277638912e-01,1.025986227520e+00,-1.182927093645e-01,1.032783086688e+00,-6.576967163505e+00,1.211133729589e-01
27,165,0,-3.364772796631e-01,-2.747009694576e-01,-3.162277638912e-01,-3.162277638912e-01,9.663576682833e-01,-9.767692350174e-02,9.712815886419e-01,-5.771706046745e+00,1.033082178150e-01
28,166,0,-2.048738449812e-01,1.006303071976e+00,-3.162277638912e-01,9.486833214760e-01,1.019449694671e+00,-1.238605651687e-01,1.026946502778e+00,-6.927339477513e+00,1.253783483171e-01
29,167,0,-1.740870177746e-01,1.010232210159e+00,-3.162277638912e-01,9.486833214760e-01,1.013441553268e+00,-1.543100159302e-01,1.025122120972e+00,-8.657550658607e+00,1.548943393757e-01
30,168,0,1.041833400726e+00,8.543347716331e-01,9.486833214760e-01,9.486833214760e-01,9.993683505521e-01,-9.882045190879e-02,1.004242292378e+00,-5.647215390222e+00,9.882247060503e-02
31,169,0,-2.036434113979e-01,1.006511926651e+00,-3.162277638912e-01,9.486833214760e-01,1.019258734366e+00,-1.250939025812e-01,1.026906447562e+00,-6.996935701219e+00,1.265677024851e-01
32,170,0,-8.634454011917e-01,1.015541553497e+00,-9.486833214760e-01,9.486833214760e-01,9.903130539734e-01,-8.016170879286e-02,9.935521347301e-01,-4.627764448441e+00,8.074488516255e-02
33,171,0,-1.012124300003e+00,-8.584526777267e-01,-9.486833214760e-01,-9.486833214760e-01,9.858806070394e-01,-8.099205435446e-02,9.892018419943e-01,-4.696415995613e+00,8.221356412498e-02
34,172,0,2.982822656631e-01,-3.587836325169e-01,3.162277638912e-01,-3.162277638912e-01,1.038912412520e+00,-9.566106104859e-02,1.043307260345e+00,-5.260851061692e+00,1.032725251413e-01
35,173,0,-2.266753762960e-01,9.849565029144e-01,-3.162277638912e-01,9.486833214760e-01,1.006092810705e+00,-9.642743940915e-02,1.010703217974e+00,-5.474704452754e+00,9.661973614788e-02
36,174,0,3.813022077084e-01,9.643353223801e-01,3.162277638912e-01,9.486833214760e-01,1.035427136533e+00,-5.678543980974e-02,1.036983095930e+00,-3.139100645875e+00,6.693032330213e-02
37,175,0,4.038314819336e-01,9.214887619019e-01,3.162277638912e-01,9.486833214760e-01,1.001903702680e+00,-9.170785701739e-02,1.006092123259e+00,-5.229915588749e+00,9.172761374100e-02
38,176,0,8.842393755913e-01,-9.821207523346e-01,9.486833214760e-01,-9.486833214760e-01,9.836581321057e-01,-5.158801389648e-02,9.850099715412e-01,-3.002130413304e+00,5.411450659533e-02
39,177,0,3.730596601963e-01,2.591260075569e-01,3.162277638912e-01,3.162277638912e-01,9.995733138262e-01,-1.801449234524e-01,1.015676623320e+00,-1.021628382484e+01,1.801454287701e-01
40,178,0,8.537636995316e-01,-1.018185257912e+00,9.486833214760e-01,-9.486833214760e-01,9.866037038212e-01,-8.665776801278e-02,9.904021593023e-01,-5.019659539395e+00,8.768711141478e-02
41,179,0,9.927696585655e-01,2.093436419964e-01,9.486833214760e-01,3.162277638912e-01,1.008024245494e+00,-1.153405025968e-01,1.014601552848e+00,-6.527529324715e+00,1.156192892861e-01
42,180,0,-2.711362242699e-01,3.618761599064e-01,-3.162277638912e-01,3.162277638912e-01,1.000880467273e+00,-1.434724366386e-01,1.011111294489e+00,-8.157562366405e+00,1.434751382562e-01
43,181,0,-2.501052916050e-01,9.886960387230e-01,-3.162277638912e-01,9.486833214760e-01,1.017049635210e+00,-7.538241548577e-02,1.019839432973e+00,-4.238938762035e+00,7.728647116587e-02
44,182,0,-9.878517389297e-01,-2.542177140713e-01,-9.486833214760e-01,-3.162277638912e-01,1.017549124217e+00,-7.121403802515e-02,1.020038067626e+00,-4.003366026191e+00,7.334446790754e-02
45,183,0,-3.595916330814e-01,-2.919248342514e-01,-3.162277638912e-01,-3.162277638912e-01,1.030137991864e+00,-1.069906038568e-01,1.035679135444e+00,-5.929506380759e+00,1.111543425477e-01
46,184,0,-2.363880276680e-01,9.696928858757e-01,-3.162277638912e-01,9.486833214760e-01,9.946838823111e-01,-8.238643016542e-02,9.980899506582e-01,-4.734815394267e+00,8.255776754905e-02
47,185,0,-9.995409846306e-01,-2.217600047588e-01,-9.486833214760e-01,-3.162277638912e-01,1.018374487782e+00,-1.057025880462e-01,1.023845512997e+00,-5.925818616227e+00,1.072877389123e-01
48,186,0,-3.631908893585e-01,-2.854415774345e-01,-3.162277638912e-01,-3.162277638912e-01,1.025577986594e+00,-1.229324569217e-01,1.032919452595e+00,-6.835233615390e+00,1.255652115953e-01
49,187,0,1.047206759453e+00,8.268719315529e-01,9.486833214760e-01,9.486833214760e-01,9.877261719380e-01,-1.161266478034e-01,9.945292298677e-01,-6.705463690281e+00,1.167734780905e-01
50,188,0,9.247370362282e-01,-4.208436012268e-01,9.486833214760e-01,-3.162277638912e-01,1.010364990436e+00,-1.068197756757e-01,1.015996003129e+00,-6.035116699821e+00,1.073214680395e-01
51,189,0,-3.594436943531e-01,-3.084471523762e-01,-3.162277638912e-01,-3.162277638912e-01,1.056028159120e+00,-8.063261326174e-02,1.059102021137e+00,-4.366324519561e+00,9.818743776970e-02
52,190,0,-2.438626289368e-01,9.772387146950e-01,-3.162277638912e-01,9.486833214760e-01,1.004206160293e+00,-7.768160138407e-02,1.007206256715e+00,-4.423376317349e+00,7.779539175303e-02
53,191,0,-8.721396923065e-01,9.984158873558e-01,-9.486833214760e-01,9.486833214760e-01,9.858693292679e-01,-6.655339679253e-02,9.881131964587e-01,-3.862024941455e+00,6.803697876863e-02
54,192,0,-1.047918677330e+00,-8.501754999161e-01,-9.486833214760e-01,-9.486833214760e-01,1.000383444231e+00,-1.042198028243e-01,1.005797595341e+00,-5.947610615024e+00,1.042205082036e-01
55,193,0,-1.001232981682e+00,-8.768681883812e-01,-9.486833214760e-01,-9.486833214760e-01,9.898462044958e-01,-6.554599964250e-02,9.920140052560e-01,-3.788502072706e+00,6.632780436797e-02
56,194,0,8.145149946213e-01,-1.047541975975e+00,9.486833214760e-01,-9.486833214760e-01,9.813901691132e-01,-1.228159998593e-01,9.890452132503e-01,-7.133192089415e+00,1.242179360119e-01
57,195,0,-1.000901818275e+00,-8.646001219749e-01,-9.486833214760e-01,-9.486833214760e-01,9.832058274978e-01,-7.183729976851e-02,9.858267073192e-01,-4.178853608780e+00,7.377426291101e-02
58,196,0,-2.635464370251e-01,9.573700428009e-01,-3.162277638912e-01,9.486833214760e-01,9.915816498084e-01,-5.272487633870e-02,9.929824171765e-01,-3.043693563802e+00,5.339270741290e-02
59,197,0,1.024040222168e+00,8.754665255547e-01,9.486833214760e-01,9.486833214760e-01,1.001127934223e+00,-7.830521168126e-02,1.004185663540e+00,-4.472397578167e+00,7.831333482913e-02
60,198,0,1.002331614494e+00,2.470718622208e-01,9.486833214760e-01,3.162277638912e-01,1.029026223416e+00,-8.257212667511e-02,1.032333824197e+00,-4.587753967767e+00,8.752529776837e-02
61,199,0,-2.972995638847e-01,3.254782259464e-01,-3.162277638912e-01,3.162277638912e-01,9.846981526350e-01,-4.455437706505e-02,9.857056073283e-01,-2.590680019015e+00,4.710880011671e-02
62,200,0,-1.041011095047e+00,-8.238633871078e-01,-9.486833214760e-01,-9.486833214760e-01,9.828751280530e-01,-1.144468881361e-01,9.895158450218e-01,-6.641664298894e+00,1.157210069229e-01
63,201,0,9.739662408829e-01,1.861490160227e-01,9.486833214760e-01,3.162277638912e-01,9.828509731305e-01,-1.313986939865e-01,9.915955083424e-01,-7.614798139919e+00,1.325130405051e-01
64,202,0,4.620440602303e-01,9.152446985245e-01,3.162277638912e-01,9.486833214760e-01,1.014388496823e+00,-1.489077028815e-01,1.025259736098e+00,-8.351119620659e+00,1.496012460452e-01
65,203,0,8.882020711899e-01,-4.086574614048e-01,9.486833214760e-01,-3.162277638912e-01,9.718512843667e-01,-1.068123583717e-01,9.777033286361e-01,-6.271981163479e+00,1.104591783996e-01
66,204,0,-8.816913962364e-01,3.819343447685e-01,-9.486833214760e-01,3.162277638912e-01,9.572241248392e-01,-8.351944050690e-02,9.608608234894e-01,-4.986526340792e+00,9.383641317933e-02
67,205,0,7.523481249809e-01,-1.026782512665e+00,9.486833214760e-01,-9.486833214760e-01,9.376841551708e-01,-1.446396186543e-01,9.487740479919e-01,-8.768874252743e+00,1.574924880787e-01
68,206,0,-7.545741796494e-01,1.025808453560e+00,-9.486833214760e-01,9.486833214760e-01,9.383440147547e-01,-1.429530106467e-01,9.491707187218e-01,-8.662181429770e+00,1.556824452837e-01
69,207,0,9.765411615372e-01,2.076521217823e-01,9.486833214760e-01,3.162277638912e-01,9.920936360620e-01,-1.118133184372e-01,9.983746796142e-01,-6.430351381833e+00,1.120925009564e-01
70,208,0,8.122422695160e-01,-1.054776310921e+00,9.486833214760e-01,-9.486833214760e-01,9.840051670414e-01,-1.278266603377e-01,9.922730591209e-01,-7.401529025042e+00,1.288234830086e-01
71,209,0,-4.273415505886e-01,-9.276373982430e-01,-3.162277638912e-01,-9.486833214760e-01,1.015171347295e+00,-1.120670966385e-01,1.021338287991e+00,-6.299505771050e+00,1.130893625754e-01
72,210,0,3.208900094032e-01,2.792146503925e-01,3.162277638912e-01,3.162277638912e-01,9.488487860955e-01,-6.589452883244e-02,9.511341166234e-01,-3.972631275238e+00,8.341783750465e-02
73,211,0,-8.023418784142e-01,1.074020862579e+00,-9.486833214760e-01,9.486833214760e-01,9.889299719501e-01,-1.431873935248e-01,9.992422724673e-01,-8.238615178059e+00,1.436146760796e-01
74,212,0,-1.839261353016e-01,9.995836019516e-01,-3.162277638912e-01,9.486833214760e-01,1.006450798700e+00,-1.416084242197e-01,1.016364184735e+00,-8.008987149072e+00,1.417552771993e-01
75,213,0,1.033308148384e+00,8.276922106743e-01,9.486833214760e-01,9.486833214760e-01,9.808332859499e-01,-1.083691117231e-01,9.868018034048e-01,-6.304854043432e+00,1.100510213634e-01
76,214,0,-7.857624888420e-01,1.059817790985e+00,-9.486833214760e-01,9.486833214760e-01,9.727061908054e-01,-1.444398230364e-01,9.833718503750e-01,-8.446288585692e+00,1.469959676288e-01
77,215,0,-3.366413116455e-01,3.734536468983e-01,-3.162277638912e-01,3.162277638912e-01,1.122758719548e+00,-5.820541308546e-02,1.124266433028e+00,-2.967638274517e+00,1.358586520521e-01
78,216,0,-8.567771911621e-01,1.017299652100e+00,-9.486833214760e-01,9.486833214760e-01,9.877251980914e-01,-8.460276327392e-02,9.913418656035e-01,-4.895672100543e+00,8.548858587834e-02
79,217,0,3.356929123402e-01,3.237105011940e-01,3.162277638912e-01,3.162277638912e-01,1.042608348837e+00,-1.894585566858e-02,1.042780472828e+00,-1.041041069908e+00,4.663064268956e-02
80,218,0,3.178231120110e-01,2.767373025417e-01,3.162277638912e-01,3.162277638912e-01,9.400825645992e-01,-6.496236915389e-02,9.423244333400e-01,-3.953016567098e+00,8.837538385257e-02
81,219,0,-9.943923354149e-01,-8.792205452919e-01,-9.486833214760e-01,-9.486833214760e-01,9.874806683603e-01,-6.070086166572e-02,9.893445633308e-01,-3.517570167463e+00,6.197845005859e-02
82,220,0,2.987103164196e-01,2.899983227253e-01,3.162277638912e-01,3.162277638912e-01,9.308300952149e-01,-1.377487161011e-02,9.309320132242e-01,-8.478286261446e-01,7.052817037085e-02
83,221,0,-8.677498102188e-01,1.001544952393e+00,-9.486833214760e-01,9.486833214760e-01,9.852048203520e-01,-7.051622978130e-02,9.877252030334e-01,-4.093975113730e+00,7.205162040777e-02
84,222,0,-3.417619466782e-01,3.583551347256e-01,-3.162277638912e-01,3.162277638912e-01,1.106982310454e+00,-2.623613411300e-02,1.107293172737e+00,-1.357689616349e+00,1.101523920901e-01
85,223,0,-9.345988631248e-01,3.613722324371e-01,-9.486833214760e-01,3.162277638912e-01,1.000914243571e+00,-4.728169909845e-02,1.002030379806e+00,-2.704556821690e+00,4.729053722410e-02
86,224,0,8.260365128517e-01,-1.015337705612e+00,9.486833214760e-01,-9.486833214760e-01,9.704894018791e-01,-9.977048635468e-02,9.756043404512e-01,-5.869632448374e+00,1.040433820524e-01
87,225,0,9.246462583542e-01,-4.468838572502e-01,9.486833214760e-01,-3.162277638912e-01,1.018513522563e+00,-1.315524376702e-01,1.026974118223e+00,-7.359646572982e+00,1.328487650475e-01
88,226,0,2.137092351913e-01,-9.933925867081e-01,3.162277638912e-01,-9.486833214760e-01,1.009995728722e+00,-1.113959244880e-01,1.016120280296e+00,-6.293911016450e+00,1.118434914745e-01
89,227,0,-4.368428885937e-01,-9.389431476593e-01,-3.162277638912e-01,-9.486833214760e-01,1.028901509482e+00,-1.175056654442e-01,1.035589637659e+00,-6.515235017618e+00,1.210077628164e-01
90,228,0,2.001804560423e-01,-1.009109497070e+00,3.162277638912e-01,-9.486833214760e-01,1.020627923411e+00,-1.292005742783e-01,1.028773126807e+00,-7.214657991887e+00,1.308369199351e-01
91,229,0,2.235256284475e-01,-1.006724834442e+00,3.162277638912e-01,-9.486833214760e-01,1.025748025195e+00,-1.062993030370e-01,1.031241268093e+00,-5.916499911793e+00,1.093732262833e-01
92,230,0,8.952945470810e-01,-4.113317728043e-01,9.486833214760e-01,-3.162277638912e-01,9.794254891399e-01,-1.071065951886e-01,9.852644880994e-01,-6.240869891663e+00,1.090648120616e-01
93,231,0,-9.306177496910e-01,4.012653827667e-01,-9.486833214760e-01,3.162277638912e-01,1.009752748998e+00,-8.638660237073e-02,1.013441295378e+00,-4.889875103793e+00,8.693538509822e-02
94,232,0,-3.184506595135e-01,3.615274131298e-01,-3.162277638912e-01,3.162277638912e-01,1.075139741489e+00,-6.811032827458e-02,1.077294983069e+00,-3.624855686521e+00,1.014149770433e-01
95,233,0,9.866548776627e-01,2.346874922514e-01,9.486833214760e-01,3.162277638912e-01,1.010237683836e+00,-8.936355218593e-02,1.014182440344e+00,-5.055109379113e+00,8.994806629166e-02
96,234,0,1.038404703140e+00,8.497102856636e-01,9.486833214760e-01,9.486833214760e-01,9.951239502484e-01,-9.945068770845e-02,1.000081054537e+00,-5.707075400188e+00,9.957015188732e-02
97,235,0,-3.051399886608e-01,3.627875149250e-01,-3.162277638912e-01,3.162277638912e-01,1.056086118700e+00,-9.114874284729e-02,1.060012256265e+00,-4.932863311369e+00,1.070221754284e-01
98,236,0,-1.033847332001e+00,-8.338114023209e-01,-9.486833214760e-01,-9.486833214760e-01,9.843425577546e-01,-1.054281893396e-01,9.899724107844e-01,-6.113369461140e+00,1.065845139085e-01
99,237,0,9.638220667839e-01,2.348112165928e-01,9.486833214760e-01,3.162277638912e-01,9.886157029765e-01,-8.202580855552e-02,9.920127224188e-01,-4.742988105289e+00,8.281204917104e-02
100,238,0,3.875033855438e-01,2.935646176338e-01,3.162277638912e-01,3.162277638912e-01,1.076863072991e+00,-1.485302345912e-01,1.087058098060e+00,-7.853177388636e+00,1.672398354976e-01
101,239,0,8.993914127350e-01,-4.110426902771e-01,9.486833214760e-01,-3.162277638912e-01,9.832207011714e-01,-1.055368048195e-01,9.888685273501e-01,-6.126549308335e+00,1.068623509038e-01
102,240,0,-2.945351004601e-01,3.622137606144e-01,-3.162277638912e-01,3.162277638912e-01,1.038411132838e+00,-1.070093582574e-01,1.043910285205e+00,-5.883621852956e+00,1.136944056697e-01
103,241,0,-2.004372030497e-01,9.887855648994e-01,-3.162277638912e-01,9.486833214760e-01,1.001428139293e+00,-1.225300113382e-01,1.008896388063e+00,-6.975767552268e+00,1.225383338404e-01
104,242,0,7.996476292610e-01,-1.018882751465e+00,9.486833214760e-01,-9.486833214760e-01,9.584496425512e-01,-1.155470520251e-01,9.653894750505e-01,-6.874187179571e+00,1.227906895323e-01
105,243,0,-3.687787055969e-01,-3.002540767193e-01,-3.162277638912e-01,-3.162277638912e-01,1.057833717830e+00,-1.083469522638e-01,1.063367874558e+00,-5.848037136457e+00,1.228161267216e-01
106,244,0,-4.651188850403e-01,-8.996865153313e-01,-3.162277638912e-01,-9.486833214760e-01,1.000601053483e+00,-1.567446670389e-01,1.012803711919e+00,-8.903058518272e+00,1.567458194352e-01
107,245,0,-3.713805675507e-01,-3.041819632053e-01,-3.162277638912e-01,-3.162277638912e-01,1.068158156708e+00,-1.062503233720e-01,1.073429540752e+00,-5.680559003275e+00,1.262325851059e-01
108,246,0,-4.484611451626e-01,-9.069649577141e-01,-3.162277638912e-01,-9.486833214760e-01,1.002238350475e+00,-1.386401022644e-01,1.011781986951e+00,-7.875770790724e+00,1.386581702199e-01
109,247,0,-9.370700716972e-01,4.139646589756e-01,-9.486833214760e-01,3.162277638912e-01,1.019889822552e+00,-9.639379011365e-02,1.024434972518e+00,-5.399210285405e+00,9.842442691533e-02
110,248,0,-3.781642615795e-01,-2.579140961170e-01,-3.162277638912e-01,-3.162277638912e-01,1.005728197090e+00,-1.901322072148e-01,1.023542604215e+00,-1.070538448713e+01,1.902184756071e-01
111,249,0,3.337865769863e-01,2.862625122070e-01,3.162277638912e-01,3.162277638912e-01,9.803836980719e-01,-7.514214469105e-02,9.832591404883e-01,-4.382903066900e+00,7.766042241777e-02
112,250,0,-8.719972968102e-01,4.803547263145e-01,-9.486833214760e-01,3.162277638912e-01,9.791507506293e-01,-1.799547542008e-01,9.955500519900e-01,-1.041397968008e+01,1.811585072769e-01
113,251,0,1.033864378929e+00,7.866155505180e-01,9.486833214760e-01,9.486833214760e-01,9.594771449206e-01,-1.303115712135e-01,9.682858551157e-01,-7.734313779210e+00,1.364668728150e-01
114,252,0,-1.063830256462e+00,-7.420002818108e-01,-9.486833214760e-01,-9.486833214760e-01,9.517562380370e-01,-1.696192856804e-01,9.667526253996e-01,-1.010499914381e+01,1.763467114609e-01
115,253,0,2.517385184765e-01,-3.756479620934e-01,3.162277638912e-01,-3.162277638912e-01,9.919851325668e-01,-1.959180340337e-01,1.011147061160e+00,-1.117219019434e+01,1.960819067624e-01
116,254,0,9.957094788551e-01,1.937241405249e-01,9.486833214760e-01,3.162277638912e-01,1.005873884040e+00,-1.310881152502e-01,1.014379793052e+00,-7.425088678109e+00,1.312196497236e-01
117,255,0,-1.502022892237e-01,1.007898688316e+00,-3.162277638912e-01,9.486833214760e-01,1.003674766135e+00,-1.762311342052e-01,1.019029169769e+00,-9.958814178987e+00,1.762694430961e-01
118,256,0,1.620140671730e-01,-9.678660631180e-01,3.162277638912e-01,-9.486833214760e-01,9.694316958989e-01,-1.523660709471e-01,9.813323762056e-01,-8.932136124714e+00,1.554021904334e-01
119,257,0,1.746592521667e-01,-1.004383206367e+00,3.162277638912e-01,-9.486833214760e-01,1.008073657557e+00,-1.519175294194e-01,1.019456440857e+00,-8.570032154841e+00,1.521319154262e-01
120,258,0,-1.051103591919e+00,-7.947077155113e-01,-9.486833214760e-01,-9.486833214760e-01,9.728279530405e-01,-1.351324886837e-01,9.821685271453e-01,-7.908173599636e+00,1.378372577855e-01
121,259,0,-9.277977943420e-01,4.517201781273e-01,-9.486833214760e-01,3.162277638912e-01,1.023032710933e+00,-1.351439712905e-01,1.031920452659e+00,-7.525276028359e+00,1.370926648260e-01
122,260,0,-3.625466227531e-01,-2.533244490623e-01,-3.162277638912e-01,-3.162277638912e-01,9.737776725186e-01,-1.726954210895e-01,9.889725294269e-01,-1.005660629589e+01,1.746748949444e-01
123,261,0,3.692166507244e-01,2.884170114994e-01,3.162277638912e-01,3.162277638912e-01,1.039810126302e+00,-1.277554478942e-01,1.047629015075e+00,-7.004495636202e+00,1.338144260639e-01
124,262,0,1.020279169083e+00,2.440748214722e-01,9.486833214760e-01,3.162277638912e-01,1.045105020928e+00,-9.109088393469e-02,1.049067230403e+00,-4.981285921671e+00,1.016465053453e-01
125,263,0,4.591003954411e-01,9.295685291290e-01,3.162277638912e-01,9.486833214760e-01,1.027046406937e+00,-1.415855045852e-01,1.036759748983e+00,-7.849148843135e+00,1.441456320423e-01
126,264,0,1.792284846306e-01,-9.671568274498e-01,3.162277638912e-01,-9.486833214760e-01,9.742025323832e-01,-1.358107609204e-01,9.836234731255e-01,-7.936290682106e+00,1.382391844493e-01
127,265,0,-9.558579325676e-01,-1.622678190470e-01,-9.486833214760e-01,-3.162277638912e-01,9.581200265989e-01,-1.483280366781e-01,9.695334918582e-01,-8.800188048939e+00,1.541270211120e-01
128,266,0,1.072232484818e+00,7.800556421280e-01,9.486833214760e-01,9.486833214760e-01,9.762415365665e-01,-1.539907132735e-01,9.883120344771e-01,-8.963883140843e+00,1.558127220711e-01
129,267,0,-9.752845168114e-01,-1.318065226078e-01,-9.486833214760e-01,-3.162277638912e-01,9.669169950269e-01,-1.833693843456e-01,9.841508046977e-01,-1.073824360041e+01,1.863298589419e-01
130,268,0,-2.605004310608e-01,3.718917965889e-01,-3.162277638912e-01,3.162277638912e-01,9.998999137015e-01,-1.761252145565e-01,1.015293025989e+00,-9.989767553120e+00,1.761252429944e-01
131,269,0,1.016231775284e+00,1.955803632736e-01,9.486833214760e-01,3.162277638912e-01,1.025930032685e+00,-1.358168673933e-01,1.034880985154e+00,-7.541202046254e+00,1.382699825109e-01
132,270,0,1.011752843857e+00,1.840832531452e-01,9.486833214760e-01,3.162277638912e-01,1.018045240055e+00,-1.453076211384e-01,1.028362978505e+00,-8.123074811214e+00,1.464238213186e-01
133,271,0,-8.629902005196e-01,4.901382327080e-01,-9.486833214760e-01,3.162277638912e-01,9.736996851882e-01,-1.920844969381e-01,9.924653802021e-01,-1.115960872311e+01,1.938766631732e-01
134,272,0,4.462746679783e-01,9.256433248520e-01,3.162277638912e-01,9.486833214760e-01,1.019266780326e+00,-1.306592098977e-01,1.027607220005e+00,-7.304873656968e+00,1.320720937792e-01
135,273,0,-8.578349351883e-01,4.971921741962e-01,-9.486833214760e-01,3.162277638912e-01,9.710396232088e-01,-2.004066912480e-01,9.915043074734e-01,-1.166118492438e+01,2.024883831751e-01
136,274,0,3.656572401524e-01,2.960721850395e-01,3.162277638912e-01,3.162277638912e-01,1.046286096213e+00,-1.100236333720e-01,1.052055034221e+00,-6.002953661915e+00,1.193633218498e-01
137,275,0,-2.750996649265e-01,3.622806370258e-01,-3.162277638912e-01,3.162277638912e-01,1.007786751722e+00,-1.378452211573e-01,1.017170311178e+00,-7.788593417840e+00,1.380649792608e-01
138,276,0,-1.044731616974e+00,-7.689869403839e-01,-9.486833214760e-01,-9.486833214760e-01,9.559135890236e-01,-1.453302015266e-01,9.668979559166e-01,-8.644638380945e+00,1.518699414253e-01
139,277,0,9.832856655121e-01,1.723784655333e-01,9.486833214760e-01,3.162277638912e-01,9.873375252597e-01,-1.474096456845e-01,9.982810187652e-01,-8.491545787537e+00,1.479524988210e-01
140,278,0,-1.396962404251e-01,1.009384870529e+00,-3.162277638912e-01,9.486833214760e-01,1.001762378177e+00,-1.866680191030e-01,1.019005795708e+00,-1.055541480300e+01,1.866763384382e-01
141,279,0,2.768768370152e-01,-3.414515554905e-01,3.162277638912e-01,-3.162277638912e-01,9.776630377059e-01,-1.021015955094e-01,9.829800359630e-01,-5.962034644055e+00,1.045163895765e-01
142,280,0,3.711059093475e-01,2.462483197451e-01,3.162277638912e-01,3.162277638912e-01,9.761227500963e-01,-1.974171844782e-01,9.958861219953e-01,-1.143363052444e+01,1.988558970467e-01
143,281,0,-4.537555277348e-01,-8.721035718918e-01,-3.162277638912e-01,-9.486833214760e-01,9.708401672967e-01,-1.546869321012e-01,9.830863021117e-01,-9.053013887291e+00,1.574113808026e-01
144,282,0,-8.985030651093e-01,4.173114001751e-01,-9.486833214760e-01,3.162277638912e-01,9.843602806596e-01,-1.117647452617e-01,9.906848744297e-01,-6.477650317883e+00,1.128537066491e-01
145,283,0,1.534674763680e-01,-9.709738492966e-01,3.162277638912e-01,-9.486833214760e-01,9.696773315035e-01,-1.614568469815e-01,9.830271820600e-01,-9.453351062589e+00,1.642795716513e-01
146,284,0,-8.697594404221e-01,4.608518481255e-01,-9.486833214760e-01,3.162277638912e-01,9.708603823962e-01,-1.621603720306e-01,9.843098436791e-01,-9.482435892178e+00,1.647577117199e-01
147,285,0,-8.840396404266e-01,4.741843640804e-01,-9.486833214760e-01,3.162277638912e-01,9.886238809097e-01,-1.702929114845e-01,1.003183359913e+00,-9.773430833697e+00,1.706724693306e-01
148,286,0,-5.101673603058e-01,-8.480390310287e-01,-3.162277638912e-01,-9.486833214760e-01,9.658495266270e-01,-2.158137701068e-01,9.896670609116e-01,-1.259552648846e+01,2.184990576622e-01
149,287,0,-6.988077759743e-01,1.075119137764e+00,-9.486833214760e-01,9.486833214760e-01,9.349415519282e-01,-1.983334972118e-01,9.557467664806e-01,-1.197686912579e+01,2.087313531355e-01
150,288,0,2.543280720711e-01,-3.371851742268e-01,3.162277638912e-01,-3.162277638912e-01,9.352645685173e-01,-1.310085824472e-01,9.443956066176e-01,-7.973908924967e+00,1.461298216111e-01
151,289,0,-8.427519351244e-02,9.968668818474e-01,-3.162277638912e-01,9.486833214760e-01,9.723610986253e-01,-2.352865043030e-01,1.000422833219e+00,-1.360264953803e+01,2.369043013040e-01
152,290,0,-9.487910568714e-02,1.036763668060e+00,-3.162277638912e-01,9.486833214760e-01,1.013563763946e+00,-2.378432210608e-01,1.041096009688e+00,-1.320610739836e+01,2.382296654427e-01
153,291,0,5.159116983414e-01,9.108397960663e-01,3.162277638912e-01,9.486833214760e-01,1.027244081520e+00,-2.014039829166e-01,1.046801780354e+00,-1.109284079058e+01,2.032382944047e-01
154,292,0,4.853891432285e-01,8.950299024582e-01,3.162277638912e-01,9.486833214760e-01,1.002593420850e+00,-1.774472722879e-01,1.018175378790e+00,-1.003674227544e+01,1.774662229105e-01
155,293,0,-3.574384152889e-01,-2.531832456589e-01,-3.162277638912e-01,-3.162277638912e-01,9.654776251048e-01,-1.648418980471e-01,9.794487714678e-01,-9.689031903770e+00,1.684180682711e-01
156,294,0,-8.919709324837e-01,4.138351380825e-01,-9.486833214760e-01,3.162277638912e-01,9.770640651103e-01,-1.105325151401e-01,9.832963054101e-01,-6.454270644754e+00,1.128870852332e-01
157,295,0,1.997813880444e-01,-9.830204844475e-01,3.162277638912e-01,-9.486833214760e-01,9.957515169537e-01,-1.213290936475e-01,1.003116061321e+00,-6.947059872069e+00,1.214034537133e-01
158,296,0,-2.501639723778e-01,3.306872248650e-01,-3.162277638912e-01,3.162277638912e-01,9.184063886347e-01,-1.273184420880e-01,9.271894522592e-01,-7.892595250035e+00,1.512200486422e-01
159,297,0,2.824755012989e-01,-3.614482581615e-01,3.162277638912e-01,-3.162277638912e-01,1.018132866540e+00,-1.248668932336e-01,1.025761314807e+00,-6.992010819457e+00,1.261766296697e-01
160,298,0,3.998254835606e-01,2.324831485748e-01,3.162277638912e-01,3.162277638912e-01,9.997677375869e-01,-2.645914655414e-01,1.034187687394e+00,-1.482364489211e+01,2.645915674831e-01
161,299,0,1.570712178946e-01,-1.008219957352e+00,3.162277638912e-01,-9.486833214760e-01,1.006151694558e+00,-1.698162906039e-01,1.020381695747e+00,-9.579983876421e+00,1.699276784411e-01
162,300,0,-3.504322171211e-01,-2.993154525757e-01,-3.162277638912e-01,-3.162277638912e-01,1.027341277220e+00,-8.082270183434e-02,1.030515603478e+00,-4.498292261528e+00,8.532206380426e-02
163,301,0,9.065207242966e-01,-4.680180251598e-01,9.486833214760e-01,-3.162277638912e-01,1.008001341822e+00,-1.573338662725e-01,1.020206180432e+00,-8.871429134406e+00,1.575371922664e-01
164,302,0,-2.457971572876e-01,3.480981886387e-01,-3.162277638912e-01,3.162277638912e-01,9.390309987623e-01,-1.617521341141e-01,9.528604145031e-01,-9.773532720033e+00,1.728611350258e-01
165,303,0,-1.008074760437e+00,-2.029950022697e-01,-9.486833214760e-01,-3.162277638912e-01,1.020536323689e+00,-1.262032488922e-01,1.028310093308e+00,-7.049614851769e+00,1.278632105870e-01
166,304,0,-1.024044156075e+00,-1.906730234623e-01,-9.486833214760e-01,-3.162277638912e-01,1.031789670694e+00,-1.429428702261e-01,1.041644175666e+00,-7.887480983153e+00,1.464351300450e-01
167,305,0,-9.642178416252e-01,-1.685284674168e-01,-9.486833214760e-01,-3.162277638912e-01,9.680307232982e-01,-1.450322994777e-01,9.788349447895e-01,-8.520791147132e+00,1.485139809736e-01
168,306,0,8.795268535614e-01,-4.920257627964e-01,9.486833214760e-01,-3.162277638912e-01,9.899846208393e-01,-1.886458165864e-01,1.007797992464e+00,-1.078861591552e+01,1.889114923324e-01
169,307,0,-1.054256677628e+00,-7.851561307907e-01,-9.486833214760e-01,-9.486833214760e-01,9.694556480431e-01,-1.418284377648e-01,9.797752595781e-01,-8.323155284672e+00,1.450801957376e-01
170,308,0,-1.686174720526e-01,9.749628305435e-01,-3.162277638912e-01,9.486833214760e-01,9.782524603709e-01,-1.483457259401e-01,9.894363701756e-01,-8.622842508028e+00,1.499313505729e-01
171,309,0,1.090778470039e+00,7.988530397415e-01,9.486833214760e-01,9.486833214760e-01,9.959232269631e-01,-1.538582073118e-01,1.007737774405e+00,-8.782084691674e+00,1.539122088582e-01
172,310,0,1.105886459351e+00,7.667825818062e-01,9.486833214760e-01,9.486833214760e-01,9.869832212520e-01,-1.787234316594e-01,1.003034368333e+00,-1.026392854748e+01,1.791968235016e-01
173,311,0,-2.515158355236e-01,3.531069755554e-01,-3.162277638912e-01,3.162277638912e-01,9.559926105777e-01,-1.606296973765e-01,9.693935068683e-01,-9.537972813676e+00,1.665489417650e-01
174,312,0,-4.742847084999e-01,-9.006691575050e-01,-3.162277638912e-01,-9.486833214760e-01,1.004431757416e+00,-1.651293917839e-01,1.017914962724e+00,-9.335960565101e+00,1.651888510303e-01
175,313,0,-3.594045042992e-01,-3.197393715382e-01,-3.162277638912e-01,-3.162277638912e-01,1.073820760518e+00,-6.271608203043e-02,1.075650655494e+00,-3.342540492663e+00,9.686491433302e-02
176,314,0,-4.491870403290e-01,-9.157651066780e-01,-3.162277638912e-01,-9.486833214760e-01,1.010816452859e+00,-1.365458955634e-01,1.019997393607e+00,-7.693217050823e+00,1.369736370535e-01
177,315,0,-2.562058866024e-01,3.491224348545e-01,-3.162277638912e-01,3.162277638912e-01,9.571081204387e-01,-1.469139633863e-01,9.683179575158e-01,-8.726661915632e+00,1.530471364325e-01
178,316,0,3.918694853783e-01,2.467555105686e-01,3.162277638912e-01,3.162277638912e-01,1.009754785741e+00,-2.294453419017e-01,1.035494998659e+00,-1.280187139039e+01,2.296526088797e-01
179,317,0,9.046927690506e-01,-5.145441293716e-01,9.486833214760e-01,-3.162277638912e-01,1.020980036506e+00,-2.020504536240e-01,1.040780774589e+00,-1.119411172176e+01,2.031367710225e-01
180,318,0,9.292147159576e-01,-4.846448004246e-01,9.486833214760e-01,-3.162277638912e-01,1.034788600017e+00,-1.659309400487e-01,1.048007883363e+00,-9.109968525556e+00,1.695385606775e-01
181,319,0,1.096382975578e+00,7.905042767525e-01,9.486833214760e-01,9.486833214760e-01,9.944768763275e-01,-1.612122253556e-01,1.007459001227e+00,-9.207978507642e+00,1.613068085954e-01
182,320,0,9.662517905235e-01,1.853742003441e-01,9.486833214760e-01,3.162277638912e-01,9.752873848367e-01,-1.296942253846e-01,9.838729974543e-01,-7.574780935726e+00,1.320276692452e-01
183,321,0,-9.706172943115e-01,-2.011888176203e-01,-9.486833214760e-01,-3.162277638912e-01,9.844298861342e-01,-1.160716558275e-01,9.912491261034e-01,-6.724554197250e+00,1.171113048870e-01
184,322,0,4.445884227753e-01,8.977081179619e-01,3.162277638912e-01,9.486833214760e-01,9.922318790827e-01,-1.378933848946e-01,1.001767781208e+00,-7.911887482065e+00,1.381120172189e-01
185,323,0,3.617629110813e-01,2.642523646355e-01,3.162277638912e-01,3.162277638912e-01,9.898170673150e-01,-1.541777123646e-01,1.001752760784e+00,-8.853466350570e+00,1.545136211085e-01
186,324,0,-4.644066989422e-01,-9.251657128334e-01,-3.162277638912e-01,-9.486833214760e-01,1.024547529149e+00,-1.480117986904e-01,1.035183622376e+00,-8.220392496738e+00,1.500335753719e-01
187,325,0,7.611641883850e-01,-1.077207803726e+00,9.486833214760e-01,-9.486833214760e-01,9.689070896972e-01,-1.665696066257e-01,9.831207363885e-01,-9.754647798362e+00,1.694467554205e-01
188,326,0,-1.527767479420e-01,9.616393446922e-01,-3.162277638912e-01,9.486833214760e-01,9.606034155566e-01,-1.591603000998e-01,9.736996061963e-01,-9.407746386255e+00,1.639636910833e-01
189,327,0,-1.024984478951e+00,-1.547189503908e-01,-9.486833214760e-01,-3.162277638912e-01,1.021312063645e+00,-1.773492544055e-01,1.036595914223e+00,-9.851091131995e+00,1.786252000559e-01
190,328,0,-1.051012873650e+00,-1.581830531359e-01,-9.486833214760e-01,-3.162277638912e-01,1.047100211934e+00,-1.822938187477e-01,1.062849890712e+00,-9.875867878532e+00,1.882802865885e-01
191,329,0,-9.904547929764e-01,-1.670880317688e-01,-9.486833214760e-01,-3.162277638912e-01,9.924657746543e-01,-1.546956687932e-01,1.004449632288e+00,-8.859406014097e+00,1.548790318117e-01
192,330,0,6.911509633064e-01,-1.131424665451e+00,9.486833214760e-01,-9.486833214760e-01,9.605816754119e-01,-2.320446097121e-01,9.882114429785e-01,-1.358058309359e+01,2.353688705199e-01
193,331,0,-1.095210909843e+00,-7.349093556404e-01,-9.486833214760e-01,-9.486833214760e-01,9.645580480094e-01,-1.898955879410e-01,9.830730198206e-01,-1.113756500805e+01,1.931747040385e-01
194,332,0,-7.579241991043e-01,1.072755217552e+00,-9.486833214760e-01,9.486833214760e-01,9.648527465458e-01,-1.659305119637e-01,9.790167298455e-01,-9.757987769172e+00,1.696120992910e-01
195,333,0,-5.473635196686e-01,-8.600370287895e-01,-3.162277638912e-01,-9.486833214760e-01,9.889942842968e-01,-2.473070447567e-01,1.019446157851e+00,-1.403943173222e+01,2.475518130906e-01
196,334,0,-1.101510524750e+00,-7.610496282578e-01,-9.486833214760e-01,-9.486833214760e-01,9.816553695229e-01,-1.794386434255e-01,9.979205836476e-01,-1.035884148420e+01,1.803739233418e-01
197,335,0,8.528041839600e-01,-5.301228761673e-01,9.486833214760e-01,-3.162277638912e-01,9.766806354285e-01,-2.332383607689e-01,1.004144011860e+00,-1.343109514173e+01,2.344012066910e-01
198,336,0,7.494216561317e-01,-1.105658411980e+00,9.486833214760e-01,-9.486833214760e-01,9.777130187264e-01,-1.877532511553e-01,9.955772347270e-01,-1.087035378560e+01,1.890713961806e-01
199,337,0,-4.698435962200e-01,-9.231367707253e-01,-3.162277638912e-01,-9.486833214760e-01,1.024342003488e+00,-1.538113000344e-01,1.035825495017e+00,-8.539517926877e+00,1.557255571577e-01
200,338,0,3.503233194351e-01,2.620409727097e-01,3.162277638912e-01,3.162277638912e-01,9.682329669754e-01,-1.395866473569e-01,9.782430732994e-01,-8.203602648697e+00,1.431557770665e-01
201,339,0,-1.524619013071e-01,9.901117682457e-01,-3.162277638912e-01,9.486833214760e-01,9.875151644965e-01,-1.684627602830e-01,1.001781364227e+00,-9.681040786156e+00,1.689247546090e-01
202,340,0,1.353985369205e-01,-9.963299036026e-01,3.162277638912e-01,-9.486833214760e-01,9.880182962142e-01,-1.866168357418e-01,1.005487939777e+00,-1.069601562212e+01,1.870010818362e-01
203,341,0,1.379310041666e-01,-1.040437579155e+00,3.162277638912e-01,-9.486833214760e-01,1.030663346976e+00,-1.981623974160e-01,1.049540504483e+00,-1.088327052356e+01,2.005207635070e-01
204,342,0,7.356404662132e-01,-1.080633044243e+00,9.486833214760e-01,-9.486833214760e-01,9.572601675079e-01,-1.818270492480e-01,9.743757509993e-01,-1.075494099588e+01,1.867826788535e-01
205,343,0,-2.332076281309e-01,3.414692580700e-01,-3.162277638912e-01,3.162277638912e-01,9.086439456318e-01,-1.711766680555e-01,9.246270986836e-01,-1.066874035498e+01,1.940293285983e-01
206,344,0,8.527460694313e-01,-4.646662473679e-01,9.486833214760e-01,-3.162277638912e-01,9.559263006819e-01,-1.711591288501e-01,9.711284877523e-01,-1.015127270284e+01,1.767425765352e-01
207,345,0,-8.704281449318e-01,4.830427765846e-01,-9.486833214760e-01,3.162277638912e-01,9.785121585671e-01,-1.830010719177e-01,9.954774918533e-01,-1.059306963592e+01,1.842582960208e-01
208,346,0,1.086592793465e+00,7.384622097015e-01,9.486833214760e-01,9.486833214760e-01,9.618884204303e-01,-1.834809234453e-01,9.792316286897e-01,-1.079947662811e+01,1.873972832397e-01
209,347,0,8.746362328529e-01,-5.011573433876e-01,9.486833214760e-01,-3.162277638912e-01,9.882326299281e-01,-1.988553444026e-01,1.008041258507e+00,-1.137730592963e+01,1.992032103051e-01
210,348,0,-2.400567233562e-01,3.798821270466e-01,-3.162277638912e-01,3.162277638912e-01,9.802093952384e-01,-2.210833766931e-01,1.004832482538e+00,-1.271021551883e+01,2.219674018563e-01
211,349,0,-1.202942207456e-01,1.021406769753e+00,-3.162277638912e-01,9.486833214760e-01,1.007031895937e+00,-2.088760489279e-01,1.028466063247e+00,-1.171798969647e+01,2.089943812072e-01
212,350,0,-1.029089212418e+00,-5.091403424740e-02,-9.486833214760e-01,-3.162277638912e-01,9.923801605583e-01,-2.771252734231e-01,1.030347902526e+00,-1.560255769388e+01,2.772300112234e-01
213,351,0,-1.020437955856e+00,-8.236960321665e-02,-9.486833214760e-01,-3.162277638912e-01,9.941199819108e-01,-2.445481336613e-01,1.023756967308e+00,-1.382004704318e+01,2.446188142600e-01
214,352,0,2.966575883329e-02,-9.928814172745e-01,3.162277638912e-01,-9.486833214760e-01,9.513111363480e-01,-2.858332474497e-01,9.933244804631e-01,-1.672354828576e+01,2.899504281621e-01
215,353,0,-2.333340942860e-01,3.753574788570e-01,-3.162277638912e-01,3.162277638912e-01,9.624258883107e-01,-2.245586896347e-01,9.882763761120e-01,-1.313360727870e+01,2.276805194998e-01
216,354,0,3.880112767220e-01,2.540659010410e-01,3.162277638912e-01,3.162277638912e-01,1.015213164496e+00,-2.117862360229e-01,1.037068550837e+00,-1.178362210946e+01,2.123319338741e-01
217,355,0,1.129679083824e+00,6.963900923729e-01,9.486833214760e-01,9.486833214760e-01,9.624229365369e-01,-2.283633440383e-01,9.891449467458e-01,-1.334826495191e+01,2.314343375536e-01
218,356,0,-6.355162262917e-01,1.131575703621e+00,-9.486833214760e-01,9.486833214760e-01,9.313391992405e-01,-2.614462940897e-01,9.673400998280e-01,-1.568053616231e+01,2.703118019144e-01
219,357,0,7.986693978310e-01,-5.146124362946e-01,9.486833214760e-01,-3.162277638912e-01,9.204190374233e-01,-2.356427874156e-01,9.501045877756e-01,-1.436024287419e+01,2.487180187795e-01
220,358,0,-8.344539403915e-01,5.268316864967e-01,-9.486833214760e-01,3.162277638912e-01,9.582313006553e-01,-2.359189203956e-01,9.868459669858e-01,-1.383127813666e+01,2.395878987879e-01
221,359,0,9.895934462547e-01,9.394948929548e-02,9.486833214760e-01,3.162277638912e-01,9.685201926769e-01,-2.238085994681e-01,9.940430839852e-01,-1.301168697179e+01,2.260116533831e-01
222,360,0,6.898571848869e-01,-1.123911976814e+00,9.486833214760e-01,-9.486833214760e-01,9.559402598537e-01,-2.287669563180e-01,9.829323988516e-01,-1.345839709560e+01,2.329712020932e-01
223,361,0,-5.315920114517e-01,-8.662300109863e-01,-3.162277638912e-01,-9.486833214760e-01,9.898820744023e-01,-2.303864857742e-01,1.016338749655e+00,-1.310185100415e+01,2.306085541471e-01
224,362,0,5.032733082771e-01,8.615673780441e-01,3.162277638912e-01,9.486833214760e-01,9.765035526913e-01,-2.049954594703e-01,9.977887185282e-01,-1.185582922641e+01,2.063376394155e-01
225,363,0,-6.817187070847e-01,1.170018434525e+00,-9.486833214760e-01,9.486833214760e-01,9.759511418037e-01,-2.573565469034e-01,1.009313144382e+00,-1.477251051012e+01,2.584777356265e-01
226,364,0,-7.129212617874e-01,1.134744882584e+00,-9.486833214760e-01,9.486833214760e-01,9.738055379199e-01,-2.223205632729e-01,9.988611808141e-01,-1.286026357633e+01,2.238583987650e-01
227,365,0,-5.501787066460e-01,-8.417763710022e-01,-3.162277638912e-01,-9.486833214760e-01,9.725609438059e-01,-2.557522923042e-01,1.005626185238e+00,-1.473338058828e+01,2.572200163745e-01
228,366,0,6.866005659103e-01,-1.155387163162e+00,9.486833214760e-01,-9.486833214760e-01,9.708127503532e-01,-2.470722245451e-01,1.001759492288e+00,-1.427867087191e+01,2.487902322914e-01
229,367,0,8.544495701790e-01,-5.347191691399e-01,9.486833214760e-01,-3.162277638912e-01,9.796950612108e-01,-2.370784702823e-01,1.007972526427e+00,-1.360360724859e+01,2.379464049122e-01
230,368,0,5.590146780014e-01,8.588129281998e-01,3.162277638912e-01,9.486833214760e-01,9.915174201211e-01,-2.587473984421e-01,1.024722894545e+00,-1.462578003935e+01,2.588864043590e-01
231,369,0,5.378151535988e-01,8.495262265205e-01,3.162277638912e-01,9.486833214760e-01,9.760034035978e-01,-2.415724768643e-01,1.005455073791e+00,-1.390199434068e+01,2.427614018275e-01
232,370,0,-5.534993410110e-01,-8.341842889786e-01,-3.162277638912e-01,-9.486833214760e-01,9.664085392600e-01,-2.613033496255e-01,1.001111834552e+00,-1.513018714031e+01,2.634536520152e-01
233,371,0,-1.021073579788e+00,-1.080848649144e-01,-9.486833214760e-01,-3.162277638912e-01,1.002854867062e+00,-2.203534967588e-01,1.026778236974e+00,-1.239245472797e+01,2.203719895989e-01
234,372,0,4.809995368123e-02,-9.869983196259e-01,3.162277638912e-01,-9.486833214760e-01,9.515593439353e-01,-2.664846362724e-01,9.881696445448e-01,-1.564492761932e+01,2.708515433392e-01
235,373,0,-2.322413325310e-01,4.006869494915e-01,-3.162277638912e-01,3.162277638912e-01,1.000747490091e+00,-2.663359075240e-01,1.035582133179e+00,-1.490307910518e+01,2.663369564632e-01
236,374,0,-7.203810662031e-02,1.036830186844e+00,-3.162277638912e-01,9.486833214760e-01,1.006403911455e+00,-2.595331300727e-01,1.039329725639e+00,-1.446047194879e+01,2.596121254627e-01
237,375,0,5.584372282028e-01,8.869230151176e-01,3.162277638912e-01,9.486833214760e-01,1.018002383945e+00,-2.493103919271e-01,1.048086124916e+00,-1.376098081255e+01,2.499595114225e-01
238,376,0,1.155333876610e+00,7.002570629120e-01,9.486833214760e-01,9.486833214760e-01,9.779822715945e-01,-2.398465343471e-01,1.006963595961e+00,-1.377961281699e+01,2.408550194670e-01
239,377,0,1.019190192223e+00,8.434876799583e-02,9.486833214760e-01,3.162277638912e-01,9.935621162389e-01,-2.422759556391e-01,1.022674590232e+00,-1.370389835484e+01,2.423614759572e-01
240,378,0,6.705803871155e-01,-1.092703580856e+00,9.486833214760e-01,-9.486833214760e-01,9.293322271274e-01,-2.224784520740e-01,9.555914660643e-01,-1.346300892356e+01,2.334322080606e-01
241,379,0,-6.893170475960e-01,1.106601953506e+00,-9.486833214760e-01,9.486833214760e-01,9.465323994040e-01,-2.199284505504e-01,9.717469354122e-01,-1.308067352838e+01,2.263345039427e-01
242,380,0,3.594013154507e-01,3.040615618229e-01,3.162277638912e-01,3.162277638912e-01,1.049026924628e+00,-8.749983389633e-02,1.052669800805e+00,-4.768031063132e+00,1.002988547809e-01
243,381,0,-6.858348846436e-01,1.130505919456e+00,-9.486833214760e-01,9.486833214760e-01,9.572956343715e-01,-2.343622074651e-01,9.855661194840e-01,-1.375640673305e+01,2.382211307413e-01
244,382,0,4.696580469608e-01,9.015302658081e-01,3.162277638912e-01,9.486833214760e-01,1.003785597696e+00,-1.604678489954e-01,1.016531089886e+00,-9.082604911287e+00,1.605124958099e-01
245,383,0,-8.615982532501e-01,5.240722298622e-01,-9.486833214760e-01,3.162277638912e-01,9.831100396637e-01,-2.247172850353e-01,1.008465769514e+00,-1.287535707524e+01,2.253511237021e-01
246,384,0,1.063588023186e+00,7.738709449768e-01,9.486833214760e-01,9.486833214760e-01,9.684258838364e-01,-1.526943035945e-01,9.803898422743e-01,-8.960212695533e+00,1.559245816467e-01
247,385,0,2.812373638153e-01,-3.457503914833e-01,3.162277638912e-01,-3.162277638912e-01,9.913546925536e-01,-1.020040537778e-01,9.965886580908e-01,-5.874695279491e+00,1.023697627620e-01
248,386,0,2.678188979626e-01,-3.684257566929e-01,3.162277638912e-01,-3.162277638912e-01,1.005991135671e+00,-1.590734119806e-01,1.018490311907e+00,-8.985557453878e+00,1.591861932008e-01
249,387,0,2.477671056986e-01,-3.725216984749e-01,3.162277638912e-01,-3.162277638912e-01,9.807627207376e-01,-1.972543321958e-01,1.000402312052e+00,-1.137180949795e+01,1.981901725199e-01
250,388,0,-1.080871939659e+00,-7.569260597229e-01,-9.486833214760e-01,-9.486833214760e-01,9.686045689739e-01,-1.707344656551e-01,9.835370195370e-01,-9.996749800132e+00,1.735970358383e-01
251,389,0,-1.931095272303e-01,9.860214591026e-01,-3.162277638912e-01,9.486833214760e-01,9.964886638992e-01,-1.286075679160e-01,1.004753484097e+00,-7.353984724658e+00,1.286554934952e-01
252,390,0,1.809367835522e-01,-9.652403593063e-01,3.162277638912e-01,-9.486833214760e-01,9.729246226224e-01,-1.335840858858e-01,9.820524575128e-01,-7.817918415894e+00,1.363003450548e-01
253,391,0,9.912958741188e-01,1.538813412189e-01,9.486833214760e-01,3.162277638912e-01,9.890873722307e-01,-1.674906085072e-01,1.003168447393e+00,-9.611206770492e+00,1.678457309047e-01
254,392,0,-2.678596973419e-01,4.036300480366e-01,-3.162277638912e-01,3.162277638912e-01,1.061718517558e+00,-2.146717749004e-01,1.083203665736e+00,-1.143068395244e+01,2.233677379311e-01
255,393,0,-1.480722874403e-01,1.018090844154e+00,-3.162277638912e-01,9.486833214760e-01,1.012670328300e+00,-1.814748737957e-01,1.028802373460e+00,-1.015980792602e+01,1.819166486014e-01
256,394,0,8.551130294800e-01,-4.812120497227e-01,9.486833214760e-01,-3.162277638912e-01,9.634040379608e-01,-1.861073564568e-01,9.812152100770e-01,-1.093354232051e+01,1.896713277354e-01
257,395,0,-9.641084074974e-01,-1.125755235553e-01,-9.486833214760e-01,-3.162277638912e-01,9.502330314131e-01,-1.980793157106e-01,9.706586574594e-01,-1.177488247621e+01,2.042355661356e-01
258,396,0,1.086033582687e+00,7.580627202988e-01,9.486833214760e-01,9.486833214760e-01,9.719240663560e-01,-1.728558176180e-01,9.871755286910e-01,-1.008455904262e+01,1.751210773561e-01
259,397,0,2.634356915951e-01,-3.536657691002e-01,3.162277638912e-01,-3.162277638912e-01,9.757230881656e-01,-1.426662801438e-01,9.860979729568e-01,-8.318609702905e+00,1.447170893098e-01
260,398,0,-4.656628668308e-01,-9.145309925079e-01,-3.162277638912e-01,-9.486833214760e-01,1.014855782928e+00,-1.525664978471e-01,1.026259614526e+00,-8.549434477365e+00,1.532880639571e-01
261,399,0,2.302279472351e-01,-3.479267954826e-01,3.162277638912e-01,-3.162277638912e-01,9.141429196530e-01,-1.860982204713e-01,9.328932549946e-01,-1.150684545324e+01,2.049487397089e-01
262,400,0,-7.185266017914e-01,1.120368123055e+00,-9.486833214760e-01,9.486833214760e-01,9.691825940320e-01,-2.117890723734e-01,9.920531799008e-01,-1.232669617931e+01,2.140194469842e-01
263,401,0,-6.975560784340e-01,1.111717343330e+00,-9.486833214760e-01,9.486833214760e-01,9.535707969175e-01,-2.182821472249e-01,9.782353298317e-01,-1.289345037556e+01,2.231653348887e-01
264,402,0,2.070238739252e-01,-3.466407060623e-01,3.162277638912e-01,-3.162277638912e-01,8.754205721449e-01,-2.207535961092e-01,9.028251925648e-01,-1.415312735919e+01,2.534801452576e-01
265,403,0,-6.445547938347e-01,1.134654164314e+00,-9.486833214760e-01,9.486833214760e-01,9.377254336994e-01,-2.583050420435e-01,9.726512652291e-01,-1.540070561416e+01,2.657058831735e-01
266,404,0,1.005662441254e+00,1.091830059886e-01,9.486833214760e-01,3.162277638912e-01,9.885818402807e-01,-2.144382790142e-01,1.011571960089e+00,-1.223871515207e+01,2.147420542837e-01
267,405,0,1.008764803410e-01,-1.009698748589e+00,3.162277638912e-01,-9.486833214760e-01,9.897842636466e-01,-2.235949334038e-01,1.014725373097e+00,-1.272960243224e+01,2.238281830179e-01
268,406,0,9.536816179752e-02,-1.027742505074e+00,3.162277638912e-01,-9.486833214760e-01,1.005160190562e+00,-2.345265196296e-01,1.032157786920e+00,-1.313343532917e+01,2.345832815360e-01
269,407,0,8.729911446571e-01,-5.256373882294e-01,9.486833214760e-01,-3.162277638912e-01,9.944132317683e-01,-2.225993761911e-01,1.019023138990e+00,-1.261765146519e+01,2.226694731209e-01
270,408,0,1.145898342133e+00,6.473304033279e-01,9.486833214760e-01,9.486833214760e-01,9.451145102196e-01,-2.627683693379e-01,9.809631253784e-01,-1.553742390042e+01,2.684392536738e-01
271,409,0,-1.144706130028e+00,-6.514416933060e-01,-9.486833214760e-01,-9.486833214760e-01,9.466529993061e-01,-2.599731783807e-01,9.817015608486e-01,-1.535619516856e+01,2.653901956750e-01
272,410,0,-2.397118210793e-01,3.983632028103e-01,-3.162277638912e-01,3.162277638912e-01,1.008885203560e+00,-2.508498617876e-01,1.039603293147e+00,-1.396291591991e+01,2.510071712146e-01
273,411,0,1.030648827553e+00,9.073755145073e-02,9.486833214760e-01,3.162277638912e-01,1.006453042614e+00,-2.398385620636e-01,1.034635328432e+00,-1.340364303926e+01,2.399253584174e-01
274,412,0,6.960871219635e-01,-1.135003209114e+00,9.486833214760e-01,-9.486833214760e-01,9.650693174561e-01,-2.313290838020e-01,9.924071404962e-01,-1.347959010358e+01,2.339514855599e-01
275,413,0,-5.360210537910e-01,-8.569666147232e-01,-3.162277638912e-01,-9.486833214760e-01,9.824946313408e-01,-2.375175871506e-01,1.010796866249e+00,-1.359047530871e+01,2.381617982334e-01
276,414,0,-1.015805974603e-01,1.011276483536e+00,-3.162277638912e-01,9.486833214760e-01,9.915036957847e-01,-2.234258728380e-01,1.016365435957e+00,-1.269894767258e+01,2.235873606417e-01
277,415,0,-6.134820729494e-02,1.055762648582e+00,-3.162277638912e-01,9.486833214760e-01,1.020984378552e+00,-2.756614286163e-01,1.057543533134e+00,-1.510934740686e+01,2.764589795431e-01
278,416,0,5.609142184258e-01,8.452605009079e-01,3.162277638912e-01,9.486833214760e-01,9.792611463329e-01,-2.648351142766e-01,1.014440747639e+00,-1.513327307470e+01,2.656458879887e-01
279,417,0,7.150994539261e-01,-1.127116322517e+00,9.486833214760e-01,-9.486833214760e-01,9.709329418680e-01,-2.171519511644e-01,9.949199703991e-01,-1.260689734919e+01,2.190887120848e-01
280,418,0,8.810935020447e-01,-5.251588821411e-01,9.486833214760e-01,-3.162277638912e-01,1.001948485851e+00,-2.195832352170e-01,1.025727822323e+00,-1.236129680153e+01,2.195918800536e-01
281,419,0,5.535011291504e-01,8.549738526344e-01,3.162277638912e-01,9.486833214760e-01,9.861318161702e-01,-2.547308090596e-01,1.018500733405e+00,-1.448364911761e+01,2.551080390871e-01
282,420,0,-3.721514046192e-01,-2.121294587851e-01,-3.162277638912e-01,-3.162277638912e-01,9.238291670134e-01,-2.530169139247e-01,9.578506608844e-01,-1.531649283333e+01,2.642339011745e-01
283,421,0,8.845767378807e-01,-5.403912663460e-01,9.486833214760e-01,-3.162277638912e-01,1.010069876040e+00,-2.329324476036e-01,1.036580281324e+00,-1.298596710253e+01,2.331500108300e-01
284,422,0,3.996522426605e-01,2.340385317802e-01,3.162277638912e-01,3.162277638912e-01,1.001953096469e+00,-2.618582708273e-01,1.035605987587e+00,-1.464652771713e+01,2.618655544101e-01
285,423,0,-1.013444304466e+00,-5.119982734323e-02,-9.486833214760e-01,-3.162277638912e-01,9.776284736662e-01,-2.719067922469e-01,1.014736781729e+00,-1.554278929979e+01,2.728255648954e-01
286,424,0,-2.258922010660e-01,3.928685486317e-01,-3.162277638912e-01,3.162277638912e-01,9.783466544553e-01,-2.640127886163e-01,1.013343440713e+00,-1.510188888223e+01,2.648992637329e-01
287,425,0,1.014079928398e+00,1.009671762586e-01,9.486833214760e-01,3.162277638912e-01,9.939692962471e-01,-2.248943423378e-01,1.019093924571e+00,-1.274901586016e+01,2.249751866391e-01
288,426,0,-6.644196510315e-01,1.143564224243e+00,-9.486833214760e-01,9.486833214760e-01,9.528911462582e-01,-2.525313570740e-01,9.857857895725e-01,-1.484308122109e+01,2.568877778457e-01
289,427,0,-2.398988306522e-01,4.296844601631e-01,-3.162277638912e-01,3.162277638912e-01,1.058704148200e+00,-3.000774302287e-01,1.100409440867e+00,-1.582476734185e+01,3.057656637828e-01
290,428,0,-7.314805686474e-02,1.025895118713e+00,-3.162277638912e-01,9.486833214760e-01,9.963809922160e-01,-2.550221668396e-01,1.028499580568e+00,-1.435656437290e+01,2.550478441331e-01
291,429,0,-1.000928163528e+00,-6.397183984518e-02,-9.486833214760e-01,-3.162277638912e-01,9.697934848009e-01,-2.558322464361e-01,1.002970359222e+00,-1.477800460491e+01,2.576093396541e-01
292,430,0,-5.480471253395e-01,-8.155232071877e-01,-3.162277638912e-01,-9.486833214760e-01,9.469809410716e-01,-2.620320756879e-01,9.825648637327e-01,-1.546690411596e+01,2.673421577286e-01
293,431,0,5.596637725830e-01,8.429765105247e-01,3.162277638912e-01,9.486833214760e-01,9.766989371677e-01,-2.643710983527e-01,1.011846278596e+00,-1.514578601218e+01,2.653959629937e-01
294,432,0,-2.137632519007e-01,4.074652791023e-01,-3.162277638912e-01,3.162277638912e-01,9.822485593275e-01,-3.062697987332e-01,1.028889411899e+00,-1.731772830987e+01,3.067838054103e-01
295,433,0,2.315506786108e-01,-3.722098469734e-01,3.162277638912e-01,-3.162277638912e-01,9.546292174901e-01,-2.224016744004e-01,9.801935766275e-01,-1.311437522590e+01,2.269824061060e-01
296,434,0,-4.526939988136e-02,9.845603108406e-01,-3.162277638912e-01,9.486833214760e-01,9.483513461027e-01,-2.683989693039e-01,9.856004679271e-01,-1.580238222151e+01,2.733232338693e-01
297,435,0,6.623772531748e-02,-9.811288118362e-01,3.162277638912e-01,-9.486833214760e-01,9.517267067493e-01,-2.474215343306e-01,9.833621611545e-01,-1.457267057077e+01,2.520867439826e-01
298,436,0,-2.185068428516e-01,3.576613962650e-01,-3.162277638912e-01,3.162277638912e-01,9.110019816522e-01,-2.200226692639e-01,9.371950627080e-01,-1.357790094986e+01,2.373407303011e-01
299,437,0,2.329105436802e-01,-3.571409285069e-01,3.162277638912e-01,-3.162277638912e-01,9.329533006944e-01,-1.964254866461e-01,9.534069608938e-01,-1.188949694434e+01,2.075529611736e-01
300,438,0,-5.411816015840e-02,9.829653501511e-01,-3.162277638912e-01,9.486833214760e-01,9.496364571184e-01,-2.594999275445e-01,9.844539669705e-01,-1.528365215321e+01,2.643420111280e-01
301,439,0,7.160135507584e-01,-1.120585560799e+00,9.486833214760e-01,-9.486833214760e-01,9.679726996252e-01,-2.132281662815e-01,9.911798011034e-01,-1.242289708063e+01,2.156200335429e-01
302,440,0,2.771343588829e-01,-3.878006935120e-01,3.162277638912e-01,-3.162277638912e-01,1.051354637893e+00,-1.749788400413e-01,1.065816198545e+00,-9.449228286412e+00,1.823592424180e-01
303,441,0,1.019665956497e+00,9.916745126247e-02,9.486833214760e-01,3.162277638912e-01,9.986995447230e-01,-2.283681684499e-01,1.024476842584e+00,-1.288012579335e+01,2.283718711775e-01
304,442,0,1.392785161734e-01,-1.009194612503e+00,3.162277638912e-01,-9.486833214760e-01,1.001449787568e+00,-1.870041422490e-01,1.018760141661e+00,-1.057721919141e+01,1.870097620507e-01
305,443,0,7.077553868294e-01,-1.119945526123e+00,9.486833214760e-01,-9.486833214760e-01,9.632829372972e-01,-2.172432728407e-01,9.874759019249e-01,-1.270894820115e+01,2.203242662261e-01
306,444,0,-8.453992009163e-02,9.966785907745e-01,-3.162277638912e-01,9.486833214760e-01,9.722661839232e-01,-2.349758197610e-01,1.000257550970e+00,-1.358663106081e+01,2.366068478015e-01
307,445,0,-2.253074795008e-01,3.992477953434e-01,-3.162277638912e-01,3.162277638912e-01,9.875086032278e-01,-2.750237893445e-01,1.025090886778e+00,-1.556266224774e+01,2.753073186436e-01
308,446,0,8.554459214211e-01,-5.312432646751e-01,9.486833214760e-01,-3.162277638912e-01,9.795411055268e-01,-2.334658639200e-01,1.006979188977e+00,-1.340588122974e+01,2.343605683108e-01
309,447,0,-9.716576933861e-01,-1.131760850549e-01,-9.486833214760e-01,-3.162277638912e-01,9.575848269279e-01,-1.998968667497e-01,9.782266905472e-01,-1.179122649754e+01,2.043472638502e-01
310,448,0,4.878070652485e-01,8.931987285614e-01,3.162277638912e-01,9.486833214760e-01,1.001620830831e+00,-1.803201824837e-01,1.017722780017e+00,-1.020554912164e+01,1.803274668583e-01
311,449,0,-8.395223021507e-01,5.166268944740e-01,-9.486833214760e-01,3.162277638912e-01,9.598125322929e-01,-2.246350481852e-01,9.857489548662e-01,-1.317244433932e+01,2.282015281147e-01
312,450,0,3.549233675003e-01,2.446985989809e-01,3.162277638912e-01,3.162277638912e-01,9.480855809477e-01,-1.742806627145e-01,9.639709633579e-01,-1.041604146293e+01,1.818484432206e-01
313,451,0,-8.426674604416e-01,5.218376517296e-01,-9.486833214760e-01,3.162277638912e-01,9.644440774223e-01,-2.285838201422e-01,9.911624192360e-01,-1.333369190740e+01,2.313326316393e-01
314,452,0,1.123104095459e+00,7.184208035469e-01,9.486833214760e-01,9.486833214760e-01,9.705688174958e-01,-2.132868169762e-01,9.937278781392e-01,-1.239399837703e+01,2.153078280032e-01
315,453,0,2.562680244446e-01,-4.079491794109e-01,3.162277638912e-01,-3.162277638912e-01,1.050219619685e+00,-2.398289655214e-01,1.077255393245e+00,-1.286353069985e+01,2.450304938256e-01
316,454,0,8.080001920462e-02,-1.018934130669e+00,3.162277638912e-01,-9.486833214760e-01,9.921969820774e-01,-2.455616205151e-01,1.022132751023e+00,-1.390096266386e+01,2.456855644085e-01
317,455,0,2.125701159239e-01,-4.202427864075e-01,3.162277638912e-01,-3.162277638912e-01,1.000565058780e+00,-3.283593254560e-01,1.053067084029e+00,-1.816848529768e+01,3.283598116478e-01
318,456,0,-5.345388650894e-01,-8.612056374550e-01,-3.162277638912e-01,-9.486833214760e-01,9.860474121339e-01,-2.347709628889e-01,1.013610824721e+00,-1.339237510155e+01,2.351852030294e-01
319,457,0,6.561501026154e-01,-1.144879817963e+00,9.486833214760e-01,-9.486833214760e-01,9.492260904176e-01,-2.575831704235e-01,9.835544013499e-01,-1.518224419348e+01,2.625396723920e-01
320,458,0,-3.376271575689e-02,9.893417358398e-01,-3.162277638912e-01,9.486833214760e-01,9.492486712232e-01,-2.808271874183e-01,9.899176475911e-01,-1.648040557534e+01,2.853762543834e-01
321,459,0,-3.874840438366e-01,-2.075626552105e-01,-3.162277638912e-01,-3.162277638912e-01,9.408514479010e-01,-2.844806958316e-01,9.829194846569e-01,-1.682348749051e+01,2.905646529023e-01
322,460,0,1.016660571098e+00,3.677382692695e-02,9.486833214760e-01,3.162277638912e-01,9.761177903891e-01,-2.866095704088e-01,1.017325408394e+00,-1.636339464452e+01,2.876028612268e-01
323,461,0,-1.984097361565e-01,4.016324281693e-01,-3.162277638912e-01,3.162277638912e-01,9.487499720804e-01,-3.213232916555e-01,1.001686162070e+00,-1.871024774481e+01,3.253847309296e-01
324,462,0,-6.966852545738e-01,1.145661950111e+00,-9.486833214760e-01,9.486833214760e-01,9.710022106317e-01,-2.366314898627e-01,9.994197091544e-01,-1.369591544002e+01,2.384016228613e-01
325,463,0,-1.138118743896e+00,-6.685671210289e-01,-9.486833214760e-01,-9.486833214760e-01,9.522070347534e-01,-2.474754284375e-01,9.838405992407e-01,-1.456867005138e+01,2.520481208170e-01
326,464,0,8.373023271561e-01,-5.811631083488e-01,9.486833214760e-01,-3.162277638912e-01,9.781146208562e-01,-2.865614929787e-01,1.019227992547e+00,-1.632917697749e+01,2.873959969771e-01
327,465,0,6.993215680122e-01,-1.137939333916e+00,9.486833214760e-01,-9.486833214760e-01,9.683214937675e-01,-2.311718547033e-01,9.955334960207e-01,-1.342716079098e+01,2.333322827302e-01
328,466,0,-3.900040388107e-01,-2.573114931583e-01,-3.162277638912e-01,-3.162277638912e-01,1.023495729793e+00,-2.098053378040e-01,1.044778344279e+00,-1.158451986510e+01,2.111168612156e-01
329,467,0,-1.185700535774e+00,-6.522026062012e-01,-9.486833214760e-01,-9.486833214760e-01,9.686599839849e-01,-2.811780904628e-01,1.008644279779e+00,-1.618670908245e+01,2.829192732214e-01
330,468,0,-1.192458510399e+00,-6.251825690269e-01,-9.486833214760e-01,-3.162277638912e-01,1.328965528913e+00,2.160117785263e-01,1.346406500839e+00,9.232191406025e+00,3.935472114946e-01
331,469,0,-1.165926694870e+00,-6.044418215752e-01,-9.486833214760e-01,-3.162277638912e-01,1.297236439212e+00,2.047254745270e-01,1.313291627606e+00,8.968259854406e+00,3.609183019960e-01
332,470,0,7.812680006027e-01,-6.156522035599e-01,9.486833214760e-01,-3.162277638912e-01,9.358622011033e-01,-3.370003299913e-01,9.946895404437e-01,-1.980375067417e+01,3.430493837067e-01
333,471,0,-5.582276582718e-01,-8.402810096741e-01,-3.162277638912e-01,-9.486833214760e-01,9.736876213801e-01,-2.638610728865e-01,1.008806349015e+00,-1.516251090740e+01,2.651697702482e-01
334,472,0,5.737460255623e-01,-1.156411886215e+00,3.162277638912e-01,-9.486833214760e-01,1.278503036808e+00,1.786137326003e-01,1.290919393533e+00,7.953052861143e+00,3.308576838830e-01
335,473,0,-5.720986127853e-01,1.161796331406e+00,-3.162277638912e-01,9.486833214760e-01,1.283090212299e+00,1.753481486537e-01,1.295016396087e+00,7.781881355220e+00,3.329970593498e-01
336,474,0,1.007390141487e+00,3.989175334573e-02,9.486833214760e-01,3.162277638912e-01,9.683090636700e-01,-2.807200786453e-01,1.008179649338e+00,-1.616727120093e+01,2.825032353799e-01
337,475,0,8.442085385323e-01,-5.708319544792e-01,9.486833214760e-01,-3.162277638912e-01,9.813994305752e-01,-2.745765643471e-01,1.019086420291e+00,-1.563059131094e+01,2.752058699803e-01
338,476,0,-2.030995935202e-01,3.968052864075e-01,-3.162277638912e-01,3.162277638912e-01,9.485329063864e-01,-3.062755946912e-01,9.967544403720e-01,-1.789495741755e+01,3.105698015398e-01
339,477,0,-7.658945769072e-02,1.005044937134e+00,-3.162277638912e-01,9.486833214760e-01,9.776890399952e-01,-2.451639614008e-01,1.007958941077e+00,-1.407714545982e+01,2.461770641349e-01
340,478,0,-1.167098641396e+00,-6.305968761444e-01,-9.486833214760e-01,-3.162277638912e-01,1.306619199351e+00,2.291677354864e-01,1.326563825491e+00,9.947916673394e+00,3.827965313303e-01
341,479,0,-1.006246447563e+00,-8.496918529272e-02,-9.486833214760e-01,-3.162277638912e-01,9.814787952584e-01,-2.375942048689e-01,1.009827525734e+00,-1.360824424043e+01,2.383150041696e-01
342,480,0,6.432679891586e-01,-1.153920888901e+00,9.486833214760e-01,-9.486833214760e-01,9.472016833095e-01,-2.691377028467e-01,9.846959591457e-01,-1.586195861355e+01,2.742676891998e-01
343,481,0,8.531897068024e-01,-5.652987360954e-01,9.486833214760e-01,-3.162277638912e-01,9.881699575519e-01,-2.664871979418e-01,1.023472174353e+00,-1.509235103470e+01,2.667496514922e-01
344,482,0,-3.871531188488e-01,-2.659452259541e-01,-3.162277638912e-01,-3.162277638912e-01,1.032639159773e+00,-1.916465072568e-01,1.050272354220e+00,-1.051384719122e+01,1.944060145530e-01
345,483,0,-5.347921252251e-01,-8.224525451660e-01,-3.162277638912e-01,-9.486833214760e-01,9.493630892913e-01,-2.472660297355e-01,9.810355573422e-01,-1.459861349627e+01,2.523976746867e-01
346,484,0,5.679709315300e-01,8.124116659164e-01,3.162277638912e-01,9.486833214760e-01,9.503295342990e-01,-2.819174132025e-01,9.912636640307e-01,-1.652310926585e+01,2.862596426843e-01
347,485,0,6.735211610794e-01,-1.130051970482e+00,9.486833214760e-01,-9.486833214760e-01,9.505664802641e-01,-2.406128573506e-01,9.805463683702e-01,-1.420467678020e+01,2.456383927564e-01
348,486,0,6.758209466934e-01,-1.142695665359e+00,9.486833214760e-01,-9.486833214760e-01,9.584423858236e-01,-2.460645760799e-01,9.895249277024e-01,-1.439878846113e+01,2.495492153813e-01
349,487,0,1.194246768951e+00,6.431239247322e-01,9.486833214760e-01,9.486833214760e-01,9.683793591022e-01,-2.904672358747e-01,1.011004351253e+00,-1.669671621750e+01,2.921832987142e-01
350,488,0,9.927552342415e-01,6.047663092613e-02,9.486833214760e-01,3.162277638912e-01,9.609346813798e-01,-2.565635856583e-01,9.945955637164e-01,-1.494891382250e+01,2.595206593024e-01
351,489,0,-9.908062219620e-01,-5.045887827873e-02,-9.486833214760e-01,-3.162277638912e-01,9.559177946342e-01,-2.654509283356e-01,9.920902304995e-01,-1.551955960537e+01,2.690862987670e-01
352,490,0,3.973350822926e-01,2.208305895329e-01,3.162277638912e-01,3.162277638912e-01,9.774057537182e-01,-2.790781090626e-01,1.016467706501e+00,-1.593560339729e+01,2.799912336538e-01
353,491,0,4.011244177818e-01,2.080577462912e-01,3.162277638912e-01,3.162277638912e-01,9.632015806850e-01,-3.052652131409e-01,1.010417802391e+00,-1.758484816684e+01,3.074751600017e-01
354,492,0,-1.168353199959e+00,-6.097142100334e-01,-9.486833214760e-01,-3.162277638912e-01,1.301205699561e+00,2.089599730608e-01,1.317877286742e+00,9.123206687509e+00,3.665912489263e-01
355,493,0,-5.351401865482e-02,9.746648073196e-01,-3.162277638912e-01,9.486833214760e-01,9.415708246059e-01,-2.574482045026e-01,9.761327756769e-01,-1.529227611641e+01,2.639953532523e-01
356,494,0,5.196132138371e-02,-9.786990284920e-01,3.162277638912e-01,-9.486833214760e-01,9.449070168174e-01,-2.601969551288e-01,9.800774081107e-01,-1.539584053003e+01,2.659655847178e-01
357,495,0,4.082725644112e-01,1.971944719553e-01,3.162277638912e-01,3.162277638912e-01,9.573274479700e-01,-3.337437704054e-01,1.013834674353e+00,-1.921959127908e+01,3.364607718311e-01
358,496,0,2.083298861980e-01,-4.041508734226e-01,3.162277638912e-01,-3.162277638912e-01,9.684171182252e-01,-3.096201687274e-01,1.016708593332e+00,-1.773000228285e+01,3.112268100662e-01
359,497,0,-1.169605374336e+00,-6.341373920441e-01,-9.486833214760e-01,-9.486833214760e-01,9.506558856616e-01,-2.822163993877e-01,9.916615899723e-01,-1.653430797615e+01,2.864977097695e-01
360,498,0,-8.513531684875e-01,5.741212368011e-01,-9.486833214760e-01,3.162277638912e-01,9.892175839084e-01,-2.754377212339e-01,1.026848268534e+00,-1.555932834231e+01,2.756486872366e-01
361,499,0,-1.038108944893e+00,-6.442260462791e-03,-9.486833214760e-01,-3.162277638912e-01,9.868738209789e-01,-3.221671913791e-01,1.038128911906e+00,-1.807938868722e+01,3.224344829214e-01
362,500,0,-1.027024030685e+00,-1.381474640220e-02,-9.486833214760e-01,-3.162277638912e-01,9.786891328460e-01,-3.116676797504e-01,1.027116917080e+00,-1.766429549693e+01,3.123954155551e-01
363,501,0,-1.035584807396e+00,1.863427925855e-03,-9.486833214760e-01,3.162277638912e-01,9.830312600257e-01,3.257128509295e-01,1.035586461600e+00,1.833185055538e+01,3.261545636611e-01
364,502,0,-1.028741121292e+00,-3.763394802809e-02,-9.486833214760e-01,-3.162277638912e-01,9.878504005390e-01,-2.896137931106e-01,1.029429241378e+00,-1.633985825635e+01,2.898685252437e-01
365,503,0,-5.512027144432e-01,-8.299131393433e-01,-3.162277638912e-01,-9.486833214760e-01,9.616303139594e-01,-2.604752344390e-01,9.962831969283e-01,-1.515593823232e+01,2.632861191991e-01
366,504,0,1.157188653946e+00,6.352104544640e-01,9.486833214760e-01,9.486833214760e-01,9.446772531118e-01,-2.751066597597e-01,9.839201119964e-01,-1.623649039400e+01,2.806141132719e-01
367,505,0,-1.420042477548e-02,1.026231408119e+00,-3.162277638912e-01,9.486833214760e-01,9.780591472739e-01,-3.110511438751e-01,1.026329630125e+00,-1.764217145223e+01,3.118240130656e-01
368,506,0,9.838936328888e-01,5.782380700111e-02,9.486833214760e-01,3.162277638912e-01,9.516889317956e-01,-2.562779911028e-01,9.855913106486e-01,-1.507152211462e+01,2.607918097540e-01
369,507,0,-1.105162858963e+00,-6.901808381081e-01,-9.486833214760e-01,-9.486833214760e-01,9.462291875638e-01,-2.187147235862e-01,9.711775356293e-01,-1.301497476824e+01,2.252275084963e-01
370,508,0,3.659859299660e-01,2.378549724817e-01,3.162277638912e-01,3.162277638912e-01,9.547563044708e-01,-2.025928335760e-01,9.760140660580e-01,-1.198008157956e+01,2.075833524189e-01
371,509,0,-6.625267863274e-01,1.146985650063e+00,-9.486833214760e-01,9.486833214760e-01,9.536967686829e-01,-2.553322340386e-01,9.872852051638e-01,-1.498822567450e+01,2.594967031959e-01
372,510,0,3.923362195492e-01,2.541699409485e-01,3.162277638912e-01,3.162277638912e-01,1.022216001123e+00,-2.184600695722e-01,1.045299170070e+00,-1.206333816768e+01,2.195867771597e-01
373,511,0,-2.266379743814e-01,3.819650411606e-01,-3.162277638912e-01,3.162277638912e-01,9.622858664481e-01,-2.455936582984e-01,9.931315792795e-01,-1.431733411697e+01,2.484725354359e-01
374,512,0,-6.050063967705e-01,-8.101158738136e-01,-3.162277638912e-01,-9.486833214760e-01,9.598631965682e-01,-3.177783330366e-01,1.011098622823e+00,-1.831796583833e+01,3.203030314206e-01
375,513,0,-4.047989547253e-01,-2.285950928926e-01,-3.162277638912e-01,-3.162277638912e-01,1.001483930165e+00,-2.786027698271e-01,1.039514100786e+00,-1.554603300834e+01,2.786067217496e-01
376,514,0,2.015176117420e-01,-4.039088487625e-01,3.162277638912e-01,-3.162277638912e-01,9.572632918987e-01,-3.200086458729e-01,1.009335694133e+00,-1.848454089443e+01,3.228497477973e-01
377,515,0,-8.231226801872e-01,5.996950268745e-01,-9.486833214760e-01,3.162277638912e-01,9.705229337556e-01,-3.086264121017e-01,1.018412994415e+00,-1.764067039618e+01,3.100309011714e-01
378,516,0,-2.025017142296e-01,3.908157944679e-01,-3.162277638912e-01,3.162277638912e-01,9.381173578763e-01,-2.977507065179e-01,9.842355715888e-01,-1.760900863935e+01,3.041133746288e-01
379,517,0,1.010218501091e+00,2.375639230013e-02,9.486833214760e-01,3.162277638912e-01,9.658898322146e-01,-2.969218316899e-01,1.010497769473e+00,-1.708782368532e+01,2.988746855799e-01
380,518,0,-5.799431800842e-01,1.176519513130e+00,-3.162277638912e-01,9.486833214760e-01,1.299538518506e+00,1.781342798601e-01,1.311690581937e+00,7.805177892457e+00,3.485041545381e-01
381,519,0,-8.106241822243e-01,5.794878602028e-01,-9.486833214760e-01,3.162277638912e-01,9.522757508500e-01,-2.934085828247e-01,9.964525588969e-01,-1.712474803713e+01,2.972645293877e-01
382,520,0,1.218657754362e-02,-1.019678950310e+00,3.162277638912e-01,-9.486833214760e-01,9.712061057238e-01,-3.108895780818e-01,1.019751748984e+00,-1.775021686028e+01,3.122201436607e-01
383,521,0,-2.063369452953e-01,3.724380135536e-01,-3.162277638912e-01,3.162277638912e-01,9.151235674677e-01,-2.626288505070e-01,9.520635781572e-01,-1.601280727072e+01,2.760034817136e-01
384,522,0,5.541008710861e-01,8.727722167969e-01,3.162277638912e-01,9.486833214760e-01,1.003206481716e+00,-2.496714375492e-01,1.033808043925e+00,-1.397547657071e+01,2.496920268108e-01
385,523,0,5.627806186676e-01,8.297016024590e-01,3.162277638912e-01,9.486833214760e-01,9.650908870596e-01,-2.715258924339e-01,1.002560088248e+00,-1.571381366421e+01,2.737607649542e-01
386,524,0,7.435305416584e-02,-1.016237616539e+00,3.162277638912e-01,-9.486833214760e-01,9.876001349565e-01,-2.508250358612e-01,1.018953985802e+00,-1.425035718810e+01,2.511313506272e-01
387,525,0,-1.010986328125e+00,-9.600757807493e-02,-9.486833214760e-01,-3.162277638912e-01,9.894660868154e-01,-2.286211479585e-01,1.015534719373e+00,-1.301016469007e+01,2.288636987834e-01
388,526,0,-8.758309483528e-01,5.248278975487e-01,-9.486833214760e-01,3.162277638912e-01,9.968513226377e-01,-2.209334011826e-01,1.021040707907e+00,-1.249653668894e+01,2.209558370518e-01
389,527,0,-3.872792720795e-01,-2.268246859312e-01,-3.162277638912e-01,-3.162277638912e-01,9.709836202458e-01,-2.537009783294e-01,1.003580279395e+00,-1.464302094070e+01,2.553549229981e-01
390,528,0,4.272728562355e-01,1.989537477493e-01,3.162277638912e-01,3.162277638912e-01,9.901512066478e-01,-3.610042105043e-01,1.053908654499e+00,-2.003160430237e+01,3.611385312208e-01
391,529,0,8.063793778419e-01,-6.063750386238e-01,9.486833214760e-01,-3.162277638912e-01,9.567512478461e-01,-3.202583243949e-01,1.008929306046e+00,-1.850720755528e+01,3.231653584577e-01
392,530,0,-1.148059129715e+00,-6.210377812386e-01,-9.486833214760e-01,-3.162277638912e-01,1.285533881872e+00,2.261200039165e-01,1.305269174390e+00,9.976038053637e+00,3.642250044523e-01
393,531,0,1.167599320412e+00,5.560189485550e-01,9.486833214760e-01,3.162277638912e-01,1.283510574902e+00,1.582585738827e-01,1.293230517770e+00,7.029167678708e+00,3.246906562999e-01
394,532,0,8.069399595261e-01,-6.384120583534e-01,9.486833214760e-01,-9.486833214760e-01,7.617673807266e-01,8.882200063897e-02,7.669282170689e-01,6.650650954749e+00,2.542520967138e-01
395,533,0,-4.006050229073e-01,-2.240647524595e-01,-3.162277638912e-01,-3.162277638912e-01,9.876896444514e-01,-2.791346785548e-01,1.026375663453e+00,-1.578102171450e+01,2.794060014130e-01
396,534,0,3.930680453777e-01,2.090056985617e-01,3.162277638912e-01,3.162277638912e-01,9.519621815156e-01,-2.910281256635e-01,9.954543510193e-01,-1.699912367970e+01,2.949661030220e-01
397,535,0,6.148350611329e-02,9.736912846565e-01,3.162277638912e-01,9.486833214760e-01,9.431674330218e-01,2.495798301143e-01,9.756305132133e-01,1.482181689383e+01,2.559688111259e-01
398,536,0,5.465822815895e-01,-1.173224329948e+00,3.162277638912e-01,-9.486833214760e-01,1.285862791438e+00,1.475273815971e-01,1.294298051735e+00,6.544943099562e+00,3.216859708621e-01
399,537,0,-5.721700191498e-01,1.145206570625e+00,-3.162277638912e-01,9.486833214760e-01,1.267374364291e+00,1.806620334067e-01,1.280186138645e+00,8.112758893701e+00,3.226884271165e-01
400,538,0,-7.844126224518e-01,5.880008935928e-01,-9.486833214760e-01,3.162277638912e-01,9.301013397326e-01,-3.097735778466e-01,9.803306440708e-01,-1.842052162297e+01,3.175617927885e-01
401,539,0,7.739009261131e-01,-5.907140970230e-01,9.486833214760e-01,-3.162277638912e-01,9.209870593822e-01,-3.156716386622e-01,9.735839701871e-01,-1.891933617698e+01,3.254099387553e-01
402,540,0,-9.936432242393e-01,-6.622962653637e-02,-9.486833214760e-01,-3.162277638912e-01,9.635963595032e-01,-2.513866219889e-01,9.958479692015e-01,-1.462163438611e+01,2.540087769279e-01
403,541,0,-8.119081147015e-03,-1.009267330170e+00,-3.162277638912e-01,-9.486833214760e-01,9.600425205385e-01,3.114559006937e-01,1.009299964985e+00,1.797404061764e+01,3.140085639625e-01
404,542,0,1.011375904083e+00,1.273554004729e-02,9.486833214760e-01,3.162277638912e-01,9.635027417683e-01,-3.077431329044e-01,1.011456063922e+00,-1.771350126493e+01,3.098997994647e-01
405,543,0,1.924515329301e-02,9.705791473389e-01,3.162277638912e-01,9.486833214760e-01,9.268580610946e-01,2.886665050519e-01,9.707699091726e-01,1.729900631986e+01,2.977886740051e-01
406,544,0,5.594727993011e-01,-1.152395129204e+00,3.162277638912e-01,-9.486833214760e-01,1.270178816359e+00,1.663431715194e-01,1.281024697747e+00,7.461019861915e+00,3.172800711049e-01
407,545,0,-5.719856619835e-01,1.133620500565e+00,-3.162277638912e-01,9.486833214760e-01,1.256324554485e+00,1.841509737150e-01,1.269749174964e+00,8.338982261096e+00,3.156166319322e-01
408,546,0,1.003392457962e+00,2.137240488082e-03,9.486833214760e-01,3.162277638912e-01,9.525775034855e-01,-3.152729752926e-01,1.003394712512e+00,-1.831290762616e+01,3.188196074985e-01
409,547,0,2.160891145468e-01,-4.233641326427e-01,3.162277638912e-01,-3.162277638912e-01,1.011064365951e+00,-3.277305818209e-01,1.062853934629e+00,-1.795979762636e+01,3.279172981935e-01
410,548,0,1.745459288359e-01,-4.351755082607e-01,3.162277638912e-01,-3.162277638912e-01,9.640542462083e-01,-4.120915510671e-01,1.048436949031e+00,-2.314461548901e+01,4.136563110561e-01
411,549,0,-1.150914311409e+00,-6.056839227676e-01,-9.486833214760e-01,-3.162277638912e-01,1.283387228886e+00,2.106511674090e-01,1.300560146091e+00,9.321235622258e+00,3.531037182283e-01
412,550,0,1.126327276230e+00,6.047986149788e-01,9.486833214760e-01,3.162277638912e-01,1.259781960802e+00,2.175863935318e-01,1.278434365704e+00,9.799305073501e+00,3.388665014553e-01
413,551,0,-9.968062043190e-01,-2.877146564424e-02,-9.486833214760e-01,-3.162277638912e-01,9.547517158737e-01,-2.879227750234e-01,9.972213211424e-01,-1.678164196941e+01,2.914565689662e-01
414,552,0,-8.621219992638e-01,5.614773035049e-01,-9.486833214760e-01,3.162277638912e-01,9.954354310365e-01,-2.600372299856e-01,1.028839666003e+00,-1.464018802645e+01,2.600772890285e-01
415,553,0,-4.398710727692e-01,-2.393939942122e-01,-3.162277638912e-01,-3.162277638912e-01,1.074012380543e+00,-3.169820955790e-01,1.119812592570e+00,-1.644334403374e+01,3.255080358322e-01
416,554,0,-1.167578101158e+00,-6.677594780922e-01,-9.486833214760e-01,-9.486833214760e-01,9.673078137365e-01,-2.634275378049e-01,1.002536021393e+00,-1.523396348560e+01,2.654483880468e-01
417,555,0,1.907326430082e-01,-3.906070888042e-01,3.162277638912e-01,-3.162277638912e-01,9.191788296180e-01,-3.160292495139e-01,9.719898185507e-01,-1.897383763941e+01,3.262001657422e-01
418,556,0,-3.762733563781e-02,9.824927449226e-01,-3.162277638912e-01,9.486833214760e-01,9.439732481017e-01,-2.749950461621e-01,9.832129822909e-01,-1.624171639003e+01,2.806443876902e-01
419,557,0,9.531637653708e-03,-9.705510735512e-01,3.162277638912e-01,-9.486833214760e-01,9.237597447639e-01,-2.978726772239e-01,9.705978559026e-01,-1.787227304862e+01,3.074747279940e-01
420,558,0,6.096013784409e-01,7.524523139000e-01,3.162277638912e-01,9.486833214760e-01,9.066118020952e-01,-3.403723331454e-01,9.683998579456e-01,-2.057781162162e+01,3.529513857159e-01
421,559,0,5.929201245308e-01,-1.175636172295e+00,3.162277638912e-01,-9.486833214760e-01,1.302804177772e+00,1.907246269748e-01,1.316690779551e+00,8.328679650841e+00,3.578634563783e-01
422,560,0,4.167713820934e-01,1.906328350306e-01,3.162277638912e-01,3.162277638912e-01,9.603903997072e-01,-3.575564401434e-01,1.024790870245e+00,-2.042046093268e+01,3.597436981009e-01
423,561,0,4.084906876087e-01,1.845230907202e-01,3.162277638912e-01,3.162277638912e-01,9.376371179934e-01,-3.541238665015e-01,1.002280937594e+00,-2.069039182941e+01,3.595731384268e-01
424,562,0,-5.500466749072e-02,-1.004493832588e+00,-3.162277638912e-01,-9.486833214760e-01,9.703405066821e-01,2.654668164279e-01,1.005998672729e+00,1.530064233647e+01,2.671185432878e-01
425,563,0,-1.009934186935e+00,1.772297546268e-02,-9.486833214760e-01,3.162277638912e-01,9.637121742959e-01,3.025557253427e-01,1.010089660289e+00,1.742958824163e+01,3.047240936191e-01
426,564,0,6.012886762619e-01,8.027194738388e-01,3.162277638912e-01,9.486833214760e-01,9.516707091830e-01,-3.165903406723e-01,1.002948943129e+00,-1.840063051062e+01,3.202579650186e-01
427,565,0,-7.726059556007e-01,6.628850102425e-01,-9.486833214760e-01,9.486833214760e-01,7.565701500949e-01,5.782801429858e-02,7.587769575128e-01,4.370872062241e+00,2.502042586819e-01
428,566,0,1.795130409300e-02,1.014901041985e+00,3.162277638912e-01,9.486833214760e-01,9.684963504871e-01,3.039097711866e-01,1.015059766679e+00,1.742162119210e+01,3.055382610335e-01
429,567,0,-2.226381450891e-01,4.322269260883e-01,-3.162277638912e-01,3.162277638912e-01,1.035432599465e+00,-3.313889622153e-01,1.087170323506e+00,-1.774720796852e+01,3.332778321206e-01
430,568,0,-5.858476161957e-01,1.199692368507e+00,-3.162277638912e-01,9.486833214760e-01,1.323389365514e+00,1.764078197573e-01,1.335095176992e+00,7.592767598446e+00,3.683753528662e-01
431,569,0,3.911485671997e-01,2.327166348696e-01,3.162277638912e-01,3.162277638912e-01,9.864175023606e-01,-2.505028818163e-01,1.017728442543e+00,-1.424916789281e+01,2.508708393584e-01
432,570,0,-2.044614404440e-01,3.899242281914e-01,-3.162277638912e-01,3.162277638912e-01,9.398062670421e-01,-2.932424172142e-01,9.844932375721e-01,-1.732919191481e+01,2.993566447250e-01
433,571,0,-6.353570818901e-01,-8.076294064522e-01,-9.486833214760e-01,-9.486833214760e-01,7.605206372224e-01,9.079548499601e-02,7.659213143246e-01,6.808088322148e+00,2.561136179356e-01
434,572,0,-8.346595764160e-01,5.870143771172e-01,-9.486833214760e-01,3.162277638912e-01,9.774578209731e-01,-2.929482049505e-01,1.020412878479e+00,-1.668369375936e+01,2.938142280745e-01
435,573,0,5.736775398254e-01,8.669461011887e-01,3.162277638912e-01,9.486833214760e-01,1.003870029161e+00,-2.700858753033e-01,1.039567898449e+00,-1.505854535789e+01,2.701136004796e-01
436,574,0,-5.339814722538e-02,9.984390139580e-01,-3.162277638912e-01,9.486833214760e-01,9.640883751914e-01,-2.650761936698e-01,9.998658828211e-01,-1.537359308739e+01,2.674977256854e-01
437,575,0,-6.090521216393e-01,-8.131380081177e-01,-3.162277638912e-01,-9.486833214760e-01,9.640096153276e-01,-3.206607618455e-01,1.015941859868e+00,-1.839879300351e+01,3.226741885807e-01
438,576,0,-8.287002444267e-01,5.837067961693e-01,-9.486833214760e-01,3.162277638912e-01,9.707583534695e-01,-2.916948643541e-01,1.013635868900e+00,-1.672454754768e+01,2.931568995988e-01
439,577,0,5.672740936279e-01,8.625373840332e-01,3.162277638912e-01,9.486833214760e-01,9.976626055216e-01,-2.654051916652e-01,1.032361656697e+00,-1.489719483171e+01,2.654154840544e-01
440,578,0,-2.264931052923e-01,3.985169231892e-01,-3.162277638912e-01,3.162277638912e-01,9.882276318668e-01,-2.719935400043e-01,1.024975286624e+00,-1.538869869603e+01,2.722481854036e-01
441,579,0,-5.910673141479e-01,-8.168882131577e-01,-3.162277638912e-01,-9.486833214760e-01,9.618800769359e-01,-3.024129567711e-01,1.008299002692e+00,-1.745303169673e+01,3.048060448178e-01
442,580,0,-2.456773072481e-01,3.851088285446e-01,-3.162277638912e-01,3.162277638912e-01,9.973604594847e-01,-2.204605939415e-01,1.021435636555e+00,-1.246446398663e+01,2.204763947800e-01
443,581,0,-1.203490138054e+00,-5.916417241096e-01,-9.486833214760e-01,-3.162277638912e-01,1.328824503697e+00,1.807036329415e-01,1.341054944655e+00,7.744012042587e+00,3.752057531407e-01
444,582,0,2.005386799574e-01,-4.036641716957e-01,3.162277638912e-01,-3.162277638912e-01,9.553285964178e-01,-3.211696045262e-01,1.007870349800e+00,-1.858200500053e+01,3.242613901925e-01
445,583,0,1.220547080040e+00,5.859500765800e-01,9.486833214760e-01,3.162277638912e-01,1.343206282484e+00,1.699101837005e-01,1.353910110690e+00,7.209394949140e+00,3.829621689689e-01
446,584,0,9.953552484512e-01,-8.922624401748e-03,9.486833214760e-01,-3.162277638912e-01,9.470984638897e-01,3.062942063394e-01,9.953952185636e-01,1.792134770859e+01,3.108290741869e-01
447,585,0,-1.019244074821e+00,1.547025144100e-02,-9.486833214760e-01,3.162277638912e-01,9.718319354281e-01,3.076368918592e-01,1.019361451081e+00,1.756537044600e+01,3.089237723039e-01
448,586,0,6.238378584385e-03,1.019738316536e+00,3.162277638912e-01,9.486833214760e-01,9.693814398951e-01,3.165513082322e-01,1.019757376417e+00,1.808443845197e+01,3.180286574610e-01
449,587,0,1.025101184845e+00,5.034226458520e-03,9.486833214760e-01,3.162277638912e-01,9.740883170781e-01,-3.193895550016e-01,1.025113524109e+00,-1.815357351266e+01,3.204389226607e-01
450,588,0,6.141951084137e-01,-1.189960122108e+00,3.162277638912e-01,-9.486833214760e-01,1.323120809763e+00,2.063782180547e-01,1.339119354694e+00,8.865465788253e+00,3.834045208252e-01
451,589,0,-5.881015062332e-01,-8.383623957634e-01,-3.162277638912e-01,-9.486833214760e-01,9.813144041736e-01,-2.928086119349e-01,1.024067792220e+00,-1.661426664339e+01,2.934042172748e-01
452,590,0,-2.435818314552e-01,4.164960980415e-01,-3.162277638912e-01,3.162277638912e-01,1.043674852224e+00,-2.734014630129e-01,1.078890892140e+00,-1.467937533197e+01,2.768679336695e-01
453,591,0,-9.348305873573e-03,1.026525497437e+00,-3.162277638912e-01,9.486833214760e-01,9.768037702479e-01,-3.157472671559e-01,1.026568040749e+00,-1.791318465657e+01,3.165981708588e-01
454,592,0,1.185588717461e+00,6.431230306625e-01,9.486833214760e-01,9.486833214760e-01,9.638156941971e-01,-2.859045134019e-01,1.005326853896e+00,-1.652236619355e+01,2.881851744452e-01
455,593,0,-1.311388704926e-02,1.024974107742e+00,-3.162277638912e-01,9.486833214760e-01,9.765227740469e-01,-3.116843307801e-01,1.025057974110e+00,-1.770192548696e+01,3.125672762659e-01
456,594,0,-8.459389209747e-01,6.141286492348e-01,-9.486833214760e-01,3.162277638912e-01,9.967326318437e-01,-3.151042198195e-01,1.045354776490e+00,-1.754368089583e+01,3.151211593066e-01
457,595,0,-1.208330988884e+00,-5.742951631546e-01,-9.486833214760e-01,-3.162277638912e-01,1.327931473998e+00,1.627164292204e-01,1.337863459390e+00,6.985842849531e+00,3.660815318704e-01
458,596,0,7.686520814896e-01,-6.526539921761e-01,9.486833214760e-01,-9.486833214760e-01,7.490940556720e-01,6.113635956677e-02,7.515846982903e-01,4.665781302243e+00,2.582468728953e-01
459,597,0,5.785014629364e-01,-1.204649090767e+00,3.162277638912e-01,-9.486833214760e-01,1.325768667530e+00,1.678711938548e-01,1.336354480492e+00,7.216489831525e+00,3.664777789589e-01
460,598,0,-6.514346599579e-01,-8.108559846878e-01,-9.486833214760e-01,-9.486833214760e-01,7.706948206756e-01,8.402241354991e-02,7.752614220990e-01,6.221906904534e+00,2.442143141664e-01
461,599,0,-1.229433059692e+00,-5.805249214172e-01,-9.486833214760e-01,-3.162277638912e-01,1.349920678200e+00,1.619534363487e-01,1.359600953580e+00,6.841223395263e+00,3.855818934763e-01
462,600,0,-6.258754730225e-01,-7.724061012268e-01,-3.162277638912e-01,-9.486833214760e-01,9.306879468336e-01,-3.495013533061e-01,9.941485051762e-01,-2.058266935628e+01,3.563079520260e-01
463,601,0,6.074287891388e-01,7.906310558319e-01,3.162277638912e-01,9.486833214760e-01,9.421443032126e-01,-3.262380563300e-01,9.970291658090e-01,-1.909952975167e+01,3.313284639882e-01
464,602,0,-7.569954395294e-01,6.726857423782e-01,-9.486833214760e-01,9.486833214760e-01,7.535081251789e-01,4.443511087557e-02,7.548171790501e-01,3.374879625798e+00,2.504650143860e-01
465,603,0,1.194243073463e+00,5.068525671959e-01,9.486833214760e-01,3.162277638912e-01,1.293239283788e+00,1.031897558344e-01,1.297349594690e+00,4.562062023589e+00,3.108655710525e-01
466,604,0,-6.356605887413e-01,-7.517448067665e-01,-9.486833214760e-01,-9.486833214760e-01,7.312268299127e-01,6.118175338247e-02,7.337819047449e-01,4.782798055800e+00,2.756487328209e-01
467,605,0,-8.288257122040e-01,6.250724196434e-01,-9.486833214760e-01,3.162277638912e-01,9.839583407014e-01,-3.308980633420e-01,1.038107674839e+00,-1.858741934167e+01,3.312866782057e-01
468,606,0,-1.188623428345e+00,-5.749570727348e-01,-9.486833214760e-01,-3.162277638912e-01,1.309444554990e+00,1.695764493049e-01,1.320379193547e+00,7.378883974177e+00,3.528627279440e-01
469,607,0,5.548249483109e-01,-1.220350861549e+00,3.162277638912e-01,-9.486833214760e-01,1.333177503993e+00,1.404443446373e-01,1.340554687841e+00,6.013676060896e+00,3.615686146607e-01
470,608,0,-6.252800822258e-01,-7.875151038170e-01,-3.162277638912e-01,-9.486833214760e-01,9.448333258851e-01,-3.441586301141e-01,1.005562119605e+00,-2.001431853375e+01,3.485520400384e-01
471,609,0,-8.126784563065e-01,6.354888677597e-01,-9.486833214760e-01,9.486833214760e-01,7.632511773334e-01,9.338711060667e-02,7.689431137140e-01,6.975716222535e+00,2.545017828258e-01
472,610,0,-1.024370670319e+00,2.895956276916e-04,-9.486833214760e-01,3.162277638912e-01,9.718949062273e-01,3.236596979781e-01,1.024370689177e+00,1.841875042872e+01,3.248776637309e-01
473,611,0,2.224963344634e-02,-9.921401143074e-01,3.162277638912e-01,-9.486833214760e-01,9.482626899705e-01,-2.926343810415e-01,9.923895455705e-01,-1.715025428790e+01,2.971727279153e-01
474,612,0,1.223409295082e+00,5.737372040749e-01,9.486833214760e-01,3.162277638912e-01,1.342059568843e+00,1.574189239234e-01,1.351260376068e+00,6.690026086372e+00,3.765441092969e-01
475,613,0,9.986115694046e-01,-2.176023786888e-03,9.486833214760e-01,-3.162277638912e-01,9.480542188000e-01,3.137243325927e-01,9.986139187120e-01,1.831009815543e+01,3.179957877790e-01
476,614,0,-1.008228898048e+00,2.336282469332e-02,-9.486833214760e-01,3.162277638912e-01,9.638778720742e-01,2.966660350042e-01,1.008499523351e+00,1.710751981165e+01,2.988570635789e-01
477,615,0,-5.842885375023e-01,1.174132227898e+00,-3.162277638912e-01,9.486833214760e-01,1.298647863521e+00,1.830115736291e-01,1.311479892911e+00,8.021567281871e+00,3.502624479840e-01
478,616,0,2.015724629164e-01,-3.539984822273e-01,3.162277638912e-01,-3.162277638912e-01,8.784348001379e-01,-2.410066994677e-01,9.108962220153e-01,-1.534211373763e+01,2.699302261804e-01
479,617,0,2.772512286901e-02,1.006494283676e+00,3.162277638912e-01,9.486833214760e-01,9.636117521590e-01,2.919790624595e-01,1.006876050869e+00,1.685706458763e+01,2.942377907334e-01
480,618,0,4.345384240150e-01,2.260837703943e-01,3.162277638912e-01,3.162277638912e-01,1.044535410617e+00,-3.295957493669e-01,1.095302507088e+00,-1.751272176337e+01,3.325909812361e-01
481,619,0,1.206927895546e+00,6.198392510414e-01,9.486833214760e-01,3.162277638912e-01,1.341002687257e+00,2.063670409778e-01,1.356788694983e+00,8.748622096653e+00,3.985852334426e-01
482,620,0,-4.856868181378e-03,1.035958290100e+00,-3.162277638912e-01,9.486833214760e-01,9.843321857002e-01,-3.229911298030e-01,1.035969652903e+00,-1.816633128140e+01,3.233709175797e-01
483,621,0,-1.952441036701e-01,4.020887613297e-01,-3.162277638912e-01,3.162277638912e-01,9.444661936851e-01,-3.270501222193e-01,9.994889561459e-01,-1.909996638788e+01,3.317314969783e-01
484,622,0,6.460762023926e-01,-1.162271738052e+00,9.486833214760e-01,-9.486833214760e-01,9.530830254460e-01,-2.720589283981e-01,9.911525179882e-01,-1.593147193703e+01,2.760747417321e-01
485,623,0,-4.057229459286e-01,-2.375923246145e-01,-3.162277638912e-01,-3.162277638912e-01,1.017170761079e+00,-2.658378556727e-01,1.051335399719e+00,-1.464665854222e+01,2.663918177135e-01
486,624,0,-1.174943685532e+00,-5.823417901993e-01,-9.486833214760e-01,-3.162277638912e-01,1.298802064291e+00,1.809081215892e-01,1.311340745445e+00,7.929621182094e+00,3.492999027792e-01
487,625,0,1.002091288567e+00,-2.902566827834e-02,9.486833214760e-01,-3.162277638912e-01,9.598459728630e-01,2.893529075361e-01,1.002511544433e+00,1.677583453093e+01,2.921257451765e-01
488,626,0,4.389019310474e-01,1.957229524851e-01,3.162277638912e-01,3.162277638912e-01,1.003430052636e+00,-3.844997282497e-01,1.074575223778e+00,-2.096610213608e+01,3.845150273854e-01
489,627,0,2.090057879686e-01,-4.038269817829e-01,3.162277638912e-01,-3.162277638912e-01,9.689736951155e-01,-3.080393565337e-01,1.016758706380e+00,-1.763560110718e+01,3.095979275907e-01
490,628,0,1.785686910152e-01,-4.276572763920e-01,3.162277638912e-01,-3.162277638912e-01,9.585274233159e-01,-3.938436371172e-01,1.036285497219e+00,-2.233697908960e+01,3.960211927594e-01
491,629,0,-1.194050908089e+00,-5.405448675156e-01,-9.486833214760e-01,-3.162277638912e-01,1.303711420041e+00,1.352138458563e-01,1.310704486472e+00,5.921235661060e+00,3.324506140387e-01
492,630,0,-5.645976662636e-01,1.205513238907e+00,-3.162277638912e-01,9.486833214760e-01,1.322191704081e+00,1.544076267924e-01,1.331177154834e+00,6.660920191269e+00,3.572802952725e-01
493,631,0,-4.101082980633e-01,-1.463037878275e-01,-3.162277638912e-01,-3.162277638912e-01,8.797647604436e-01,-4.171115574889e-01,9.736365261787e-01,-2.536643214847e+01,4.340951096499e-01
494,632,0,4.399143457413e-01,1.583087593317e-01,3.162277638912e-01,3.162277638912e-01,9.458737868424e-01,-4.452575304337e-01,1.045433636843e+00,-2.520808867060e+01,4.485353000141e-01
495,633,0,7.532265782356e-01,-6.425997018814e-01,9.486833214760e-01,-9.486833214760e-01,7.356650256828e-01,5.830548184514e-02,7.379719230609e-01,4.531531956019e+00,2.706889503848e-01
496,634,0,-9.737507104874e-01,6.400974094868e-02,-9.486833214760e-01,3.162277638912e-01,9.440226748726e-01,2.472020254599e-01,9.758522695906e-01,1.467400714715e+01,2.534606524096e-01
497,635,0,1.205157518387e+00,5.105218887329e-01,9.486833214760e-01,3.162277638912e-01,1.304753976499e+00,1.032193294642e-01,1.308830458525e+00,4.523259303367e+00,3.217595626655e-01
498,636,0,2.234912067652e-01,-4.133190810680e-01,3.162277638912e-01,-3.162277638912e-01,1.006885480258e+00,-3.001442251101e-01,1.050668799490e+00,-1.659888303448e+01,3.002231931503e-01
499,637,0,1.000469565392e+00,-7.264137268066e-02,9.486833214760e-01,-3.162277638912e-01,9.720999672803e-01,2.474625841275e-01,1.003103223467e+00,1.428214502022e+01,2.490304045068e-01
500,638,0,-3.966782093048e-01,-1.968359649181e-01,-3.162277638912e-01,-3.162277638912e-01,9.384283133772e-01,-3.159783346149e-01,9.901969537895e-01,-1.860890148022e+01,3.219213887575e-01
501,639,0,5.166212320328e-01,-1.236068367958e+00,3.162277638912e-01,-9.486833214760e-01,1.336007364285e+00,9.923080605674e-02,1.339687437537e+00,4.247795353483e+00,3.503536809063e-01
502,640,0,-6.553636789322e-01,-7.659379839897e-01,-9.486833214760e-01,-9.486833214760e-01,7.490917310060e-01,5.827777433965e-02,7.513552558168e-01,4.448531652258e+00,2.575873801869e-01
503,641,0,-7.698068618774e-01,6.122134923935e-01,-9.486833214760e-01,3.162277638912e-01,9.239017945222e-01,-3.373624123155e-01,9.835689722458e-01,-2.005964782419e+01,3.458385954753e-01
504,642,0,5.149546265602e-01,-1.189923167229e+00,3.162277638912e-01,-9.486833214760e-01,1.291703156975e+00,1.122421183216e-01,1.296570606972e+00,4.966223406515e+00,3.125524354639e-01
505,643,0,4.998126327991e-01,-1.173495292664e+00,3.162277638912e-01,-9.486833214760e-01,1.271329988418e+00,1.030721118210e-01,1.275501391487e+00,4.635073986733e+00,2.902478645056e-01
506,644,0,-5.000379085541e-01,1.189742684364e+00,-3.162277638912e-01,9.486833214760e-01,1.286814855723e+00,9.814795103811e-02,1.290552398472e+00,4.361619359123e+00,3.031431703934e-01
507,645,0,7.743714451790e-01,-5.960965752602e-01,9.486833214760e-01,-3.162277638912e-01,9.231355219370e-01,-3.206291145882e-01,9.772319177061e-01,-1.915345167544e+01,3.297137805879e-01
508,646,0,1.242828011513e+00,5.128059387207e-01,9.486833214760e-01,3.162277638912e-01,1.341213623488e+00,9.347371420718e-02,1.344466927476e+00,3.986690347660e+00,3.537853474937e-01
509,647,0,1.056976914406e+00,-5.195167288184e-02,9.486833214760e-01,-3.162277638912e-01,1.019164887299e+00,2.849597482590e-01,1.058252864693e+00,1.562105706406e+01,2.856034856808e-01
510,648,0,1.194359898567e+00,4.988658130169e-01,9.486833214760e-01,3.162277638912e-01,1.290824480505e+00,9.557591233889e-02,1.294357985447e+00,4.234597404295e+00,3.061268258098e-01
511,649,0,-1.194947600365e+00,-5.023994445801e-01,-9.486833214760e-01,-3.162277638912e-01,1.292499455734e+00,9.874236190539e-02,1.296265750958e+00,4.368707782081e+00,3.087166753500e-01
512,650,0,4.165818095207e-01,1.615781188011e-01,3.162277638912e-01,3.162277638912e-01,9.141511188131e-01,-4.031962399217e-01,9.991193501851e-01,-2.380039646953e+01,4.122344457807e-01
513,651,0,1.034988760948e+00,-6.872399151325e-02,9.486833214760e-01,-3.162277638912e-01,1.003608966331e+00,2.620948656964e-01,1.037267890144e+00,1.463604432272e+01,2.621197117013e-01
514,652,0,7.137297987938e-01,7.628395557404e-01,9.486833214760e-01,9.486833214760e-01,7.782203613725e-01,2.588311390895e-02,7.786506703525e-01,1.904918969138e+00,2.232848935673e-01
515,653,0,6.717172265053e-01,7.646217942238e-01,9.486833214760e-01,9.486833214760e-01,7.570171142539e-01,4.896500529490e-02,7.585990265066e-01,3.700821882257e+00,2.478674131649e-01
516,654,0,1.761585921049e-01,-4.044250845909e-01,3.162277638912e-01,-3.162277638912e-01,9.179834015073e-01,-3.609210173028e-01,9.863860837288e-01,-2.146312736544e+01,3.701225515409e-01
517,655,0,-9.875482320786e-01,4.821958020329e-02,-9.486833214760e-01,3.162277638912e-01,9.521188659109e-01,2.665450461688e-01,9.887247324006e-01,1.563955472929e+01,2.708114928115e-01
518,656,0,6.254054903984e-01,8.051960468292e-01,3.162277638912e-01,9.486833214760e-01,9.616465984500e-01,-3.386863979194e-01,1.019545318486e+00,-1.940197038385e+01,3.408510811866e-01
519,657,0,-7.841864824295e-01,6.462409496307e-01,-9.486833214760e-01,9.486833214760e-01,7.539014335336e-01,7.270367765302e-02,7.573989676704e-01,5.508375310904e+00,2.566131897645e-01
520,658,0,-2.145663797855e-01,4.125972390175e-01,-3.162277638912e-01,3.162277638912e-01,9.916327571711e-01,-3.131142831913e-01,1.039892340309e+00,-1.752383962511e+01,3.132260606829e-01
521,659,0,-1.913987398148e-01,4.327889680862e-01,-3.162277638912e-01,3.162277638912e-01,9.869274288574e-01,-3.816714656884e-01,1.058158238427e+00,-2.114283106491e+01,3.818952733892e-01
522,660,0,2.080323360860e-02,1.026419401169e+00,3.162277638912e-01,9.486833214760e-01,9.803254845197e-01,3.048466181493e-01,1.026630174988e+00,1.727384950031e+01,3.054808458095e-01
523,661,0,-1.012314796448e+00,4.823181033134e-02,-9.486833214760e-01,3.162277638912e-01,9.756183589514e-01,2.743653185829e-01,1.013463127284e+00,1.570714963547e+01,2.754465328541e-01
524,662,0,1.894703805447e-01,-4.126199483871e-01,3.162277638912e-01,-3.162277638912e-01,9.519884046913e-01,-3.528304490039e-01,1.015269052228e+00,-2.033595169952e+01,3.560820678276e-01
525,663,0,1.251780629158e+00,5.093098282814e-01,9.486833214760e-01,3.162277638912e-01,1.348601255026e+00,8.732594654943e-02,1.351425605055e+00,3.704899940354e+00,3.593725865264e-01
526,664,0,4.382218122482e-01,1.813962310553e-01,3.162277638912e-01,3.162277638912e-01,9.797021546733e-01,-4.060769017127e-01,1.060525700762e+00,-2.251352562948e+01,4.065838814187e-01
527,665,0,4.249319732189e-01,1.610402911901e-01,3.162277638912e-01,3.162277638912e-01,9.265035068373e-01,-4.172493881966e-01,1.016122925700e+00,-2.424434428210e+01,4.236729711200e-01
528,666,0,1.794812381268e-01,-4.111952185631e-01,3.162277638912e-01,-3.162277638912e-01,9.339414879666e-01,-3.663719744039e-01,1.003232339278e+00,-2.141937157750e+01,3.722796672405e-01
529,667,0,-4.305799305439e-01,-1.930426657200e-01,-3.162277638912e-01,-3.162277638912e-01,9.860339088987e-01,-3.755793955296e-01,1.055141105182e+00,-2.085179043329e+01,3.758389735606e-01
530,668,0,-1.207920074463e+00,-5.304279327393e-01,-9.486833214760e-01,-3.162277638912e-01,1.313669610772e+00,1.212302637027e-01,1.319251538981e+00,5.272531675494e+00,3.362817294464e-01
531,669,0,9.835199713707e-01,-3.394269570708e-02,9.486833214760e-01,-3.162277638912e-01,9.437825752626e-01,2.788154399681e-01,9.841054816095e-01,1.645837259929e+01,2.844265255012e-01
532,670,0,9.317867457867e-02,1.007091283798e+00,3.162277638912e-01,9.486833214760e-01,9.848763455971e-01,2.300731603031e-01,1.011392641465e+00,1.314884495430e+01,2.305696944838e-01
533,671,0,7.663616538048e-01,-6.464165449142e-01,9.486833214760e-01,-9.486833214760e-01,7.445994710442e-01,6.321662148752e-02,7.472782035572e-01,4.852784048718e+00,2.631079083250e-01
534,672,0,-4.203628897667e-01,-1.841966360807e-01,-3.162277638912e-01,-3.162277638912e-01,9.558925478400e-01,-3.734116365684e-01,1.026239159914e+00,-2.133769708033e+01,3.760076031954e-01
535,673,0,-5.113040208817e-01,1.214043140411e+00,-3.162277638912e-01,9.486833214760e-01,1.313430949441e+00,1.011514448944e-01,1.317320186497e+00,4.403835342846e+00,3.293487131772e-01
536,674,0,7.718549966812e-01,-6.209805607796e-01,9.486833214760e-01,-3.162277638912e-01,9.286172160790e-01,-3.450319064519e-01,9.906447145512e-01,-2.038277546168e+01,3.523386415228e-01
537,675,0,-9.458700078540e-04,-1.041685342789e+00,-3.162277638912e-01,-9.486833214760e-01,9.885285786792e-01,3.285124813679e-01,1.041685749773e+00,1.838292264498e+01,3.287127072713e-01
538,676,0,5.681382417679e-01,-1.206208705902e+00,3.162277638912e-01,-9.486833214760e-01,1.323971110218e+00,1.575465856137e-01,1.333311826742e+00,6.786029289941e+00,3.602474245489e-01
539,677,0,3.893721997738e-01,1.955086588860e-01,3.162277638912e-01,3.162277638912e-01,9.247778428161e-01,-3.065251742958e-01,9.742544539496e-01,-1.833819959777e+01,3.156201124904e-01
540,678,0,-9.849655628204e-01,2.393468841910e-02,-9.486833214760e-01,3.162277638912e-01,9.419891740722e-01,2.887670052861e-01,9.852563054410e-01,1.704293332016e+01,2.945363123058e-01
541,679,0,9.915330410004e-01,-4.345184564590e-02,9.486833214760e-01,-3.162277638912e-01,9.543914975384e-01,2.723282233902e-01,9.924846557144e-01,1.592568698775e+01,2.761209820924e-01
542,680,0,-3.949199020863e-01,-1.630153506994e-01,-3.162277638912e-01,-3.162277638912e-01,8.821730987821e-01,-3.666732935357e-01,9.553421797487e-01,-2.257010503079e+01,3.851395628119e-01
543,681,0,-5.586283206940e-01,1.211637258530e+00,-3.162277638912e-01,9.486833214760e-01,1.326113786387e+00,1.468080235066e-01,1.334215263820e+00,6.317231503901e+00,3.576350058892e-01
544,682,0,-1.238180875778e+00,-5.251978039742e-01,-9.486833214760e-01,-3.162277638912e-01,1.340723615184e+00,1.066992228669e-01,1.344962652446e+00,4.550197713169e+00,3.570396422033e-01
545,683,0,-3.703923150897e-02,-9.926802515984e-01,-3.162277638912e-01,-9.486833214760e-01,9.534519905103e-01,2.787745430332e-01,9.933710002066e-01,1.629809946997e+01,2.826339735963e-01
546,684,0,1.250749707222e+00,5.287485718727e-01,9.486833214760e-01,3.162277638912e-01,1.353770306776e+00,1.060931637146e-01,1.357921132796e+00,4.481034746419e+00,3.693361468137e-01
547,685,0,9.839195013046e-01,-5.747098475695e-02,9.486833214760e-01,-3.162277638912e-01,9.516019005447e-01,2.566208879778e-01,9.855964982014e-01,1.509208566268e+01,2.611448949863e-01
548,686,0,-1.227305531502e+00,-5.087371468544e-01,-9.486833214760e-01,-3.162277638912e-01,1.325201041330e+00,9.452235832378e-02,1.328567753697e+00,4.079815637835e+00,3.386594063438e-01
549,687,0,-5.302532315254e-01,1.202906489372e+00,-3.162277638912e-01,9.486833214760e-01,1.308858061049e+00,1.226499623160e-01,1.314592118198e+00,5.353417494707e+00,3.323195978741e-01
550,688,0,7.797459959984e-01,-6.268410086632e-01,9.486833214760e-01,-3.162277638912e-01,9.379565114481e-01,-3.480962624145e-01,1.000466603778e+00,-2.036099609649e+01,3.535822427366e-01
551,689,0,5.332616567612e-01,-1.215851545334e+00,3.162277638912e-01,-9.486833214760e-01,1.322090166750e+00,1.214104191143e-01,1.327653154588e+00,5.246879988052e+00,3.442129651637e-01
552,690,0,-4.380462467670e-01,-2.136666923761e-01,-3.162277638912e-01,-3.162277638912e-01,1.030448641074e+00,-3.547752285092e-01,1.089811848282e+00,-1.899817601729e+01,3.560794609452e-01
553,691,0,-6.442413330078e-01,-7.461494207382e-01,-9.486833214760e-01,-9.486833214760e-01,7.328002518179e-01,5.371027687714e-02,7.347659511073e-01,4.191973494233e+00,2.725444904430e-01
554,692,0,1.230028152466e+00,5.032989382744e-01,9.486833214760e-01,3.162277638912e-01,1.326064233853e+00,8.850225246531e-02,1.329014296761e+00,3.818289120737e+00,3.378617073444e-01
555,693,0,8.812656253576e-02,1.028738617897e+00,3.162277638912e-01,9.486833214760e-01,1.003815191500e+00,2.417115022911e-01,1.032506362705e+00,1.353867741890e+01,2.417416100426e-01
556,694,0,-7.741162180901e-01,6.633311510086e-01,-9.486833214760e-01,9.486833214760e-01,7.576012651209e-01,5.838885567688e-02,7.598479685964e-01,4.407113373518e+00,2.493319176083e-01
557,695,0,-6.975409984589e-01,-7.591077685356e-01,-9.486833214760e-01,-9.486833214760e-01,7.677212901394e-01,3.244853613583e-02,7.684067196678e-01,2.420225021224e+00,2.345342332195e-01
558,696,0,-7.732132673264e-01,6.362885236740e-01,-9.486833214760e-01,9.486833214760e-01,7.428726525978e-01,7.216567454739e-02,7.463696554393e-01,5.548535256563e+00,2.670624596699e-01
559,697,0,6.448354125023e-01,8.169928193092e-01,9.486833214760e-01,9.486833214760e-01,7.704511077191e-01,9.073491802254e-02,7.757755698229e-01,6.716703215779e+00,2.468309528725e-01
560,698,0,6.268138289452e-01,7.667632699013e-01,3.162277638912e-01,9.486833214760e-01,9.256314212823e-01,-3.521759757364e-01,9.903642996145e-01,-2.083037193250e+01,3.599425001113e-01
561,699,0,-1.215997457504e+00,-5.025600194931e-01,-9.486833214760e-01,-3.162277638912e-01,1.312519881504e+00,9.223814767409e-02,1.315756936227e+00,4.019887465487e+00,3.258474370342e-01
562,700,0,3.939120173454e-01,1.790304481983e-01,3.162277638912e-01,3.162277638912e-01,9.059015857647e-01,-3.397575951317e-01,9.675189437632e-01,-2.055851271474e+01,3.525474932704e-01
563,701,0,-4.531162977219e-01,1.251962423325e+00,-3.162277638912e-01,9.486833214760e-01,1.331003766365e+00,3.395859527022e-02,1.331436897592e+00,1.461500129963e+00,3.327411599731e-01
564,702,0,8.154114335775e-02,1.040053606033e+00,3.162277638912e-01,9.486833214760e-01,1.012467039274e+00,2.515370926035e-01,1.043245136376e+00,1.395207729980e+01,2.518458576663e-01
565,703,0,-7.514156103134e-01,6.460723280907e-01,-9.486833214760e-01,9.486833214760e-01,7.365407964745e-01,5.552078329935e-02,7.386304233171e-01,4.310829475052e+00,2.692458157529e-01
566,704,0,-9.213917702436e-02,-9.955286979675e-01,-3.162277638912e-01,-9.486833214760e-01,9.735783957662e-01,2.274029037487e-01,9.997834632239e-01,1.314711575213e+01,2.289327014728e-01
567,705,0,-1.779205650091e-01,4.122380912304e-01,-3.162277638912e-01,3.162277638912e-01,9.331227735629e-01,-3.704885417681e-01,1.003982006872e+00,-2.165513567573e+01,3.764761918068e-01
568,706,0,9.589360654354e-02,1.028538823128e+00,3.162277638912e-01,9.486833214760e-01,1.006081804396e+00,2.342798568509e-01,1.032999345819e+00,1.310849696594e+01,2.343587840701e-01
569,707,0,1.190848827362e+00,5.074384212494e-01,9.486833214760e-01,3.162277638912e-01,1.290204482571e+00,1.048189005883e-01,1.294455332859e+00,4.644627830770e+00,3.085541178218e-01
570,708,0,-1.202116966248e+00,-5.160763263702e-01,-9.486833214760e-01,-3.162277638912e-01,1.303625922838e+00,1.094502385463e-01,1.308212483282e+00,4.799201818078e+00,3.227507641157e-01
571,709,0,1.405799388885e-01,-4.019624888897e-01,3.162277638912e-01,-3.162277638912e-01,8.578349052945e-01,-4.132821020912e-01,9.521989396395e-01,-2.572353364317e+01,4.370503518607e-01
572,710,0,-4.865021407604e-01,1.223323345184e+00,-3.162277638912e-01,9.486833214760e-01,1.314391881796e+00,7.468765761899e-02,1.316512159128e+00,3.252219370824e+00,3.231416122073e-01
573,711,0,-4.791008234024e-01,1.209983468056e+00,-3.162277638912e-01,9.486833214760e-01,1.299396061462e+00,7.188459092027e-02,1.301382925566e+00,3.166463087031e+00,3.079048489888e-01
574,712,0,-6.980144977570e-01,-7.092389464378e-01,-9.486833214760e-01,-9.486833214760e-01,7.416876698145e-01,5.915803739131e-03,7.417112620749e-01,4.569893944223e-01,2.583800624269e-01
575,713,0,7.082582712173e-01,6.949296593666e-01,9.486833214760e-01,9.486833214760e-01,7.395449560560e-01,-7.024795075980e-03,7.395783188910e-01,-5.442252048685e-01,2.605497604331e-01
576,714,0,1.044265866280e+00,-1.277478784323e-01,9.486833214760e-01,-3.162277638912e-01,1.031074992023e+00,2.090335691690e-01,1.052050698500e+00,1.146045404286e+01,2.113307553783e-01
577,715,0,1.252715706825e+00,4.474811553955e-01,9.486833214760e-01,3.162277638912e-01,1.329936405447e+00,2.837442081476e-02,1.330239057572e+00,1.222229835243e+00,3.311542531749e-01
578,716,0,-4.300787448883e-01,1.232427597046e+00,-3.162277638912e-01,9.486833214760e-01,1.305186289781e+00,1.828070823726e-02,1.305314305187e+00,8.024440292271e-01,3.057333082341e-01
579,717,0,7.378488183022e-01,-6.793751716614e-01,9.486833214760e-01,-9.486833214760e-01,7.469426087088e-01,3.081831698580e-02,7.475781092077e-01,2.362642763990e+00,2.549270718244e-01
580,718,0,1.038722872734e+00,-1.158641651273e-01,9.486833214760e-01,-3.162277638912e-01,1.022058486799e+00,2.185546009142e-01,1.045164898003e+00,1.207021055867e+01,2.196649503689e-01
581,719,0,4.197171330452e-01,1.531221866608e-01,3.162277638912e-01,3.162277638912e-01,9.057384978743e-01,-4.215236244660e-01,9.990217177392e-01,-2.495690084003e+01,4.319344820294e-01
582,720,0,-6.800013184547e-01,-7.675144672394e-01,-9.486833214760e-01,-9.486833214760e-01,7.629077864687e-01,4.612347808987e-02,7.643007692563e-01,3.459746985289e+00,2.415369390968e-01
583,721,0,4.924976229668e-01,-1.246057868004e+00,3.162277638912e-01,-9.486833214760e-01,1.337855681337e+00,7.318618434272e-02,1.339855977956e+00,3.131192851983e+00,3.456915951977e-01
584,722,0,4.204981625080e-01,1.517912596464e-01,3.162277638912e-01,3.162277638912e-01,9.048690334971e-01,-4.248629208820e-01,9.996481727700e-01,-2.515145157557e+01,4.353830524126e-01
585,723,0,-4.016463160515e-01,-1.811429262161e-01,-3.162277638912e-01,-3.162277638912e-01,9.214707068986e-01,-3.486464741774e-01,9.852221209598e-01,-2.072457341639e+01,3.573810485061e-01
586,724,0,7.401518821716e-01,-6.687765717506e-01,9.486833214760e-01,-9.486833214760e-01,7.425704774330e-01,3.761809067642e-02,7.435227196940e-01,2.900084124075e+00,2.601635636195e-01
587,725,0,-7.559462785721e-01,6.677521467209e-01,-9.486833214760e-01,9.486833214760e-01,7.503549356586e-01,4.648238767073e-02,7.517932839756e-01,3.544783457553e+00,2.539355637039e-01
588,726,0,-7.500997185707e-01,6.615548729897e-01,-9.486833214760e-01,9.486833214760e-01,7.440072780894e-01,4.666723003167e-02,7.454694227189e-01,3.589127527155e+00,2.602116523717e-01
589,727,0,7.329481840134e-01,-6.917421817780e-01,9.486833214760e-01,-9.486833214760e-01,7.508777341920e-01,2.171746951939e-02,7.511917333063e-01,1.656691221000e+00,2.500670946039e-01
590,728,0,-4.219147861004e-01,-1.570551246405e-01,-3.162277638912e-01,-3.162277638912e-01,9.154318134761e-01,-4.187798980722e-01,1.006673734709e+00,-2.458253389268e+01,4.272334036581e-01
591,729,0,-5.367545485497e-01,1.237731695175e+00,-3.162277638912e-01,9.486833214760e-01,1.343952048394e+00,1.178049565952e-01,1.349105302110e+00,5.009493376678e+00,3.635670768821e-01
592,730,0,-1.215297698975e+00,-4.807214736938e-01,-9.486833214760e-01,-3.162277638912e-01,1.304950078080e+00,7.174156746759e-02,1.306920639818e+00,3.146752810376e+00,3.132752824969e-01
593,731,0,4.364711344242e-01,-1.261088252068e+00,3.162277638912e-01,-9.486833214760e-01,1.334397624972e+00,1.528176685446e-02,1.334485126905e+00,6.561331140620e-01,3.347466265479e-01
594,732,0,-1.238836765289e+00,-4.898045063019e-01,-9.486833214760e-01,-3.162277638912e-01,1.330153503700e+00,7.291478265590e-02,1.332150482842e+00,3.137632098041e+00,3.381093041241e-01
595,733,0,1.674463450909e-01,-4.232268929482e-01,3.162277638912e-01,-3.162277638912e-01,9.339363988328e-01,-4.044245589158e-01,1.017740841727e+00,-2.341416652117e+01,4.097848499560e-01
596,734,0,1.241481304169e+00,4.767152965069e-01,9.486833214760e-01,3.162277638912e-01,1.328523162154e+00,5.966099158700e-02,1.329862108001e+00,2.571297193303e+00,3.338965438405e-01
597,735,0,-4.481503069401e-01,1.255196809769e+00,-3.162277638912e-01,9.486833214760e-01,1.332501790614e+00,2.822464009531e-02,1.332800679884e+00,1.213439996457e+00,3.336975742648e-01
598,736,0,-4.786766171455e-01,1.229805231094e+00,-3.162277638912e-01,9.486833214760e-01,1.318066490858e+00,6.521396200495e-02,1.319678799998e+00,2.832512887010e+00,3.246831585520e-01
599,737,0,-7.222514748573e-01,-7.122163176537e-01,-9.486833214760e-01,-9.486833214760e-01,7.560308904130e-01,-5.288992109644e-03,7.560493903815e-01,-4.008195778429e-01,2.440264327285e-01
600,738,0,-1.243364334106e+00,-4.728167057037e-01,-9.486833214760e-01,-3.162277638912e-01,1.329076718574e+00,5.536699735333e-02,1.330229464510e+00,2.385462073164e+00,3.337019495045e-01
601,739,0,1.140849664807e-01,-4.114002585411e-01,3.162277638912e-01,-3.162277638912e-01,8.308650995025e-01,-4.700967562144e-01,9.546348902981e-01,-2.950083060547e+01,4.995974126930e-01
602,740,0,-3.945155441761e-01,1.273749351501e+00,-3.162277638912e-01,9.486833214760e-01,1.333141476404e+00,-2.852459113083e-02,1.333446605008e+00,-1.225743385364e+00,3.343604276821e-01
603,741,0,-4.065244793892e-01,1.266568779945e+00,-3.162277638912e-01,9.486833214760e-01,1.330126946789e+00,-1.486121908777e-02,1.330209964783e+00,-6.401266482554e-01,3.304612788649e-01
604,742,0,-4.440591037273e-01,-1.005187854171e-01,-3.162277638912e-01,-3.162277638912e-01,8.610532523193e-01,-5.431849406310e-01,1.018068064060e+00,-3.224527832220e+01,5.606746636146e-01
605,743,0,1.843650043011e-01,1.003468751907e+00,3.162277638912e-01,9.486833214760e-01,1.010275358062e+00,1.424206687674e-01,1.020264645079e+00,8.024231300455e+00,1.427908606160e-01
606,744,0,-1.596576422453e-01,4.472016990185e-01,-3.162277638912e-01,3.162277638912e-01,9.595288753212e-01,-4.546470765801e-01,1.061790764142e+00,-2.535268140279e+01,4.564448227065e-01
607,745,0,-1.277405500412e+00,-4.145298302174e-01,-9.486833214760e-01,-3.162277638912e-01,1.342939076395e+00,-1.069354833523e-02,1.342981650985e+00,-4.562248946002e-01,3.431057593430e-01
608,746,0,1.409066319466e-01,-4.393213689327e-01,3.162277638912e-01,-3.162277638912e-01,9.174210286591e-01,-4.718351312898e-01,1.031644190089e+00,-2.721703031473e+01,4.790069703323e-01
609,747,0,7.024470567703e-01,7.273775935173e-01,9.486833214760e-01,9.486833214760e-01,7.535837396525e-01,1.313954624405e-02,7.536982820361e-01,9.989125650238e-01,2.467663288197e-01
610,748,0,-1.001163482666e+00,1.371547579765e-01,-9.486833214760e-01,3.162277638912e-01,9.931591976905e-01,1.864792500219e-01,1.010514573198e+00,1.063425058719e+01,1.866046817874e-01
611,749,0,-1.815358996391e-01,3.944693505764e-01,-3.162277638912e-01,3.162277638912e-01,9.107442735700e-01,-3.366773497638e-01,9.709823735189e-01,-2.028798023122e+01,3.483076550186e-01
612,750,0,-9.941029548645e-02,-1.007951617241e+00,-3.162277638912e-01,-9.486833214760e-01,9.876631410100e-01,2.244333870460e-01,1.012841954764e+00,1.280230731644e+01,2.247722031540e-01
613,751,0,9.960554838181e-01,-1.071117892861e-01,9.486833214760e-01,-3.162277638912e-01,9.788129041861e-01,2.133652211336e-01,1.001798092926e+00,1.229717775582e+01,2.144145765064e-01
614,752,0,-7.082694768906e-01,6.602424383163e-01,-9.486833214760e-01,9.486833214760e-01,7.212690917122e-01,2.531247123619e-02,7.217131174223e-01,2.009933359153e+00,2.798779027273e-01
615,753,0,4.246661365032e-01,-1.197130203247e+00,3.162277638912e-01,-9.486833214760e-01,1.269988625463e+00,2.430787258906e-02,1.270221233280e+00,1.096520426979e+00,2.710806716628e-01
616,754,0,-4.243173599243e-01,1.197364926338e+00,-3.162277638912e-01,9.486833214760e-01,1.270101010502e+00,2.390276812495e-02,1.270325910624e+00,1.078155257237e+00,2.711565934996e-01
617,755,0,4.154627323151e-01,2.134515345097e-01,3.162277638912e-01,3.162277638912e-01,9.944007747547e-01,-3.194077511089e-01,1.044439664270e+00,-1.780734328051e+01,3.194568246130e-01
618,756,0,-4.573030173779e-01,1.240668654442e+00,-3.162277638912e-01,9.486833214760e-01,1.321613513588e+00,4.150186933411e-02,1.322264982694e+00,1.798635359651e+00,3.242802141373e-01
619,757,0,-4.489710330963e-01,1.231424570084e+00,-3.162277638912e-01,9.486833214760e-01,1.310209000669e+00,3.652069115194e-02,1.310717889676e+00,1.596645876213e+00,3.123513806249e-01
620,758,0,-4.557489156723e-01,-1.022587865591e-01,-3.162277638912e-01,-3.162277638912e-01,8.822876514147e-01,-5.589169729493e-01,1.044423133835e+00,-3.235369061473e+01,5.711780630068e-01
621,759,0,-3.975892663002e-01,1.236498117447e+00,-3.162277638912e-01,9.486833214760e-01,1.298773849707e+00,-1.382872840301e-02,1.298847468494e+00,-6.100352526528e-01,2.990937093926e-01
622,760,0,1.328960657120e-01,-3.961898386478e-01,3.162277638912e-01,-3.162277638912e-01,8.365582734567e-01,-4.163040109066e-01,9.344189501427e-01,-2.645672809359e+01,4.472384458791e-01
623,761,0,1.599025875330e-01,9.860652685165e-01,3.162277638912e-01,9.486833214760e-01,9.860292693242e-01,1.601242901586e-01,9.989461988830e-01,9.223915426130e+00,1.607326028360e-01
624,762,0,-1.394277811050e-01,4.452286064625e-01,-3.162277638912e-01,3.162277638912e-01,9.244229228535e-01,-4.835135624945e-01,1.043236840518e+00,-2.761153205775e+01,4.893845724031e-01
625,763,0,7.075436711311e-01,7.486059069633e-01,9.486833214760e-01,9.486833214760e-01,7.674581944948e-01,2.164169797374e-02,7.677632730135e-01,1.615266403541e+00,2.335466856944e-01
626,764,0,1.267966985703e+00,4.788699150085e-01,9.486833214760e-01,3.162277638912e-01,1.354331035561e+00,5.332953465000e-02,1.355380608224e+00,2.254972662478e+00,3.583218134972e-01
627,765,0,1.038271784782e+00,-9.759408235550e-02,9.486833214760e-01,-3.162277638912e-01,1.015853040029e+00,2.357444764465e-01,1.042848434391e+00,1.306511398240e+01,2.362769075750e-01
628,766,0,7.427193522453e-01,-6.384417414665e-01,9.486833214760e-01,-9.486833214760e-01,7.279357939818e-01,5.495912514651e-02,7.300075517396e-01,4.317637774411e+00,2.775597910959e-01
629,767,0,-4.868020415306e-01,1.211663007736e+00,-3.162277638912e-01,9.486833214760e-01,1.303424751559e+00,7.865949074401e-02,1.305796078437e+00,3.453515482299e+00,3.134547739990e-01
630,768,0,1.001296877861e+00,-7.352160662413e-02,9.486833214760e-01,-3.162277638912e-01,9.731631791875e-01,2.468891400633e-01,1.003992440613e+00,1.423546277603e+01,2.483434364595e-01
631,769,0,-8.957448601723e-02,-1.038806200027e+00,-3.162277638912e-01,-9.486833214760e-01,1.013824011929e+00,2.435215303403e-01,1.042660952996e+00,1.350662142022e+01,2.439135892998e-01
632,770,0,-6.841345429420e-01,-7.807815074921e-01,-9.486833214760e-01,-9.486833214760e-01,7.720785309870e-01,5.093742156216e-02,7.737569895817e-01,3.774584847442e+00,2.335440364309e-01
633,771,0,1.380871236324e-01,-4.112511873245e-01,3.162277638912e-01,-3.162277638912e-01,8.685801401453e-01,-4.319103109904e-01,9.700401932882e-01,-2.643932918962e+01,4.514617329343e-01
634,772,0,1.131704375148e-01,9.687642455101e-01,3.162277638912e-01,9.486833214760e-01,9.548380753958e-01,1.989872359642e-01,9.753520750489e-01,1.177189111396e+01,2.040478363292e-01
635,773,0,-1.327536404133e-01,-9.566089510918e-01,-3.162277638912e-01,-9.486833214760e-01,9.494993030061e-01,1.765651373864e-01,9.657764617909e-01,1.053417383428e+01,1.836452235620e-01
636,774,0,1.013945117593e-01,9.473643302917e-01,3.162277638912e-01,9.486833214760e-01,9.308124591133e-01,2.033916127966e-01,9.527748853725e-01,1.232595080492e+01,2.148372965058e-01
637,775,0,-1.406158506870e-01,-9.678966999054e-01,-3.162277638912e-01,-9.486833214760e-01,9.626940506479e-01,1.726758893641e-01,9.780576659485e-01,1.016885975927e+01,1.766598330825e-01
638,776,0,-7.511134743690e-01,6.859845519066e-01,-9.486833214760e-01,9.486833214760e-01,7.574171452913e-01,3.432595524138e-02,7.581945681581e-01,2.594854836542e+00,2.449994134725e-01
639,777,0,-7.461850047112e-01,6.793041229248e-01,-9.486833214760e-01,9.486833214760e-01,7.512987186378e-01,3.524931885716e-02,7.521251751582e-01,2.686224764403e+00,2.511868663587e-01
640,778,0,1.463311463594e-01,-3.994477093220e-01,3.162277638912e-01,-3.162277638912e-01,8.629521471574e-01,-4.002124289277e-01,9.512394002309e-01,-2.488051644249e+01,4.230273067273e-01
641,779,0,1.164602488279e-01,9.924300909042e-01,3.162277638912e-01,9.486833214760e-01,9.783297968725e-01,2.033500440221e-01,9.992399270708e-01,1.174198091260e+01,2.045014379103e-01
642,780,0,-4.526120722294e-01,-1.412422209978e-01,-3.162277638912e-01,-3.162277638912e-01,9.389660887453e-01,-4.923189656090e-01,1.060205300738e+00,-2.766893421299e+01,4.960877968882e-01
643,781,0,-7.296140789986e-01,-7.320907115936e-01,-9.486833214760e-01,-9.486833214760e-01,7.703860484856e-01,1.305299955737e-03,7.703871542992e-01,9.707873999281e-02,2.296176616422e-01
644,782,0,1.311828792095e-01,-4.268374443054e-01,3.162277638912e-01,-3.162277638912e-01,8.823076074163e-01,-4.674709163070e-01,9.984967559775e-01,-2.791587726828e+01,4.820586653770e-01
645,783,0,-1.454977989197e-01,4.139946997166e-01,-3.162277638912e-01,3.162277638912e-01,8.846353206809e-01,-4.245308784608e-01,9.812268429690e-01,-2.563605353019e+01,4.399266711636e-01
646,784,0,7.315812706947e-01,-6.566897630692e-01,9.486833214760e-01,-9.486833214760e-01,7.316830613212e-01,3.947128927547e-02,7.327469446552e-01,3.087878369748e+00,2.712046501427e-01
647,785,0,-7.624049186707e-01,6.596375703812e-01,-9.486833214760e-01,9.486833214760e-01,7.494821806498e-01,5.416314694434e-02,7.514367475699e-01,4.133432688754e+00,2.563061144392e-01
648,786,0,-7.840172648430e-01,6.535905599594e-01,-9.486833214760e-01,9.486833214760e-01,7.576858327001e-01,6.874090749306e-02,7.607976954732e-01,5.183957081881e+00,2.518758980872e-01
649,787,0,1.765133589506e-01,-4.110604226589e-01,3.162277638912e-01,-3.162277638912e-01,9.290357278870e-01,-3.708514724042e-01,1.000319048242e+00,-2.176084214980e+01,3.775801140167e-01
650,788,0,4.085569083691e-01,1.488407701254e-01,3.162277638912e-01,3.162277638912e-01,8.813231191904e-01,-4.106472737369e-01,9.722970862072e-01,-2.498288589116e+01,4.274522025516e-01
651,789,0,-6.516945958138e-01,-7.306764125824e-01,-9.486833214760e-01,-9.486833214760e-01,7.285734749955e-01,4.162707142662e-02,7.297616881850e-01,3.270041239796e+00,2.746000210334e-01
652,790,0,1.216914892197e+00,4.521078169346e-01,9.486833214760e-01,3.162277638912e-01,1.297435849947e+00,4.408486832932e-02,1.298184601797e+00,1.946073477953e+00,3.006851516943e-01
653,791,0,5.148736238480e-01,-1.229691386223e+00,3.162277638912e-01,-9.486833214760e-01,1.329404986128e+00,9.958945797838e-02,1.333130030148e+00,4.284185399520e+00,3.441303605123e-01
654,792,0,9.842285513878e-01,-1.290810555220e-01,9.486833214760e-01,-3.162277638912e-01,9.745401827655e-01,1.887833413340e-01,9.926568983238e-01,1.096328029915e+01,1.904923942284e-01
655,793,0,-1.007845282555e+00,1.409823745489e-01,-9.486833214760e-01,3.162277638912e-01,1.000708508107e+00,1.849610247217e-01,1.017658144400e+00,1.047180384489e+01,1.849623817154e-01
656,794,0,4.301723539829e-01,1.587774902582e-01,3.162277638912e-01,3.162277638912e-01,9.312114739611e-01,-4.291129602050e-01,1.025325675994e+00,-2.474079391859e+01,4.345915253781e-01
657,795,0,1.029347300529e+00,-1.536776274443e-01,9.486833214760e-01,-3.162277638912e-01,1.025121704320e+00,1.797167853273e-01,1.040755798253e+00,9.943624874593e+00,1.814641092788e-01
658,796,0,1.228060126305e+00,3.698034584522e-01,9.486833214760e-01,3.162277638912e-01,1.281982225084e+00,-3.752033279030e-02,1.282531169525e+00,-1.676422007382e+00,2.844674860789e-01
659,797,0,-1.257729649544e+00,-3.659295737743e-01,-9.486833214760e-01,-3.162277638912e-01,1.308904175887e+00,-5.057774900036e-02,1.309881006179e+00,-2.212882020487e+00,3.130174093795e-01
660,798,0,1.430837959051e-01,9.952039122581e-01,3.162277638912e-01,9.486833214760e-01,9.893803792105e-01,1.789698893265e-01,1.005437097014e+00,1.025340788761e+01,1.792846832032e-01
661,799,0,4.457393288612e-01,1.696807593107e-01,3.162277638912e-01,3.162277638912e-01,9.730646047633e-01,-4.364869266278e-01,1.066478111430e+00,-2.415954084161e+01,4.373172219723e-01
662,800,0,1.661726236343e-01,9.729539752007e-01,3.162277638912e-01,9.486833214760e-01,9.755735639789e-01,1.500298569523e-01,9.870424189019e-01,8.742812620260e+00,1.520052918613e-01
663,801,0,-1.713120937347e-01,-9.469506740570e-01,-3.162277638912e-01,-9.486833214760e-01,9.525299100113e-01,1.369311621770e-01,9.623218654075e-01,8.180523819055e+00,1.449260246425e-01
664,802,0,1.566030085087e-01,9.647687077522e-01,3.162277638912e-01,9.486833214760e-01,9.647821597414e-01,1.565199821132e-01,9.773960919484e-01,9.215008868956e+00,1.604331669986e-01
665,803,0,4.094685912132e-01,-1.231503009796e+00,3.162277638912e-01,-9.486833214760e-01,1.297791646786e+00,-9.794198186713e-04,1.297792016361e+00,-4.324007745516e-02,2.977932574100e-01
666,804,0,7.034254670143e-01,-7.084555625916e-01,9.486833214760e-01,-9.486833214760e-01,7.441266214153e-01,-2.651093079941e-03,7.441313439128e-01,-2.041262838184e-01,2.558871121469e-01
667,805,0,-4.339624941349e-01,-1.559276431799e-01,-3.162277638912e-01,-3.162277638912e-01,9.326982078615e-01,-4.396117019166e-01,1.031108333499e+00,-2.523606189390e+01,4.447336053044e-01
668,806,0,-1.736599504948e-01,4.556737244129e-01,-3.162277638912e-01,3.162277638912e-01,9.950639171647e-01,-4.459029315578e-01,1.090404339507e+00,-2.413786047912e+01,4.459302515928e-01
669,807,0,1.473823487759e-01,1.030273079872e+00,3.162277638912e-01,9.486833214760e-01,1.024009233894e+00,1.859817680654e-01,1.040761321895e+00,1.029392005812e+01,1.875250952937e-01
670,808,0,7.185099720955e-01,7.078180909157e-01,9.486833214760e-01,9.486833214760e-01,7.517408763928e-01,-5.635116027535e-03,7.517619967599e-01,-4.294861811009e-01,2.483230697838e-01
671,809,0,4.097016453743e-01,-1.245799899101e+00,3.162277638912e-01,-9.486833214760e-01,1.311428564827e+00,-5.279398373280e-03,1.311439191382e+00,-2.306535172677e-01,3.114733103135e-01
672,810,0,4.044268429279e-01,-1.247728586197e+00,3.162277638912e-01,-9.486833214760e-01,1.311590239118e+00,-1.089341964375e-02,1.311635476015e+00,-4.758594571055e-01,3.117806018743e-01
673,811,0,7.272478938103e-01,6.970859766006e-01,9.486833214760e-01,9.486833214760e-01,7.506898446338e-01,-1.589672577078e-02,7.508581415464e-01,-1.213123092520e+00,2.498164515378e-01
674,812,0,-9.934093952179e-01,2.064153850079e-01,-9.486833214760e-01,3.162277638912e-01,1.007705156840e+00,1.183207935254e-01,1.014627760956e+00,6.696783253133e+00,1.185714114886e-01
675,813,0,-1.514060795307e-01,4.481627047062e-01,-3.162277638912e-01,3.162277638912e-01,9.480014924356e-01,-4.692134263036e-01,1.057765602146e+00,-2.633311322274e+01,4.720858864789e-01
676,814,0,-4.352840781212e-01,-1.099523380399e-01,-3.162277638912e-01,-3.162277638912e-01,8.620944749630e-01,-5.143946503591e-01,1.003896777602e+00,-3.082368836897e+01,5.325596587743e-01
677,815,0,4.429936707020e-01,1.342612206936e-01,3.162277638912e-01,3.162277638912e-01,9.127201297767e-01,-4.881488680965e-01,1.035059105908e+00,-2.813914743723e+01,4.958902027366e-01
678,816,0,1.014617085457e+00,-1.549681574106e-01,9.486833214760e-01,-3.162277638912e-01,1.011555496949e+00,1.738343783519e-01,1.026383414960e+00,9.750954759001e+00,1.742180260671e-01
679,817,0,1.281029701233e+00,3.955584466457e-01,9.486833214760e-01,3.162277638912e-01,1.340378017173e+00,-2.983745561130e-02,1.340710074057e+00,-1.275220841530e+00,3.416832865853e-01
680,818,0,7.321185469627e-01,-6.690723896027e-01,9.486833214760e-01,-9.486833214760e-01,7.384924478199e-01,3.322824167605e-02,7.392396171282e-01,2.576268430466e+00,2.636101589319e-01
681,819,0,1.179297491908e-01,1.011664271355e+00,3.162277638912e-01,9.486833214760e-01,9.970416390754e-01,2.080383352090e-01,1.018514594381e+00,1.178598499684e+01,2.080593684887e-01
682,820,0,-4.436215460300e-01,-1.432307213545e-01,-3.162277638912e-01,-3.162277638912e-01,9.278949137217e-01,-4.749596002881e-01,1.042389367183e+00,-2.710644833946e+01,4.804016708683e-01
683,821,0,-6.986025571823e-01,-7.398042678833e-01,-9.486833214760e-01,-9.486833214760e-01,7.581069428035e-01,2.171520768220e-02,7.584178841322e-01,1.640731105055e+00,2.428658093774e-01
684,822,0,-4.497126042843e-01,-1.351621299982e-01,-3.162277638912e-01,-3.162277638912e-01,9.247681593253e-01,-4.973479722582e-01,1.050024358770e+00,-2.827173178731e+01,5.030058005238e-01
685,823,0,-7.470758557320e-01,7.134374380112e-01,-9.486833214760e-01,9.486833214760e-01,7.697580745231e-01,1.772900237587e-02,7.699622138903e-01,1.319398244160e+00,2.309234976622e-01
686,824,0,-4.307537376881e-01,-1.459832191467e-01,-3.162277638912e-01,-3.162277638912e-01,9.119012033257e-01,-4.502617275555e-01,1.017005126795e+00,-2.627838753212e+01,4.587995436753e-01
687,825,0,4.002204835415e-01,1.933749467134e-01,3.162277638912e-01,3.162277638912e-01,9.385567904454e-01,-3.270515123068e-01,9.939072092471e-01,-1.921151185593e+01,3.327731354880e-01
688,826,0,-4.093126356602e-01,1.281307816505e+00,-3.162277638912e-01,9.486833214760e-01,1.344991316730e+00,-1.687703422223e-02,1.345097199597e+00,-7.189132544374e-01,3.454038837413e-01
689,827,0,1.243698000908e+00,4.572886228561e-01,9.486833214760e-01,3.162277638912e-01,1.324482851985e+00,4.053025007431e-02,1.325102836150e+00,1.752750387090e+00,3.270043155728e-01
690,828,0,-6.826301813126e-01,-7.117561101913e-01,-9.486833214760e-01,-9.486833214760e-01,7.349060850646e-01,1.535071199179e-02,7.350663903509e-01,1.196619738865e+00,2.655379974588e-01
691,829,0,-7.620790600777e-01,7.013420462608e-01,-9.486833214760e-01,9.486833214760e-01,7.712906262870e-01,3.201121619928e-02,7.719546283045e-01,2.376608122287e+00,2.309387269099e-01
692,830,0,-9.749186038971e-01,1.312389373779e-01,-9.486833214760e-01,3.162277638912e-01,9.663903733626e-01,1.837921311458e-01,9.837123061135e-01,1.076815010836e+01,1.868399167036e-01
693,831,0,3.472537994385e-01,-1.255097746849e+00,3.162277638912e-01,-9.486833214760e-01,1.300501535702e+00,-6.746286319673e-02,1.302250161173e+00,-2.969528028829e+00,3.079811859029e-01
694,832,0,-1.281667470932e+00,-3.772026002407e-01,-9.486833214760e-01,-3.162277638912e-01,1.335178430610e+00,-4.745302067388e-02,1.336021418518e+00,-2.035468709284e+00,3.385208553656e-01
695,833,0,1.337538957596e-01,-4.228622913361e-01,3.162277638912e-01,-3.162277638912e-01,8.800874727861e-01,-4.571205134220e-01,9.917223016279e-01,-2.744752254815e+01,4.725866883165e-01
696,834,0,1.007016420364e+00,-1.632672548294e-01,9.486833214760e-01,-3.162277638912e-01,1.006969277961e+00,1.635576221640e-01,1.020165781883e+00,9.225734887546e+00,1.637060371619e-01
697,835,0,-3.294049799442e-01,1.291984081268e+00,-3.162277638912e-01,9.486833214760e-01,1.329850692414e+00,-9.606022237789e-02,1.333315577963e+00,-4.131518438519e+00,3.435535556643e-01
698,836,0,2.196373194456e-01,1.024979948997e+00,3.162277638912e-01,9.486833214760e-01,1.041836755951e+00,1.157608505835e-01,1.048248253315e+00,6.340257534441e+00,1.230889461987e-01
699,837,0,1.301717162132e+00,3.954345285892e-01,9.486833214760e-01,3.162277638912e-01,1.359964679117e+00,-3.649696381847e-02,1.360454320003e+00,-1.537260655503e+00,3.618101692602e-01
700,838,0,1.274284243584e+00,3.872284591198e-01,9.486833214760e-01,3.162277638912e-01,1.331344541066e+00,-3.560687460775e-02,1.331820609746e+00,-1.532013202108e+00,3.332522384223e-01
701,839,0,-6.522363424301e-01,7.607679367065e-01,-9.486833214760e-01,9.486833214760e-01,7.447186258836e-01,-5.720117125469e-02,7.469121807354e-01,-4.392213610146e+00,2.616114561017e-01
702,840,0,7.048318982124e-01,7.238383889198e-01,9.486833214760e-01,9.486833214760e-01,7.529753368645e-01,1.001729991301e-02,7.530419671066e-01,7.621964787473e-01,2.472276895794e-01
703,841,0,-6.709239482880e-01,7.451874613762e-01,-9.486833214760e-01,9.486833214760e-01,7.463562274189e-01,-3.914030710094e-02,7.473818179799e-01,-3.001947200090e+00,2.566459175773e-01
704,842,0,7.315345406532e-01,7.305830717087e-01,9.486833214760e-01,9.486833214760e-01,7.706036246569e-01,-5.014681522330e-04,7.706037878214e-01,-3.728506291445e-02,2.293969234555e-01
705,843,0,-1.389815211296e-01,4.375731647015e-01,-3.162277638912e-01,3.162277638912e-01,9.116130075622e-01,-4.721148451636e-01,1.026611271407e+00,-2.737916664352e+01,4.803172779070e-01
706,844,0,-7.461351156235e-01,-6.869964003563e-01,-9.486833214760e-01,-9.486833214760e-01,7.553266108600e-01,-3.116883892044e-02,7.559694342981e-01,-2.362991410606e+00,2.466506920179e-01
707,845,0,-4.435380399227e-01,-1.661487221718e-01,-3.162277638912e-01,-3.162277638912e-01,9.639994202157e-01,-4.385910242947e-01,1.059083079257e+00,-2.446412128306e+01,4.400660499705e-01
708,846,0,-1.762747466564e-01,-9.817829728127e-01,-3.162277638912e-01,-9.486833214760e-01,9.871440580339e-01,1.432381157948e-01,9.974821046656e-01,8.256198438800e+00,1.438138834059e-01
709,847,0,-6.736495494843e-01,7.418264746666e-01,-9.486833214760e-01,9.486833214760e-01,7.460213498581e-01,-3.593239368658e-02,7.468861970610e-01,-2.757541277576e+00,2.565078783272e-01
710,848,0,-6.994548439980e-01,7.661758065224e-01,-9.486833214760e-01,9.486833214760e-01,7.724551582925e-01,-3.516503400766e-02,7.732551656403e-01,-2.606517551149e+00,2.302460305944e-01
711,849,0,-4.284012913704e-01,-1.280373632908e-01,-3.162277638912e-01,-3.162277638912e-01,8.798067693585e-01,-4.749170730356e-01,9.998030694440e-01,-2.836004131127e+01,4.898904356616e-01
712,850,0,3.714136183262e-01,-1.291663408279e+00,3.162277638912e-01,-9.486833214760e-01,1.342830772518e+00,-5.610592380692e-02,1.344002365440e+00,-2.392530797711e+00,3.473914409881e-01
713,851,0,1.191068738699e-01,-4.582790732384e-01,3.162277638912e-01,-3.162277638912e-01,9.129273470543e-01,-5.362783381113e-01,1.058787418195e+00,-3.043113399989e+01,5.433011161579e-01
714,852,0,-1.266733407974e+00,-3.342319428921e-01,-9.486833214760e-01,-3.162277638912e-01,1.307422220470e+00,-8.349599972490e-02,1.310085663058e+00,-3.654122128702e+00,3.185592623187e-01
715,853,0,1.688048094511e-01,9.762519001961e-01,3.162277638912e-01,9.486833214760e-01,9.795346204818e-01,1.485756416784e-01,9.907385094073e-01,8.624871422156e+00,1.499785086570e-01
716,854,0,-4.154248535633e-01,-1.037089899182e-01,-3.162277638912e-01,-3.162277638912e-01,8.208226834569e-01,-4.928660592754e-01,9.574271930873e-01,-3.098286889903e+01,5.244248879956e-01
717,855,0,4.567874372005e-01,1.166100800037e-01,3.162277638912e-01,3.162277638912e-01,9.066210856197e-01,-5.378676321947e-01,1.054164779649e+00,-3.067922297465e+01,5.459131903642e-01
718,856,0,4.387932121754e-01,1.019353568554e-01,3.162277638912e-01,3.162277638912e-01,8.549669427773e-01,-5.326190388455e-01,1.007299118327e+00,-3.192168156542e+01,5.520123442714e-01
719,857,0,-7.392827868462e-01,-6.418802738190e-01,-9.486833214760e-01,-9.486833214760e-01,7.279368306572e-01,-5.133563056408e-02,7.297447337204e-01,-4.033939851051e+00,2.768640732892e-01
720,858,0,-3.512726426125e-01,1.240430831909e+00,-3.162277638912e-01,9.486833214760e-01,1.287858148457e+00,-5.901216835557e-02,1.289209465743e+00,-2.623569029880e+00,2.938447713452e-01
721,859,0,3.616408109665e-01,-1.252401709557e+00,3.162277638912e-01,-9.486833214760e-01,1.302493422488e+00,-5.296158409489e-02,1.303569731550e+00,-2.328460533066e+00,3.070947737069e-01
722,860,0,1.642113924026e-01,-4.559560418129e-01,3.162277638912e-01,-3.162277638912e-01,9.805708179831e-01,-4.612887967525e-01,1.083654226721e+00,-2.519364649787e+01,4.616977876525e-01
723,861,0,9.925682544708e-01,-2.179129123688e-01,9.486833214760e-01,-3.162277638912e-01,1.010543017888e+00,1.071472895039e-01,1.016207524401e+00,6.052424903048e+00,1.076647429487e-01
724,862,0,-7.289718985558e-01,-6.911189556122e-01,-9.486833214760e-01,-9.486833214760e-01,7.484535787762e-01,-1.995025214772e-02,7.487194215082e-01,-1.526874449192e+00,2.523363124706e-01
725,863,0,-1.452982276678e-01,-9.885517358780e-01,-3.162277638912e-01,-9.486833214760e-01,9.837698354735e-01,1.747654921662e-01,9.991726909998e-01,1.007343216911e+01,1.755175076528e-01
726,864,0,1.295085906982e+00,3.758677244186e-01,9.486833214760e-01,3.162277638912e-01,1.347486151765e+00,-5.296267689217e-02,1.348526593858e+00,-2.250840684012e+00,3.514991761184e-01
727,865,0,1.032678484917e+00,-1.710754036903e-01,9.486833214760e-01,-3.162277638912e-01,1.033783602895e+00,1.642652188278e-01,1.046752883794e+00,9.028652273902e+00,1.677032913842e-01
728,866,0,4.360295534134e-01,-1.251876115799e+00,3.162277638912e-01,-9.486833214760e-01,1.325518585146e+00,1.777597945979e-02,1.325637772928e+00,7.683238556407e-01,3.260035808411e-01
729,867,0,1.634532958269e-01,9.777132272720e-01,3.162277638912e-01,9.486833214760e-01,9.792286599324e-01,1.541146453531e-01,9.912820448012e-01,8.944057232992e+00,1.555081106583e-01
730,868,0,-4.334803819656e-01,-1.188660264015e-01,-3.162277638912e-01,-3.162277638912e-01,8.733363597972e-01,-4.974489774281e-01,1.005073073208e+00,-2.966566999074e+01,5.133216953273e-01
731,869,0,-7.492251396179e-01,-7.072896957397e-01,-9.486833214760e-01,-9.486833214760e-01,7.676507019706e-01,-2.210191901178e-02,7.679688112547e-01,-1.649183584437e+00,2.333981386360e-01
732,870,0,-7.371665835381e-01,-7.011618614197e-01,-9.486833214760e-01,-9.486833214760e-01,7.580656328605e-01,-1.897615426735e-02,7.583031044081e-01,-1.433947789774e+00,2.426774246484e-01
733,871,0,-7.030609846115e-01,7.333447337151e-01,-9.486833214760e-01,9.486833214760e-01,7.570522669734e-01,-1.596093681526e-02,7.572205005371e-01,-1.207788282435e+00,2.434714613394e-01
734,872,0,-1.011263728142e+00,1.959123909473e-01,-9.486833214760e-01,3.162277638912e-01,1.021321925788e+00,1.339308439196e-01,1.030065991599e+00,7.470841373495e+00,1.356174600571e-01
735,873,0,-9.791297316551e-01,1.690691113472e-01,-9.486833214760e-01,3.162277638912e-01,9.823483506654e-01,1.492349530565e-01,9.936193200963e-01,8.638128063723e+00,1.502752539110e-01
736,874,0,3.460800647736e-01,-1.280714154243e+00,3.162277638912e-01,-9.486833214760e-01,1.324432225634e+00,-7.667698452929e-02,1.326649946389e+00,-3.313396484442e+00,3.333701081171e-01
737,875,0,-7.215698361397e-01,-7.250962257385e-01,-9.486833214760e-01,-9.486833214760e-01,7.624599427064e-01,1.858570462354e-03,7.624622079264e-01,1.396637731942e-01,2.375473281332e-01
738,876,0,2.937771081924e-01,-1.253861665726e+00,3.162277638912e-01,-9.486833214760e-01,1.282418072443e+00,-1.178044229301e-01,1.287817531559e+00,-5.248527156899e+00,3.060030223777e-01
739,877,0,-2.784556746483e-01,1.265736341476e+00,-3.162277638912e-01,9.486833214760e-01,1.288838316330e+00,-1.360947127658e-01,1.296003848946e+00,-6.027802654990e+00,3.192950732832e-01
740,878,0,1.308326959610e+00,3.173763453960e-01,9.486833214760e-01,3.162277638912e-01,1.341551119812e+00,-1.126396585128e-01,1.346271554976e+00,-4.799425921458e+00,3.596454644711e-01
741,879,0,6.530051231384e-01,-7.480162382126e-01,9.486833214760e-01,-9.486833214760e-01,7.384030738367e-01,-5.007525320796e-02,7.400990679871e-01,-3.879608001784e+00,2.663465463675e-01
742,880,0,-6.560794115067e-01,7.078124880791e-01,-9.486833214760e-01,9.486833214760e-01,7.188341297409e-01,-2.726572471619e-02,7.193510449180e-01,-2.172215171215e+00,2.824848072780e-01
743,881,0,3.594103455544e-01,-1.261105895042e+00,3.162277638912e-01,-9.486833214760e-01,1.310045602670e+00,-5.783009433335e-02,1.311321394962e+00,-2.527599499202e+00,3.153927639396e-01
744,882,0,1.310884237289e+00,3.524517416954e-01,9.486833214760e-01,3.162277638912e-01,1.355068980051e+00,-8.017289865105e-02,1.357438630059e+00,-3.385967846517e+00,3.640077942475e-01
745,883,0,4.421103894711e-01,1.244735345244e-01,3.162277638912e-01,3.162277638912e-01,8.958478487525e-01,-5.022279685978e-01,1.027023028250e+00,-2.927575235282e+01,5.129138358939e-01
746,884,0,-7.417514324188e-01,-7.076554298401e-01,-9.486833214760e-01,-9.486833214760e-01,7.639044713066e-01,-1.797017076557e-02,7.641158081858e-01,-1.347583526059e+00,2.367784316748e-01
747,885,0,3.698161244392e-01,-1.284334301949e+00,3.162277638912e-01,-9.486833214760e-01,1.335372599983e+00,-5.530377274186e-02,1.336517298079e+00,-2.371520156926e+00,3.399018801046e-01
748,886,0,7.672784328461e-01,6.590591669083e-01,9.486833214760e-01,9.486833214760e-01,7.517459026976e-01,-5.703655977078e-02,7.539065402112e-01,-4.338839713428e+00,2.547219385485e-01
749,887,0,-4.320068955421e-01,-1.099357232451e-01,-3.162277638912e-01,-3.162277638912e-01,8.568865240019e-01,-5.092392399925e-01,9.967843892057e-01,-3.072259971201e+01,5.289669843765e-01
750,888,0,1.136891245842e-01,-4.648330509663e-01,3.162277638912e-01,-3.162277638912e-01,9.147238819762e-01,-5.552073006829e-01,1.070035012039e+00,-3.125637319557e+01,5.617180458529e-01
751,889,0,1.285190284252e-01,-4.709376394749e-01,3.162277638912e-01,-3.162277638912e-01,9.478242209408e-01,-5.414113657134e-01,1.091557154127e+00,-2.973565370149e+01,5.439196437380e-01
752,890,0,6.602097153664e-01,-7.605729699135e-01,9.486833214760e-01,-9.486833214760e-01,7.488182057788e-01,-5.289607831988e-02,7.506841548930e-01,-4.040628325169e+00,2.566910377279e-01
753,891,0,-8.013081550598e-02,4.049288332462e-01,-3.162277638912e-01,3.162277638912e-01,7.669466507044e-01,-5.135507612355e-01,9.230067981289e-01,-3.380643394346e+01,5.639576650631e-01
754,892,0,6.455057859421e-01,-7.387449145317e-01,9.486833214760e-01,-9.486833214760e-01,7.295641596819e-01,-4.914133435200e-02,7.312172959075e-01,-3.853457548236e+00,2.748643564932e-01
755,893,0,-6.383678913116e-01,7.317017316818e-01,-9.486833214760e-01,9.486833214760e-01,7.220900757810e-01,-4.919125184206e-02,7.237636746889e-01,-3.897163742561e+00,2.822298801283e-01
756,894,0,9.955082535744e-01,-2.078749984503e-01,9.486833214760e-01,-3.162277638912e-01,1.010157878946e+00,1.175997999126e-01,1.016980163689e+00,6.640325881707e+00,1.180376865420e-01
757,895,0,6.739645600319e-01,-7.257295846939e-01,9.486833214760e-01,-9.486833214760e-01,7.377035692733e-01,-2.728256283745e-02,7.382078937221e-01,-2.118010101438e+00,2.637115010896e-01
758,896,0,-6.693589687347e-01,6.925377845764e-01,-9.486833214760e-01,9.486833214760e-01,7.177825953514e-01,-1.221630828589e-02,7.178865456167e-01,-9.750519719998e-01,2.824816837863e-01
759,897,0,3.420692980289e-01,-1.252866268158e+00,3.162277638912e-01,-9.486833214760e-01,1.296745085960e+00,-7.167565751588e-02,1.298724458013e+00,-3.163719793794e+00,3.052786365303e-01
760,898,0,1.017432689667e+00,-2.103712260723e-01,9.486833214760e-01,-3.162277638912e-01,1.031746601348e+00,1.221647856043e-01,1.038953937495e+00,6.752712420609e+00,1.262223496015e-01
761,899,0,4.325028359890e-01,9.636477380991e-02,3.162277638912e-01,3.162277638912e-01,8.362131194477e-01,-5.314809459531e-01,9.908200528086e-01,-3.243925322649e+01,5.561457885773e-01
762,900,0,-1.295822978020e+00,-2.880226969719e-01,-9.486833214760e-01,-3.162277638912e-01,1.320406363333e+00,-1.365328680294e-01,1.327446491721e+00,-5.903526747273e+00,3.482835938095e-01
763,901,0,1.942286193371e-01,9.595012068748e-01,3.162277638912e-01,9.486833214760e-01,9.716832319931e-01,1.191594642465e-01,9.789623492535e-01,6.991388925974e+00,1.224778235840e-01
764,902,0,-7.259910702705e-01,-6.427615880966e-01,-9.486833214760e-01,-9.486833214760e-01,7.213959744953e-01,-4.386578760783e-02,7.227284132649e-01,-3.479689091655e+00,2.820361862419e-01
765,903,0,9.593443870544e-01,-2.133020758629e-01,9.486833214760e-01,-3.162277638912e-01,9.775660158982e-01,1.010152041585e-01,9.827712790423e-01,5.899627898683e+00,1.034763505051e-01
766,904,0,-9.738633036613e-01,1.797258704901e-01,-9.486833214760e-01,3.162277638912e-01,9.807221414481e-01,1.374596731560e-01,9.903085784091e-01,7.978696282549e+00,1.388048903119e-01
767,905,0,-2.247251123190e-01,-9.492489695549e-01,-3.162277638912e-01,-9.486833214760e-01,9.716009432256e-01,8.698590929525e-02,9.754870277419e-01,5.115961688188e+00,9.150439793583e-02
768,906,0,-3.350839912891e-01,1.261035680771e+00,-3.162277638912e-01,9.486833214760e-01,1.302286323283e+00,-8.088589620123e-02,1.304795844573e+00,-3.554114551466e+00,3.129209955375e-01
769,907,0,2.299029231071e-01,9.937313795090e-01,3.162277638912e-01,9.486833214760e-01,1.015438029286e+00,9.614037919646e-02,1.019979099704e+00,5.408568960253e+00,9.737199422972e-02
770,908,0,1.270588755608e+00,3.900076448917e-01,9.486833214760e-01,3.162277638912e-01,1.328717549074e+00,-3.180169168347e-02,1.329098067416e+00,-1.371062578190e+00,3.302522894136e-01
771,909,0,2.355416715145e-01,9.987096786499e-01,3.162277638912e-01,9.486833214760e-01,1.021943987170e+00,9.236526919643e-02,1.026109573031e+00,5.164470926062e+00,9.493619713597e-02
772,910,0,1.268365025520e+00,3.728919327259e-01,9.486833214760e-01,3.162277638912e-01,1.321195470367e+00,-4.733587648782e-02,1.322043174832e+00,-2.051919200340e+00,3.246647738624e-01
773,911,0,-7.258613705635e-01,-6.943500041962e-01,-9.486833214760e-01,-9.486833214760e-01,7.485170987037e-01,-1.660794790738e-02,7.487013229490e-01,-1.271058761160e+00,2.520306996738e-01
774,912,0,-9.803078770638e-01,1.696324199438e-01,-9.486833214760e-01,3.162277638912e-01,9.836441713268e-01,1.490731138811e-01,9.948761978595e-01,8.617704791317e+00,1.499676845650e-01
775,913,0,1.265527725220e+00,3.836661279202e-01,9.486833214760e-01,3.162277638912e-01,1.321910870517e+00,-3.621734455441e-02,1.322406913789e+00,-1.569381153896e+00,3.239418228688e-01
776,914,0,4.735799133778e-01,1.154706999660e-01,3.162277638912e-01,3.162277638912e-01,9.313708039031e-01,-5.662203865423e-01,1.089980321152e+00,-3.129721801407e+01,5.703643508259e-01
777,915,0,6.760696768761e-01,-7.059292793274e-01,9.486833214760e-01,-9.486833214760e-01,7.283773862775e-01,-1.573739190696e-02,7.285473782428e-01,-1.237745547417e+00,2.720781317737e-01
778,916,0,-6.864693760872e-01,6.851736903191e-01,-9.486833214760e-01,9.486833214760e-01,7.229193532528e-01,6.828863429957e-04,7.229196757878e-01,5.412290254374e-02,2.770814882586e-01
779,917,0,3.354725837708e-01,-1.244312763214e+00,3.162277638912e-01,-9.486833214760e-01,1.286544454720e+00,-7.522899441419e-02,1.288742036085e+00,-3.346484731471e+00,2.962551706412e-01
780,918,0,-6.523982286453e-01,7.278761267662e-01,-9.486833214760e-01,9.486833214760e-01,7.274684418738e-01,-3.978034419507e-02,7.285552893958e-01,-3.130002514729e+00,2.754195453467e-01
781,919,0,9.598185420036e-01,-2.220112681389e-01,9.486833214760e-01,-3.162277638912e-01,9.807699270510e-01,9.290288001171e-02,9.851601874427e-01,5.411164762640e+00,9.487223418944e-02
782,920,0,-1.781756579876e-01,-9.807109832764e-01,-3.162277638912e-01,-9.486833214760e-01,9.867282003976e-01,1.410957601576e-01,9.967650450303e-01,8.137760989309e+00,1.417185739385e-01
783,921,0,1.289393186569e+00,2.735058069229e-01,9.486833214760e-01,3.162277638912e-01,1.309715884206e+00,-1.482715204199e-01,1.318081993318e+00,-6.458894026176e+00,3.433778861501e-01
784,922,0,-4.492681920528e-01,-1.034793481231e-01,-3.162277638912e-01,-3.162277638912e-01,8.739706048803e-01,-5.467401718224e-01,1.030897392411e+00,-3.202935113809e+01,5.610777342923e-01
785,923,0,-2.344277948141e-01,-9.682577252388e-01,-3.162277638912e-01,-9.486833214760e-01,9.927024893845e-01,8.379223268048e-02,9.962325886498e-01,4.824796963106e+00,8.410940446088e-02
786,924,0,1.296645402908e+00,2.617399096489e-01,9.486833214760e-01,3.162277638912e-01,1.312875237369e+00,-1.617269825022e-01,1.322798928699e+00,-7.022620804492e+00,3.522024006562e-01
787,925,0,1.006722450256e+00,-2.619557082653e-01,9.486833214760e-01,-3.162277638912e-01,1.037898421041e+00,6.984057489664e-02,1.040245566345e+00,3.849651140144e+00,7.946065831151e-02
788,926,0,6.491560935974e-01,-7.600515484810e-01,9.486833214760e-01,-9.486833214760e-01,7.427176225075e-01,-5.844703515555e-02,7.450137734980e-01,-4.499531599035e+00,2.638375971818e-01
789,927,0,2.129672765732e-01,9.648681282997e-01,3.162277638912e-01,9.486833214760e-01,9.827004240377e-01,1.030795829140e-01,9.880918600098e-01,5.988097560193e+00,1.045211736549e-01
790,928,0,-9.600375294685e-01,2.641260623932e-01,-9.486833214760e-01,3.162277638912e-01,9.942955434373e-01,5.301852875072e-02,9.957080857813e-01,3.052275329310e+00,5.332452733561e-02
791,929,0,1.271299600601e+00,2.975555956364e-01,9.486833214760e-01,3.162277638912e-01,1.300156012291e+00,-1.197341939810e-01,1.305657663212e+00,-5.261651765620e+00,3.231561680098e-01
792,930,0,7.787461876869e-01,6.534166336060e-01,9.486833214760e-01,9.486833214760e-01,7.548160639447e-01,-6.605447320712e-02,7.577007877913e-01,-5.001252331782e+00,2.539258866880e-01
793,931,0,1.138925030828e-01,-4.266572594643e-01,3.162277638912e-01,-3.162277638912e-01,8.546842249009e-01,-4.945245043207e-01,9.874409398380e-01,-3.005388569527e+01,5.154329829050e-01
794,932,0,7.846082001925e-02,-4.593814909458e-01,3.162277638912e-01,-3.162277638912e-01,8.504033680453e-01,-6.022884680322e-01,1.042083147886e+00,-3.530759789219e+01,6.205888743901e-01
795,933,0,-1.303997278214e+00,-2.974322736263e-01,-9.486833214760e-01,-3.162277638912e-01,1.331136754514e+00,-1.301911005402e-01,1.337488236164e+00,-5.586016108701e+00,3.558107261592e-01
796,934,0,-6.814783811569e-01,7.805995345116e-01,-9.486833214760e-01,9.486833214760e-01,7.705827026630e-01,-5.224143352728e-02,7.723515190769e-01,-3.878416326827e+00,2.352901691410e-01
797,935,0,-4.430572688580e-01,-9.141950309277e-02,-3.162277638912e-01,-3.162277638912e-01,8.450819835898e-01,-5.559881293126e-01,1.011576175542e+00,-3.334132911159e+01,5.771675595051e-01
798,936,0,9.574186205864e-01,-2.503104507923e-01,9.486833214760e-01,-3.162277638912e-01,9.874421485924e-01,6.529699682360e-02,9.895987543500e-01,3.783313607716e+00,6.649358936135e-02
799,937,0,-6.643793731928e-02,4.439534544945e-01,-3.162277638912e-01,3.162277638912e-01,8.069996535619e-01,-5.969044471773e-01,1.003764593871e+00,-3.648880941397e+01,6.273308957681e-01
800,938,0,9.605333805084e-01,-2.645774781704e-01,9.486833214760e-01,-3.162277638912e-01,9.949086992242e-01,5.274708000910e-02,9.963059641704e-01,3.034809370494e+00,5.299222389253e-02
801,939,0,-8.241801857948e-01,-6.137444376945e-01,-9.486833214760e-01,-3.162277638912e-01,9.759689852208e-01,3.216204406295e-01,1.027596792494e+00,1.823909888142e+01,3.225169724248e-01
802,940,0,-9.495966434479e-01,2.858856916428e-01,-9.486833214760e-01,3.162277638912e-01,9.912714480391e-01,2.907383439287e-02,9.916977218608e-01,1.679994506036e+00,3.035581436294e-02
803,941,0,1.294715881348e+00,2.614637613297e-01,9.486833214760e-01,3.162277638912e-01,1.310957406763e+00,-1.613787915334e-01,1.320852920163e+00,-7.017801412761e+00,3.503392972215e-01
804,942,0,8.165352940559e-01,6.016445755959e-01,9.486833214760e-01,3.162277638912e-01,9.648900920763e-01,3.125590306747e-01,1.014251466572e+00,1.794881188472e+01,3.145248055253e-01
805,943,0,6.316246390343e-01,-7.721205949783e-01,3.162277638912e-01,-9.486833214760e-01,9.322351376629e-01,3.550457759774e-01,9.975569432032e-01,2.084955126008e+01,3.614548099099e-01
806,944,0,-1.108686923981e-01,4.594092369080e-01,-3.162277638912e-01,3.162277638912e-01,9.016885840267e-01,-5.510909924876e-01,1.056760892806e+00,-3.143229886311e+01,5.597914044639e-01
807,945,0,2.478516995907e-01,9.866505861282e-01,3.162277638912e-01,9.486833214760e-01,1.014396500200e+00,7.687353167871e-02,1.017305165371e+00,4.333735508446e+00,7.820996797568e-02
808,946,0,6.585838198662e-01,-7.506662011147e-01,9.486833214760e-01,-9.486833214760e-01,7.427399581497e-01,-4.853167498782e-02,7.443238333611e-01,-3.738472507402e+00,2.617977322475e-01
809,947,0,-4.619754254818e-01,-1.213297173381e-01,-3.162277638912e-01,-3.162277638912e-01,9.222864172997e-01,-5.386081600680e-01,1.068040722832e+00,-3.028459909129e+01,5.441857688583e-01
810,948,0,-1.287357449532e+00,-3.002285063267e-01,-9.486833214760e-01,-3.162277638912e-01,1.316235073628e+00,-1.222763857399e-01,1.321902524227e+00,-5.307464184546e+00,3.390518194936e-01
811,949,0,9.618123769760e-01,-2.235561609268e-01,9.486833214760e-01,-3.162277638912e-01,9.831499829242e-01,9.206777200121e-02,9.874514487129e-01,5.349901311635e+00,9.359699630181e-02
812,950,0,7.955673933029e-01,6.395182609558e-01,9.486833214760e-01,9.486833214760e-01,7.563565321387e-01,-8.224511215414e-02,7.608149986574e-01,-6.205877022457e+00,2.571505354938e-01
813,951,0,1.246238946915e-01,-4.366284310818e-01,3.162277638912e-01,-3.162277638912e-01,8.874178517202e-01,-4.933224909651e-01,1.015321389336e+00,-2.907002325558e+01,5.060057511564e-01
814,952,0,6.551409363747e-01,-7.348319292068e-01,9.486833214760e-01,-9.486833214760e-01,7.325800054221e-01,-4.200084002120e-02,7.337830298574e-01,-3.281333523116e+00,2.706982158466e-01
815,953,0,7.694705128670e-01,6.417815089226e-01,9.486833214760e-01,9.486833214760e-01,7.437951051958e-01,-6.729801244199e-02,7.468334359092e-01,-5.170000934522e+00,2.648961505954e-01
816,954,0,3.290182352066e-01,-1.274086833000e+00,3.162277638912e-01,-9.486833214760e-01,1.312749572796e+00,-9.076751408863e-02,1.315883802807e+00,-3.955310038330e+00,3.256547817823e-01
817,955,0,9.558930993080e-01,-2.214835137129e-01,9.486833214760e-01,-3.162277638912e-01,9.768790346019e-01,9.216221789950e-02,9.812168581170e-01,5.389533741071e+00,9.501817430942e-02
818,956,0,-6.268054842949e-01,7.643388509750e-01,-3.162277638912e-01,9.486833214760e-01,9.233287767718e-01,3.529347278489e-01,9.884831572347e-01,2.091893901896e+01,3.611667185568e-01
819,957,0,2.745115458965e-01,-1.249249696732e+00,3.162277638912e-01,-9.486833214760e-01,1.271950469145e+00,-1.346229071920e-01,1.279054855391e+00,-6.041677689523e+00,3.034474992634e-01
820,958,0,1.313541531563e+00,2.462062686682e-01,9.486833214760e-01,3.162277638912e-01,1.323992143789e+00,-1.818065127397e-01,1.336416404004e+00,-7.818780737581e+00,3.715165101471e-01
821,959,0,9.945231676102e-01,-2.186787873507e-01,9.486833214760e-01,-3.162277638912e-01,1.012639802220e+00,1.070389144976e-01,1.018281247131e+00,6.033921312290e+00,1.077826229825e-01
822,960,0,8.066199421883e-01,6.665666103363e-01,9.486833214760e-01,9.486833214760e-01,7.764374682125e-01,-7.381458526859e-02,7.799382892529e-01,-5.430690416044e+00,2.354332147714e-01
823,961,0,7.641806602478e-01,6.515212655067e-01,9.486833214760e-01,9.486833214760e-01,7.461404104543e-01,-5.937671306679e-02,7.484992359165e-01,-4.549922217197e+00,2.607111145673e-01
824,962,0,-7.855301499367e-01,-6.222558617592e-01,-9.486833214760e-01,-3.162277638912e-01,9.419938908916e-01,3.419173002206e-01,1.002127701776e+00,1.994947397760e+01,3.468027521287e-01
825,963,0,-4.461818635464e-01,-7.959967851639e-02,-3.162277638912e-01,-3.162277638912e-01,8.313336178850e-01,-5.796173310641e-01,1.013445526260e+00,-3.488474343266e+01,6.036593401295e-01
826,964,0,2.298272401094e-01,1.012066602707e+00,3.162277638912e-01,9.486833214760e-01,1.032808415916e+00,1.020102847734e-01,1.037833956944e+00,5.640797501714e+00,1.071563827051e-01
827,965,0,-9.864140152931e-01,2.548256814480e-01,-9.486833214760e-01,3.162277638912e-01,1.016377435997e+00,7.018262142862e-02,1.018797670175e+00,3.950102508256e+00,7.206816745570e-02
828,966,0,-2.458103150129e-01,-9.550925493240e-01,-3.162277638912e-01,-9.486833214760e-01,9.838123758630e-01,6.883063211562e-02,9.862172411891e-01,4.002072999030e+00,7.070852206514e-02
829,967,0,7.784025073051e-01,6.348273754120e-01,9.486833214760e-01,9.486833214760e-01,7.448375294078e-01,-7.567073682174e-02,7.486714937978e-01,-5.800982151641e+00,2.661464762304e-01
830,968,0,-9.740236401558e-01,2.839343249798e-01,-9.486833214760e-01,3.162277638912e-01,1.013827855121e+00,3.864955753491e-02,1.014564294718e+00,2.183195776625e+00,4.104872561839e-02
831,969,0,-1.167857572436e-01,4.628714621067e-01,-3.162277638912e-01,3.162277638912e-01,9.165185438141e-01,-5.472095501743e-01,1.067447672234e+00,-3.083941273293e+01,5.535408253497e-01
832,970,0,1.227507218719e-01,-4.337947368622e-01,3.162277638912e-01,-3.162277638912e-01,8.799756414264e-01,-4.918037732723e-01,1.008081386054e+00,-2.920009974215e+01,5.062378868238e-01
833,971,0,9.872934818268e-01,-2.220539301634e-01,9.486833214760e-01,-3.162277638912e-01,1.006848434012e+00,1.015507456712e-01,1.011956680407e+00,5.759376188032e+00,1.017814079034e-01
834,972,0,-9.300846606493e-02,4.865758419037e-01,-3.162277638912e-01,3.162277638912e-01,9.164032607965e-01,-6.222846643759e-01,1.107715279264e+00,-3.417850945289e+01,6.278746836136e-01
835,973,0,2.302663773298e-01,9.846827983856e-01,3.162277638912e-01,9.486833214760e-01,1.006968725972e+00,9.293416380045e-02,1.011248126766e+00,5.272948377216e+00,9.319507467118e-02
836,974,0,3.443351984024e-01,-1.257116913795e+00,3.162277638912e-01,-9.486833214760e-01,1.301494142986e+00,-7.087020782322e-02,1.303422261043e+00,-3.116846578878e+00,3.097116475231e-01
837,975,0,-9.642615914345e-01,2.007805705070e-01,-9.486833214760e-01,3.162277638912e-01,9.782712380122e-01,1.144491034160e-01,9.849432533881e-01,6.672767750396e+00,1.164935035539e-01
838,976,0,7.404937148094e-01,7.068517804146e-01,9.486833214760e-01,9.486833214760e-01,7.628180355127e-01,-1.773085582579e-02,7.630240746869e-01,-1.331536829449e+00,2.378437880760e-01
839,977,0,-6.186026334763e-01,8.012460470200e-01,-3.162277638912e-01,9.486833214760e-01,9.557480475328e-01,3.334817408504e-01,1.012257082881e+00,1.923501515916e+01,3.364049743654e-01
840,978,0,7.661474943161e-01,6.690455079079e-01,9.486833214760e-01,9.486833214760e-01,7.564131094827e-01,-5.117723913242e-02,7.581424021926e-01,-3.870606996628e+00,2.489049678836e-01
841,979,0,-6.044222116470e-01,8.216474652290e-01,-3.162277638912e-01,9.486833214760e-01,9.706182889952e-01,3.135775171670e-01,1.020015059793e+00,1.790408119891e+01,3.149510187540e-01
842,980,0,7.838268876076e-01,6.540639996529e-01,9.486833214760e-01,9.486833214760e-01,7.578350197110e-01,-6.839104526093e-02,7.609147469804e-01,-5.156705720793e+00,2.516370655334e-01
843,981,0,-6.011745929718e-01,8.178756237030e-01,-3.162277638912e-01,9.486833214760e-01,9.660130188551e-01,3.116893165882e-01,1.015052403905e+00,1.788257593686e+01,3.135368319074e-01
844,982,0,2.612583935261e-01,1.007468104362e+00,3.162277638912e-01,9.486833214760e-01,1.038385300353e+00,7.073790225151e-02,1.040791949818e+00,3.897138214867e+00,8.048156371597e-02
845,983,0,-5.996096134186e-01,7.884048819542e-01,-3.162277638912e-01,9.486833214760e-01,9.375597289282e-01,3.195241130133e-01,9.905119404151e-01,1.881931589627e+01,3.255678827042e-01
846,984,0,2.375561147928e-01,-1.289497971535e+00,3.162277638912e-01,-9.486833214760e-01,1.298447001686e+00,-1.824095281998e-01,1.311197106527e+00,-7.996741734663e+00,3.497768557141e-01
847,985,0,6.205718517303e-01,-8.108392357826e-01,3.162277638912e-01,-9.486833214760e-01,9.654716667777e-01,3.323162727836e-01,1.021062997326e+00,1.899351212507e+01,3.341052393362e-01
848,986,0,7.105343043804e-02,-4.409116208553e-01,3.162277638912e-01,-3.162277638912e-01,8.094878276872e-01,-5.847971504243e-01,9.986281842198e-01,-3.584542295806e+01,6.150468233751e-01
849,987,0,-8.053047657013e-01,-6.132776737213e-01,-9.486833214760e-01,-3.162277638912e-01,9.579145860429e-01,3.271465610836e-01,1.012237732246e+00,1.885603932584e+01,3.298424692133e-01
850,988,0,2.283858358860e-01,-1.269554257393e+00,3.162277638912e-01,-9.486833214760e-01,1.276626836859e+00,-1.848024626221e-01,1.289933343541e+00,-8.236829342392e+00,3.326775571955e-01
851,989,0,-1.981017887592e-01,1.287965536118e+00,-3.162277638912e-01,9.486833214760e-01,1.284516653067e+00,-2.193545890503e-01,1.303111456378e+00,-9.690817871251e+00,3.592577926920e-01
852,990,0,-6.094260811806e-01,8.127735853195e-01,-3.162277638912e-01,9.486833214760e-01,9.637821498963e-01,3.211307716115e-01,1.015874502552e+00,1.842799596315e+01,3.231666832177e-01
853,991,0,1.037840843201e-01,-4.365223646164e-01,3.162277638912e-01,-3.162277638912e-01,8.542995123008e-01,-5.261054187683e-01,1.003301833136e+00,-3.162611235999e+01,5.459079993673e-01
854,992,0,1.017482161522e+00,-2.535978555679e-01,9.486833214760e-01,-3.162277638912e-01,1.045462994267e+00,8.117204929920e-02,1.048609447778e+00,4.439663575047e+00,9.303647368191e-02
855,993,0,1.289518356323e+00,2.856049239635e-01,9.486833214760e-01,3.162277638912e-01,1.313660707220e+00,-1.368328725233e-01,1.320767840575e+00,-5.946570322695e+00,3.422079400847e-01
856,994,0,-9.440189599991e-01,2.871367931366e-01,-9.486833214760e-01,3.162277638912e-01,9.863756260176e-01,2.612311703467e-02,9.867214869685e-01,1.517063604428e+00,2.946253230832e-02
857,995,0,2.445802390575e-01,9.859796166420e-01,3.162277638912e-01,9.486833214760e-01,1.012725436062e+00,7.976493241847e-02,1.015861827854e+00,4.503469901542e+00,8.077364153415e-02
858,996,0,-5.860419273376e-01,8.212150335312e-01,-3.162277638912e-01,9.486833214760e-01,9.643956923171e-01,2.962771956532e-01,1.008880185168e+00,1.707776336133e+01,2.984088527335e-01
859,997,0,8.243524432182e-01,6.346663832664e-01,9.486833214760e-01,9.486833214760e-01,7.689704211384e-01,-9.997332916988e-02,7.754419224746e-01,-7.407437808120e+00,2.517326614770e-01
860,998,0,8.035025596619e-01,6.030803322792e-01,9.486833214760e-01,3.162277638912e-01,9.529801809622e-01,3.180424213124e-01,1.004650290928e+00,1.845563606333e+01,3.214993703518e-01
861,999,0,-7.894828319550e-01,-5.896849632263e-01,-9.486833214760e-01,-3.162277638912e-01,9.354439122688e-01,3.097678856066e-01,9.853991353528e-01,1.832204798224e+01,3.164231840690e-01
862,1000,0,-4.660651385784e-01,-1.021209210157e-01,-3.162277638912e-01,-3.162277638912e-01,8.983810475756e-01,-5.754463382410e-01,1.066877216383e+00,-3.264106678128e+01,5.843499804798e-01
863,1001,0,-7.855584025383e-01,-6.302782297134e-01,-9.486833214760e-01,-3.162277638912e-01,9.445575890324e-01,3.495190523128e-01,1.007150736945e+00,2.030622075328e+01,3.538890064180e-01
864,1002,0,-2.904167473316e-01,-9.562796950340e-01,-3.162277638912e-01,-9.486833214760e-01,9.990443928890e-01,2.688866398541e-02,9.994061732919e-01,1.541708395179e+00,2.690563948080e-02
865,1003,0,-6.127346158028e-01,8.035426139832e-01,-3.162277638912e-01,9.486833214760e-01,9.560711321862e-01,3.271886123893e-01,1.010507000410e+00,1.889207690786e+01,3.301244212485e-01
866,1004,0,-5.300162360072e-02,4.488511085510e-01,-3.162277638912e-01,3.162277638912e-01,7.934988471227e-01,-6.258929957309e-01,1.010634683004e+00,-3.826553562806e+01,6.590787268943e-01
867,1005,0,9.824104309082e-01,-2.801864743233e-01,9.486833214760e-01,-3.162277638912e-01,1.020599088904e+00,4.485721676241e-02,1.021584392093e+00,2.516635751281e+00,4.936083831698e-02
868,1006,0,-5.923482775688e-01,7.955450415611e-01,-3.162277638912e-01,9.486833214760e-01,9.420372430683e-01,3.103774884889e-01,9.918509730239e-01,1.823574673030e+01,3.157433555149e-01
869,1007,0,-6.092146635056e-01,7.709891796112e-01,-3.162277638912e-01,9.486833214760e-01,9.240751266759e-01,3.341435918112e-01,9.826325761390e-01,1.987988219270e+01,3.426609495372e-01
870,1008,0,2.756975591183e-01,-1.296702861786e+00,3.162277638912e-01,-9.486833214760e-01,1.317343543736e+00,-1.485037639059e-01,1.325687512243e+00,-6.431783673903e+00,3.503716493171e-01
871,1009,0,6.287544369698e-01,-8.205675482750e-01,3.162277638912e-01,-9.486833214760e-01,9.772883147091e-01,3.370025922189e-01,1.033761673322e+00,1.902595299027e+01,3.377670318593e-01
872,1010,0,-7.923874258995e-01,-6.324929594994e-01,-9.486833214760e-01,-9.486833214760e-01,7.509778833162e-01,-8.427178109940e-02,7.556914147453e-01,-6.402721128056e+00,2.628949365951e-01
873,1011,0,-1.317286729813e+00,-2.728524506092e-01,-9.486833214760e-01,-3.162277638912e-01,1.335971412920e+00,-1.577120610577e-01,1.345248196558e+00,-6.732634283293e+00,3.711467156023e-01
874,1012,0,-1.312412977219e+00,-2.552111744881e-01,-9.486833214760e-01,-3.162277638912e-01,1.325769104261e+00,-1.729068289438e-01,1.336996817239e+00,-7.430576107767e+00,3.688119856867e-01
875,1013,0,-1.273035168648e+00,-2.548959255219e-01,-9.486833214760e-01,-3.162277638912e-01,1.288312345172e+00,-1.607535445527e-01,1.298302892552e+00,-7.112514222276e+00,3.300995462960e-01
876,1014,0,1.771980077028e-01,-1.324574351311e+00,3.162277638912e-01,-9.486833214760e-01,1.312636468307e+00,-2.507623799078e-01,1.336374299778e+00,-1.081531211331e+01,4.007784082168e-01
877,1015,0,-8.118857741356e-01,-6.093249320984e-01,-9.486833214760e-01,-3.162277638912e-01,9.629079121231e-01,3.213155637018e-01,1.015103609838e+00,1.845348991974e+01,3.234494001541e-01
878,1016,0,-3.012142479420e-01,-9.909442067146e-01,-3.162277638912e-01,-9.486833214760e-01,1.035344504877e+00,2.760713622692e-02,1.035712507286e+00,1.527412044680e+00,4.484850048348e-02
879,1017,0,-3.122568428516e-01,-9.709101319313e-01,-3.162277638912e-01,-9.486833214760e-01,1.019830488033e+00,1.079588066454e-02,1.019887628791e+00,6.065079454778e-01,2.257873545941e-02
880,1018,0,-9.546687006950e-01,2.879393696785e-01,-9.486833214760e-01,3.162277638912e-01,9.967326539327e-01,2.872946962912e-02,9.971466120089e-01,1.651016170577e+00,2.891466713442e-02
881,1019,0,-7.082389295101e-02,4.421224594116e-01,-3.162277638912e-01,3.162277638912e-01,8.110394009222e-01,-5.870745849317e-01,1.001219994867e+00,-3.589907150402e+01,6.167354994457e-01
882,1020,0,9.866163134575e-01,-2.694928944111e-01,9.486833214760e-01,-3.162277638912e-01,1.021207532641e+00,5.633205401113e-02,1.022760052521e+00,3.157361356674e+00,6.019185783669e-02
883,1021,0,-3.486807271838e-02,4.357151091099e-01,-3.162277638912e-01,3.162277638912e-01,7.440573465746e-01,-6.337948184230e-01,9.774032979541e-01,-4.042465923203e+01,6.835221384142e-01
884,1022,0,9.435601830482e-01,-2.628393471241e-01,9.486833214760e-01,-3.162277638912e-01,9.782568653052e-01,4.902861982462e-02,9.794847115084e-01,2.869169223329e+00,5.363365984401e-02
885,1023,0,-1.248428463936e+00,-2.528575658798e-01,-9.486833214760e-01,-3.162277638912e-01,1.264323789938e+00,-1.549059793926e-01,1.273778045129e+00,-6.985112357521e+00,3.063705736173e-01
886,1024,0,9.548385143280e-01,-3.218712508678e-01,9.486833214760e-01,-3.162277638912e-01,1.007623955738e+00,-3.407438950907e-03,1.007629717117e+00,-1.937539550649e-01,8.350768904426e-03
887,1025,0,-2.822349369526e-01,-9.735474586487e-01,-3.162277638912e-01,-9.486833214760e-01,1.012838716034e+00,4.011115673682e-02,1.013632660086e+00,2.267882937278e+00,4.211576336920e-02
888,1026,0,-7.901585698128e-01,-6.394555568695e-01,-9.486833214760e-01,-9.486833214760e-01,7.534727839729e-01,-7.942745989716e-02,7.576476473754e-01,-6.017619895896e+00,2.590065436003e-01
889,1027,0,5.855053067207e-01,-8.409305810928e-01,3.162277638912e-01,-9.486833214760e-01,9.829298083260e-01,2.895335093953e-01,1.024685640164e+00,1.641295603974e+01,2.900362813625e-01
890,1028,0,-2.314401268959e-01,-9.733093976974e-01,-3.162277638912e-01,-9.486833214760e-01,9.965501430807e-01,8.822406229908e-02,1.000447736188e+00,5.059175823459e+00,8.829148702630e-02
891,1029,0,1.310600399971e+00,1.991053968668e-01,9.486833214760e-01,3.162277638912e-01,1.306307338697e+00,-2.255602548922e-01,1.325638069656e+00,-9.796669319365e+00,3.803966539374e-01
892,1030,0,-2.572835087776e-01,-9.784003496170e-01,-3.162277638912e-01,-9.486833214760e-01,1.009552238561e+00,6.531677826632e-02,1.011662989293e+00,3.701806489310e+00,6.601156553675e-02
893,1031,0,-2.658775448799e-01,-1.011649370193e+00,-3.162277638912e-01,-9.486833214760e-01,1.043812701180e+00,6.767802287861e-02,1.046004431121e+00,3.709712472875e+00,8.062175615441e-02
894,1032,0,2.495238184929e-01,-1.304246306419e+00,3.162277638912e-01,-9.486833214760e-01,1.316223020424e+00,-1.757198005532e-01,1.327900782363e+00,-7.604197901835e+00,3.617657349067e-01
895,1033,0,4.665557742119e-01,2.936406061053e-02,3.162277638912e-01,3.162277638912e-01,7.841181127173e-01,-6.912607992127e-01,1.045314645080e+00,-4.139867167167e+01,7.241867727215e-01
896,1034,0,2.634603381157e-01,-1.303006172180e+00,3.162277638912e-01,-9.486833214760e-01,1.319453640052e+00,-1.621062925371e-01,1.329374423677e+00,-7.004181890021e+00,3.582304819845e-01
897,1035,0,4.681618511677e-01,5.314417555928e-02,3.162277638912e-01,3.162277638912e-01,8.242572067554e-01,-6.562005664866e-01,1.053564960667e+00,-3.852369676483e+01,6.793266613601e-01
898,1036,0,7.097023725510e-02,-4.504402279854e-01,3.162277638912e-01,-3.162277638912e-01,8.244223385456e-01,-5.999947412284e-01,1.019640074632e+00,-3.604622648265e+01,6.251569440577e-01
899,1037,0,-1.262629508972e+00,-2.836006581783e-01,-9.486833214760e-01,-3.162277638912e-01,1.287517902844e+00,-1.302312862587e-01,1.294087531068e+00,-5.775772810046e+00,3.156370263078e-01
900,1038,0,9.569583535194e-01,-2.659292519093e-01,9.486833214760e-01,-3.162277638912e-01,9.919445992604e-01,5.033415212206e-02,9.932208288552e-01,2.904862907997e+00,5.097466381372e-02
901,1039,0,-4.189166724682e-01,-9.902489930391e-02,-3.162277638912e-01,-3.162277638912e-01,8.189375363484e-01,-5.057933073744e-01,9.625411981963e-01,-3.170036344127e+01,5.372247998075e-01
902,1040,0,9.792389720678e-02,-4.640355706215e-01,3.162277638912e-01,-3.162277638912e-01,8.885359414893e-01,-5.788733868742e-01,1.060467122239e+00,-3.308389134488e+01,5.895071113828e-01
903,1041,0,7.311734557152e-02,-4.644435942173e-01,3.162277638912e-01,-3.162277638912e-01,8.499584811499e-01,-6.187411311241e-01,1.051318223481e+00,-3.605335614768e+01,6.366734207767e-01
904,1042,0,-1.290104150772e+00,-2.606368064880e-01,-9.486833214760e-01,-3.162277638912e-01,1.306320829002e+00,-1.607049525807e-01,1.316168754404e+00,-7.013347879740e+00,3.459169438820e-01
905,1043,0,-6.417948007584e-01,7.975125908852e-01,-9.486833214760e-01,9.486833214760e-01,7.585815830536e-01,-8.207047947493e-02,7.630082448764e-01,-6.174778419033e+00,2.549870891676e-01
906,1044,0,-9.769846796989e-01,2.836115360260e-01,-9.486833214760e-01,3.162277638912e-01,1.016534869004e+00,3.989214489168e-02,1.017317316832e+00,2.247320149942e+00,4.318315779379e-02
907,1045,0,-9.813309907913e-01,2.954846322536e-01,-9.486833214760e-01,3.162277638912e-01,1.024412744178e+00,3.000276119041e-02,1.024852006933e+00,1.677585855323e+00,3.868006925239e-02
908,1046,0,-1.328348636627e+00,-1.747722774744e-01,-9.486833214760e-01,-3.162277638912e-01,1.315449986471e+00,-2.542571633732e-01,1.339796765197e+00,-1.093953319932e+01,4.051609545487e-01
909,1047,0,-1.327680706978e+00,-1.822470277548e-01,-9.486833214760e-01,-3.162277638912e-01,1.317180056244e+00,-2.469547748653e-01,1.340130576249e+00,-1.061896252152e+01,4.019823987540e-01
910,1048,0,-8.144007325172e-01,-5.751824975014e-01,-9.486833214760e-01,-3.162277638912e-01,9.544970258101e-01,2.881299072101e-01,9.970373191156e-01,1.679726389541e+01,2.917008126300e-01
911,1049,0,8.504579067230e-01,5.430110096931e-01,9.486833214760e-01,3.162277638912e-01,9.785303469121e-01,2.462070755350e-01,1.009029020332e+00,1.412297844130e+01,2.471413968707e-01
912,1050,0,9.990088939667e-01,-3.000562787056e-01,9.486833214760e-01,-3.162277638912e-01,1.042629156829e+00,3.125596018717e-02,1.043097547556e+00,1.717099907675e+00,5.286000434345e-02
913,1051,0,8.452420830727e-01,5.433060526848e-01,9.486833214760e-01,3.162277638912e-01,9.736754830020e-01,2.481363660669e-01,1.004796298940e+00,1.429721498828e+01,2.495288287154e-01
914,1052,0,2.771364748478e-01,-1.304847598076e+00,3.162277638912e-01,-9.486833214760e-01,1.325525343963e+00,-1.497142802446e-01,1.333953448662e+00,-6.444083817788e+00,3.583031053054e-01
915,1053,0,4.352682232857e-01,6.000682339072e-02,3.162277638912e-01,3.162277638912e-01,7.830986131356e-01,-5.933403747940e-01,9.824949049515e-01,-3.715058434341e+01,6.317428369078e-01
916,1054,0,-9.481096267700e-01,2.686518132687e-01,-9.486833214760e-01,3.162277638912e-01,9.844109095924e-01,4.495309072738e-02,9.854367657493e-01,2.614593439129e+00,4.757940842088e-02
917,1055,0,4.552680552006e-01,7.315294444561e-02,3.162277638912e-01,3.162277638912e-01,8.355069667886e-01,-6.041770432378e-01,1.031068276657e+00,-3.587168042258e+01,6.261691924317e-01
918,1056,0,4.401852786541e-01,4.517104476690e-02,3.162277638912e-01,3.162277638912e-01,7.674157345463e-01,-6.245723478332e-01,9.894531455845e-01,-3.914091607645e+01,6.664728488203e-01
919,1057,0,-7.781144976616e-01,-5.917949676514e-01,-9.486833214760e-01,-3.162277638912e-01,9.253262055490e-01,3.153645943045e-01,9.775906167801e-01,1.881985485001e+01,3.240848699315e-01
920,1058,0,1.304163932800e+00,1.705395579338e-01,9.486833214760e-01,3.162277638912e-01,1.291167858926e+00,-2.506247991508e-01,1.315266980454e+00,-1.098491330075e+01,3.841764074238e-01
921,1059,0,-2.994548976421e-01,-9.571611285210e-01,-3.162277638912e-01,-9.486833214760e-01,1.002738708040e+00,1.859305562699e-02,1.002911071990e+00,1.062272297729e+00,1.879367551273e-02
922,1060,0,-9.741743803024e-01,3.022049665451e-01,-9.486833214760e-01,3.162277638912e-01,1.019748543656e+00,2.136417357376e-02,1.019972313448e+00,1.200195815370e+00,2.909351970835e-02
923,1061,0,-9.320742636919e-02,4.384154677391e-01,-3.162277638912e-01,3.162277638912e-01,8.405696064865e-01,-5.458218423362e-01,1.002236871663e+00,-3.299758152158e+01,5.686295225779e-01
924,1062,0,-4.202504158020e-01,-7.374781370163e-02,-3.162277638912e-01,-3.162277638912e-01,7.810797879113e-01,-5.478687225888e-01,9.540680123946e-01,-3.504677157910e+01,5.899883019620e-01
925,1063,0,9.357419610023e-01,-3.345248997211e-01,9.486833214760e-01,-3.162277638912e-01,9.935088097904e-01,-2.145060415235e-02,9.937403501668e-01,-1.236866902662e+00,2.241124648114e-02
926,1064,0,-9.475798606873e-01,2.805213928223e-01,-9.486833214760e-01,3.162277638912e-01,9.876618198058e-01,3.352509232078e-02,9.882306421667e-01,1.944095684722e+00,3.572341676856e-02
927,1065,0,-3.227868378162e-01,-9.658440947533e-01,-3.162277638912e-01,-9.486833214760e-01,1.018354299881e+00,-7.957710425740e-04,1.018354610800e+00,-4.477254421483e-02,1.837154255038e-02
928,1066,0,-5.921728610992e-01,8.016624450684e-01,-3.162277638912e-01,9.486833214760e-01,9.477852499407e-01,3.082765810686e-01,9.966600877132e-01,1.801763161833e+01,3.126672841202e-01
929,1067,0,3.351114392281e-01,9.846827983856e-01,3.162277638912e-01,9.486833214760e-01,1.040123644022e+00,-6.530593474353e-03,1.040144145542e+00,-3.597365843813e-01,4.065163540087e-02
930,1068,0,8.411430716515e-01,5.485284328461e-01,9.486833214760e-01,3.162277638912e-01,9.714382809292e-01,2.543869719708e-01,1.004193738859e+00,1.467433217740e+01,2.559853575984e-01
931,1069,0,2.335243523121e-01,-1.322145700455e+00,3.162277638912e-01,-9.486833214760e-01,1.328144401082e+00,-1.965585117241e-01,1.342610441884e+00,-8.418373297750e+00,3.825101260003e-01
932,1070,0,-1.268642544746e+00,-2.641237676144e-01,-9.486833214760e-01,-3.162277638912e-01,1.287063236064e+00,-1.506101754696e-01,1.295845360597e+00,-6.674310623755e+00,3.241739139016e-01
933,1071,0,1.276898622513e+00,2.357292473316e-01,9.486833214760e-01,3.162277638912e-01,1.285916503735e+00,-1.801583830202e-01,1.298475374256e+00,-7.975294465143e+00,3.379427319539e-01
934,1072,0,1.343787461519e-01,-4.554250538349e-01,3.162277638912e-01,-3.162277638912e-01,9.325616965589e-01,-5.076187867448e-01,1.061766523556e+00,-2.856065912250e+01,5.120788586022e-01
935,1073,0,9.618988633156e-01,-2.872793376446e-01,9.486833214760e-01,-3.162277638912e-01,1.003383067882e+00,3.164200904387e-02,1.003881864388e+00,1.806242311557e+00,3.182234882317e-02
936,1074,0,-7.623161077499e-01,-6.609752774239e-01,-9.486833214760e-01,-9.486833214760e-01,7.501404066846e-01,-5.341130598165e-02,7.520394918803e-01,-4.072686347597e+00,2.555045674316e-01
937,1075,0,2.307832539082e-01,-1.312857627869e+00,3.162277638912e-01,-9.486833214760e-01,1.318466150529e+00,-1.962217996522e-01,1.332987616128e+00,-8.464958866844e+00,3.740637428190e-01
938,1076,0,-1.301198005676e+00,-2.881613075733e-01,-9.486833214760e-01,-3.162277638912e-01,1.325549394722e+00,-1.381011033727e-01,1.332723944634e+00,-5.947848307985e+00,3.536302067937e-01
939,1077,0,6.725788116455e-02,-4.331289827824e-01,3.162277638912e-01,-3.162277638912e-01,7.911811059687e-01,-5.784930094621e-01,9.801131079821e-01,-3.617339293320e+01,6.150280420444e-01
940,1078,0,-2.467286586761e-01,1.294561862946e+00,-3.162277638912e-01,9.486833214760e-01,1.306151643718e+00,-1.753090321657e-01,1.317863943337e+00,-7.644438620961e+00,3.527918447331e-01
941,1079,0,2.947000861168e-01,9.940806031227e-01,3.162277638912e-01,9.486833214760e-01,1.036259992971e+00,3.477882821755e-02,1.036843450057e+00,1.922232265510e+00,5.024294957968e-02
942,1080,0,8.118478655815e-01,5.827513933182e-01,9.486833214760e-01,3.162277638912e-01,9.544686585267e-01,2.961176794918e-01,9.993478374507e-01,1.723616267119e+01,2.995977022007e-01
943,1081,0,2.298192530870e-01,-1.310786604881e+00,3.162277638912e-01,-9.486833214760e-01,1.316196561837e+00,-1.964814161736e-01,1.330781100066e+00,-8.490398847354e+00,3.722703488313e-01
944,1082,0,-9.490499496460e-01,2.608970999718e-01,-9.486833214760e-01,3.162277638912e-01,9.828507226434e-01,5.260721376546e-02,9.842576197017e-01,3.063840435004e+00,5.533187737660e-02
945,1083,0,1.297840118408e+00,2.257001996040e-01,9.486833214760e-01,3.162277638912e-01,1.302611887561e+00,-1.962950550536e-01,1.317319049530e+00,-8.569618071960e+00,3.607016816316e-01
946,1084,0,6.095570325851e-01,-8.171166181564e-01,3.162277638912e-01,-9.486833214760e-01,9.679437230038e-01,3.198816155163e-01,1.019430870068e+00,1.828745133261e+01,3.214838298269e-01
947,1085,0,-4.364098906517e-01,-1.100474819541e-01,-3.162277638912e-01,-3.162277638912e-01,8.640249766206e-01,-5.160242805402e-01,1.006389695064e+00,-3.084704510866e+01,5.336387027663e-01
948,1086,0,7.772660851479e-01,6.472154855728e-01,9.486833214760e-01,9.486833214760e-01,7.507676895302e-01,-6.854268259545e-02,7.538900602739e-01,-5.216459769758e+00,2.584856744957e-01
949,1087,0,2.348633259535e-01,9.679194092751e-01,3.162277638912e-01,9.486833214760e-01,9.925192617185e-01,8.327206667429e-02,9.960063865109e-01,4.795866707211e+00,8.360740716852e-02
950,1088,0,-2.592521905899e-01,-9.818125963211e-01,-3.162277638912e-01,-9.486833214760e-01,1.013411931779e+00,6.452816984479e-02,1.015464242686e+00,3.643343011475e+00,6.590724252729e-02
951,1089,0,-2.608686089516e-01,-1.010048508644e+00,-3.162277638912e-01,-9.486833214760e-01,1.040710026053e+00,7.192367980111e-02,1.043192395507e+00,3.953436713603e+00,8.264576176313e-02
952,1090,0,6.076086759567e-01,-7.936939001083e-01,3.162277638912e-01,-9.486833214760e-01,9.451068575724e-01,3.254401555917e-01,9.995690406880e-01,1.900074613918e+01,3.300371978385e-01
953,1091,0,-8.061150461435e-02,4.388315677643e-01,-3.162277638912e-01,3.162277638912e-01,8.213116172768e-01,-5.663956553688e-01,9.976757043721e-01,-3.459105242352e+01,5.939137787094e-01
954,1092,0,6.660881638527e-02,-4.626898467541e-01,3.162277638912e-01,-3.162277638912e-01,8.368946746267e-01,-6.262591011855e-01,1.045271810696e+00,-3.680798364403e+01,6.471505303890e-01
955,1093,0,2.447111532092e-02,-4.676238298416e-01,3.162277638912e-01,-3.162277638912e-01,7.780704311147e-01,-7.006859692957e-01,1.047069445330e+00,-4.200440021035e+01,7.349922184034e-01
956,1094,0,-1.334053516388e+00,-1.904490888119e-01,-9.486833214760e-01,-3.162277638912e-01,1.325819553298e+00,-2.411888758566e-01,1.347579148601e+00,-1.031031702657e+01,4.053769297187e-01
957,1095,0,-8.182171732187e-02,4.470962584019e-01,-3.162277638912e-01,3.162277638912e-01,8.362927549677e-01,-5.775497644249e-01,1.016341134855e+00,-3.462923617234e+01,6.003030838363e-01
958,1096,0,9.505585432053e-01,-3.093602061272e-01,9.486833214760e-01,-3.162277638912e-01,9.996072791604e-01,7.108134377903e-03,9.996325515533e-01,4.074192377906e-01,7.118974925658e-03
959,1097,0,-3.709173575044e-02,4.622931480408e-01,-3.162277638912e-01,3.162277638912e-01,7.895968362269e-01,-6.723024680980e-01,1.037040873057e+00,-4.041274382142e+01,7.044573088104e-01
960,1098,0,1.254062294960e+00,2.061361819506e-01,9.486833214760e-01,3.162277638912e-01,1.254893913107e+00,-2.010113488822e-01,1.270891142283e+00,-9.100441151882e+00,3.246174199244e-01
961,1099,0,-1.287040948868e+00,-2.035674154758e-01,-9.486833214760e-01,-3.162277638912e-01,1.285367895442e+00,-2.138770602204e-01,1.303040300038e+00,-9.447101802935e+00,3.566205723701e-01
962,1100,0,4.079255461693e-01,9.195366501808e-02,3.162277638912e-01,3.162277638912e-01,7.903784364730e-01,-4.995954138611e-01,9.350367107191e-01,-3.229683573980e+01,5.417903445490e-01
963,1101,0,-1.769074350595e-01,1.335469245911e+00,-3.162277638912e-01,9.486833214760e-01,1.322880385525e+00,-2.544833093249e-01,1.347135579343e+00,-1.088900347768e+01,4.111125126795e-01
964,1102,0,8.255153298378e-01,6.283659338951e-01,9.486833214760e-01,3.162277638912e-01,9.818593369005e-01,3.350694000152e-01,1.037458076399e+00,1.884272465487e+01,3.355601086008e-01
965,1103,0,-1.088548004627e-01,4.531107842922e-01,-3.162277638912e-01,3.162277638912e-01,8.885456131996e-01,-5.443165071804e-01,1.042014283360e+00,-3.149132924177e+01,5.556100613975e-01
966,1104,0,-1.300712585449e+00,-2.212461382151e-01,-9.486833214760e-01,-3.162277638912e-01,1.303928451205e+00,-2.014289024141e-01,1.319394940338e+00,-8.781551575863e+00,3.646177535164e-01
967,1105,0,9.370059370995e-01,-2.742047309875e-01,9.486833214760e-01,-3.162277638912e-01,9.756330115267e-01,3.617383572489e-02,9.763033952475e-01,2.123400005829e+00,4.361532435173e-02
968,1106,0,-6.512112170458e-02,4.435237050056e-01,-3.162277638912e-01,3.162277638912e-01,8.042380916389e-01,-5.983070218832e-01,1.002382262651e+00,-3.664713250916e+01,6.295188775564e-01
969,1107,0,6.071776151657e-02,-4.359287917614e-01,3.162277638912e-01,-3.162277638912e-01,7.852671554937e-01,-5.932607333838e-01,9.841762053983e-01,-3.707064733083e+01,6.309266932733e-01
970,1108,0,9.698323607445e-01,-3.151688873768e-01,9.486833214760e-01,-3.162277638912e-01,1.019728893817e+00,7.692451553508e-03,1.019757907886e+00,4.322096301268e-01,2.117552979564e-02
971,1109,0,1.337456583977e+00,1.822590976954e-01,9.486833214760e-01,3.162277638912e-01,1.326458084157e+00,-2.500347279046e-01,1.349817918900e+00,-1.067488579364e+01,4.112082755363e-01
972,1110,0,5.705781579018e-01,-7.757349610329e-01,3.162277638912e-01,-9.486833214760e-01,9.163594349189e-01,2.959890371424e-01,9.629766996524e-01,1.790073628041e+01,3.075796713627e-01
973,1111,0,-2.013747990131e-01,1.291958332062e+00,-3.162277638912e-01,9.486833214760e-01,1.289339568491e+00,-2.175121718239e-01,1.307558055219e+00,-9.575662775077e+00,3.619791855705e-01
974,1112,0,4.370874464512e-01,1.292267739773e-01,3.162277638912e-01,3.162277638912e-01,8.954214099671e-01,-4.867704667763e-01,1.019178585309e+00,-2.852946062667e+01,4.978776645109e-01
975,1113,0,-2.015331536531e-01,1.309291481972e+00,-3.162277638912e-01,9.486833214760e-01,1.305833314142e+00,-2.228431664255e-01,1.324711184050e+00,-9.684353210879e+00,3.784086321186e-01
976,1114,0,4.220148324966e-01,1.096072420478e-01,3.162277638912e-01,3.162277638912e-01,8.405683106422e-01,-4.939597753920e-01,9.749622272485e-01,-3.044061471050e+01,5.190517539483e-01
977,1115,0,-5.876079201698e-01,8.272995352745e-01,-3.162277638912e-01,9.486833214760e-01,9.706631677820e-01,2.958387385729e-01,1.014745063811e+00,1.695017388583e+01,2.972897727218e-01
978,1116,0,7.935538291931e-01,6.281808614731e-01,9.486833214760e-01,3.162277638912e-01,9.514794705808e-01,3.450009383465e-01,1.012096255500e+00,1.993035096364e+01,3.483961670787e-01
979,1117,0,-5.906130075455e-01,8.376745581627e-01,-3.162277638912e-01,9.486833214760e-01,9.814560705518e-01,2.954087445760e-01,1.024949923067e+00,1.675128441985e+01,2.959902087761e-01
980,1118,0,-8.904721587896e-02,4.868089854717e-01,-3.162277638912e-01,3.162277638912e-01,9.105086066206e-01,-6.289165832536e-01,1.106599291262e+00,-3.463404277584e+01,6.352517439412e-01
981,1119,0,-5.783348679543e-01,8.232774138451e-01,-3.162277638912e-01,9.486833214760e-01,9.639150519892e-01,2.883134553869e-01,1.006109773339e+00,1.665227671875e+01,2.905628538373e-01
982,1120,0,-3.392176032066e-01,-9.377072453499e-01,-3.162277638912e-01,-9.486833214760e-01,9.968572052583e-01,-2.528101604193e-02,9.971777261088e-01,-1.452750797284e+00,2.547561443618e-02
983,1121,0,-8.865784853697e-02,4.568506181240e-01,-3.162277638912e-01,3.162277638912e-01,8.625246245751e-01,-5.821638888635e-01,1.040607284952e+00,-3.401751391463e+01,5.981757871603e-01
984,1122,0,-3.662727028131e-02,4.656978249550e-01,-3.162277638912e-01,3.162277638912e-01,7.942457187426e-01,-6.784201194005e-01,1.044547806540e+00,-4.050292768545e+01,7.089348931059e-01
985,1123,0,1.308858990669e+00,1.627492755651e-01,9.486833214760e-01,3.162277638912e-01,1.293158478361e+00,-2.595000173722e-01,1.318938629797e+00,-1.134692057709e+01,3.915126466040e-01
986,1124,0,-8.316572308540e-01,-5.459289550781e-01,-9.486833214760e-01,-3.162277638912e-01,9.616171953560e-01,2.549205769688e-01,9.948327150664e-01,1.484734998528e+01,2.577939880107e-01
987,1125,0,-5.975149869919e-01,8.010407090187e-01,-3.162277638912e-01,9.486833214760e-01,9.488847477981e-01,3.135411767780e-01,9.993449525260e-01,1.828516953614e+01,3.176804031459e-01
988,1126,0,1.742477118969e-01,-1.281073093414e+00,3.162277638912e-01,-9.486833214760e-01,1.270434586851e+00,-2.398049712935e-01,1.292869082206e+00,-1.068928170849e+01,3.614433427559e-01
989,1127,0,-3.133308589458e-01,-9.851619601250e-01,-3.162277638912e-01,-9.486833214760e-01,1.033690592851e+00,1.428380311968e-02,1.033789276778e+00,7.916774672078e-01,3.659348409524e-02
990,1128,0,1.778399795294e-01,-1.299833655357e+00,3.162277638912e-01,-9.486833214760e-01,1.289368393013e+00,-2.423296573481e-01,1.311943030673e+00,-1.064425457560e+01,3.774357292379e-01
991,1129,0,4.184521138668e-01,4.746091738343e-02,3.162277638912e-01,3.162277638912e-01,7.366731901037e-01,-5.865885903222e-01,9.416865525820e-01,-3.852915465702e+01,6.429830348511e-01
992,1130,0,-1.280702352524e+00,-1.446061432362e-01,-9.486833214760e-01,-3.162277638912e-01,1.260709384595e+00,-2.678081933346e-01,1.288840324022e+00,-1.199287479325e+01,3.737520724133e-01
993,1131,0,9.044981002808e-01,-3.308275043964e-01,9.486833214760e-01,-3.162277638912e-01,9.626990624975e-01,-2.782312281154e-02,9.631010388825e-01,-1.655453861606e+00,4.653478378109e-02
994,1132,0,-9.375316500664e-01,3.623383045197e-01,-9.486833214760e-01,3.162277638912e-01,1.004002028309e+00,-4.727076691446e-02,1.005114221496e+00,-2.695628822752e+00,4.743987389602e-02
995,1133,0,-3.409921526909e-01,-9.216763377190e-01,-3.162277638912e-01,-9.486833214760e-01,9.822101130074e-01,-3.203391932298e-02,9.827323532281e-01,-1.867989349984e+00,3.664221699627e-02
996,1134,0,1.322317361832e+00,1.472423523664e-01,9.486833214760e-01,3.162277638912e-01,1.301022490630e+00,-2.784670865790e-01,1.330489924589e+00,-1.208113744261e+01,4.100712842576e-01
997,1135,0,-1.103553473949e-01,1.354413747787e+00,-3.162277638912e-01,9.486833214760e-01,1.319807100757e+00,-3.236109393887e-01,1.358902065383e+00,-1.377687451150e+01,4.549732099659e-01
998,1136,0,3.760770857334e-01,9.694083929062e-01,3.162277638912e-01,9.486833214760e-01,1.038587545156e+00,-5.022420827370e-02,1.039801211794e+00,-2.768563121066e+00,6.333616453381e-02
999,1137,0,1.352401018143e+00,1.565546840429e-01,9.486833214760e-01,3.162277638912e-01,1.332507170087e+00,-2.791459201692e-01,1.361432261656e+00,-1.183174814057e+01,4.341468218311e-01
1000,1138,0,9.349303245544e-01,-3.071651756763e-01,9.486833214760e-01,-3.162277638912e-01,9.840869198799e-01,4.248446642437e-03,9.840960904188e-01,2.473526930833e-01,1.647044072828e-02
1001,1139,0,-5.365713834763e-01,8.472352623940e-01,-3.162277638912e-01,9.486833214760e-01,9.734366896068e-01,2.411169993759e-01,1.002854125016e+00,1.391196672521e+01,2.425757960867e-01
1002,1140,0,1.320575952530e+00,1.999377608299e-01,9.486833214760e-01,3.162277638912e-01,1.316034195208e+00,-2.279251516603e-01,1.335625650291e+00,-9.825641191125e+00,3.896504681122e-01
1003,1141,0,6.394189596176e-02,-4.487380087376e-01,3.162277638912e-01,-3.162277638912e-01,8.106181101728e-01,-6.084160796649e-01,1.013544200583e+00,-3.689036141716e+01,6.372092483552e-01
1004,1142,0,-8.204787373543e-01,-5.927773118019e-01,-9.486833214760e-01,-3.162277638912e-01,9.658270959208e-01,3.028997795663e-01,1.012210578722e+00,1.741231066464e+01,3.048213638092e-01
1005,1143,0,5.821782350540e-01,-8.311904668808e-01,3.162277638912e-01,-9.486833214760e-01,9.726374124340e-01,2.894572665364e-01,1.014795075479e+00,1.657302536909e+01,2.907476919066e-01
1006,1144,0,1.902568638325e-01,-1.315059781075e+00,3.162277638912e-01,-9.486833214760e-01,1.307739727297e+00,-2.353648902935e-01,1.328751228009e+00,-1.020277439741e+01,3.874278917939e-01
1007,1145,0,-8.516083359718e-01,-5.627936720848e-01,-9.486833214760e-01,-3.162277638912e-01,9.858775667283e-01,2.646107589382e-01,1.020770997983e+00,1.502416255337e+01,2.649873522782e-01
1008,1146,0,-6.485366076231e-02,4.836434721947e-01,-3.162277638912e-01,3.162277638912e-01,8.672501209376e-01,-6.621648369503e-01,1.091139332789e+00,-3.736254233337e+01,6.753405079547e-01
1009,1147,0,-1.613386422396e-01,1.329317212105e+00,-3.162277638912e-01,9.486833214760e-01,1.312120769584e+00,-2.673077189622e-01,1.339072190209e+00,-1.151483149074e+01,4.109413479104e-01
1010,1148,0,-1.326277852058e+00,-9.987206012011e-02,-9.486833214760e-01,-3.162277638912e-01,1.289799940544e+00,-3.246589077439e-01,1.330032816515e+00,-1.412855936503e+01,4.351866403246e-01
1011,1149,0,-1.292091846466e+00,-1.281572133303e-01,-9.486833214760e-01,-3.162277638912e-01,1.266312798974e+00,-2.870146921658e-01,1.298431953691e+00,-1.277054500979e+01,3.915353629196e-01
1012,1150,0,4.875698685646e-01,-8.591226935387e-01,3.162277638912e-01,-9.486833214760e-01,9.692184579630e-01,1.908709458486e-01,9.878340636085e-01,1.114085709831e+01,1.933370665426e-01
1013,1151,0,-1.288184642792e+00,-9.807328134775e-02,-9.486833214760e-01,-3.162277638912e-01,1.253092726045e+00,-3.143192492241e-01,1.291912524322e+00,-1.408125096863e+01,4.035498958117e-01
1014,1152,0,-1.685551106930e-01,1.311407685280e+00,-3.162277638912e-01,9.486833214760e-01,1.297412348506e+00,-2.547980866194e-01,1.322195472311e+00,-1.111088183575e+01,3.916326978033e-01
1015,1153,0,-8.448169231415e-01,-5.135596394539e-01,-9.486833214760e-01,-3.162277638912e-01,9.638654995494e-01,2.200508885459e-01,9.886653097846e-01,1.286024345028e+01,2.229979723510e-01
1016,1154,0,-9.311566948891e-01,3.261501193047e-01,-9.486833214760e-01,3.162277638912e-01,9.865105065216e-01,-1.495557838000e-02,9.866238638925e-01,-8.685420771909e-01,2.014040116244e-02
1017,1155,0,5.438231825829e-01,-8.446346521378e-01,3.162277638912e-01,-9.486833214760e-01,9.732627542542e-01,2.488190450731e-01,1.004565232332e+00,1.434075918423e+01,2.502514685295e-01
1018,1156,0,-2.915872931480e-01,-9.375748038292e-01,-3.162277638912e-01,-9.486833214760e-01,9.816695344079e-01,1.986318107563e-02,9.818704704527e-01,1.159169277697e+00,2.702872418865e-02
1019,1157,0,1.305657863617e+00,1.525986045599e-01,9.486833214760e-01,3.162277638912e-01,1.286911698791e+00,-2.681175040356e-01,1.314545060641e+00,-1.176875403858e+01,3.926898507392e-01
1020,1158,0,-4.164621829987e-01,-5.615708976984e-02,-3.162277638912e-01,-3.162277638912e-01,7.472766890435e-01,-5.696923774105e-01,9.396658208467e-01,-3.732037608448e+01,6.232322815616e-01
1021,1159,0,1.272882819176e-01,-1.304865241051e+00,3.162277638912e-01,-9.486833214760e-01,1.278155924627e+00,-2.918783347017e-01,1.311058934575e+00,-1.286343092272e+01,4.031918658326e-01
1022,1160,0,-1.288209676743e+00,-1.798044443130e-01,-9.486833214760e-01,-3.162277638912e-01,1.278962137126e+00,-2.367901778461e-01,1.300697403906e+00,-1.048910938771e+01,3.659090901773e-01
1023,1161,0,4.850293695927e-02,-4.187283217907e-01,3.162277638912e-01,-3.162277638912e-01,7.387574908045e-01,-5.853777357746e-01,9.425655010451e-01,-3.839265242651e+01,6.410263193906e-01
1024,1162,0,-5.382015109062e-01,8.617151975632e-01,-3.162277638912e-01,9.486833214760e-01,9.876890535356e-01,2.380845166914e-01,1.015979283038e+00,1.355271726347e+01,2.384025932976e-01
1025,1163,0,3.807053864002e-01,9.520245194435e-01,3.162277638912e-01,9.486833214760e-01,1.023559352157e+00,-6.011226292975e-02,1.025322988888e+00,-3.361043411112e+00,6.456413267905e-02
1026,1164,0,1.337678432465e+00,1.908791512251e-01,9.486833214760e-01,3.162277638912e-01,1.329394448243e+00,-2.419271818914e-01,1.351228463420e+00,-1.031398706834e+01,4.086923829373e-01
1027,1165,0,3.915389776230e-01,9.493052363396e-01,3.162277638912e-01,9.486833214760e-01,1.024405495921e+00,-7.124982256976e-02,1.026880303292e+00,-3.978649477641e+00,7.531377993014e-02
1028,1166,0,9.587319493294e-01,-3.206382393837e-01,9.486833214760e-01,-3.162277638912e-01,1.010927679980e+00,-1.006489379856e-03,1.010928181015e+00,-5.704421362519e-02,1.097393323358e-02
1029,1167,0,-8.021027445793e-01,-5.840096473694e-01,-9.486833214760e-01,-3.162277638912e-01,9.456215200125e-01,3.003930417634e-01,9.921875017610e-01,1.762335103216e+01,3.052752833520e-01
1030,1168,0,-4.561660289764e-01,-8.941874653101e-02,-3.162277638912e-01,-3.162277638912e-01,8.626452794561e-01,-5.798783730001e-01,1.039430519872e+00,-3.390937012883e+01,5.959238598420e-01
1031,1169,0,-8.117708563805e-01,-5.831490755081e-01,-9.486833214760e-01,-3.162277638912e-01,9.545213593295e-01,2.965193063828e-01,9.995172457111e-01,1.725725624736e+01,2.999866760624e-01
1032,1170,0,-4.393295049667e-01,-6.662940979004e-02,-3.162277638912e-01,-3.162277638912e-01,7.999912919266e-01,-5.892905964210e-01,9.936042845060e-01,-3.637615016603e+01,6.223077135433e-01
1033,1171,0,-3.080193512142e-02,4.612802267075e-01,-3.162277638912e-01,3.162277638912e-01,7.780502188893e-01,-6.806459469102e-01,1.033750960415e+00,-4.117975206454e+01,7.159194161219e-01
1034,1172,0,4.808858633041e-01,4.871192574501e-02,3.162277638912e-01,3.162277638912e-01,8.373676342210e-01,-6.833269986183e-01,1.080796161115e+00,-3.921588307602e+01,7.024137480428e-01
1035,1173,0,5.569799542427e-01,-8.750067353249e-01,3.162277638912e-01,-9.486833214760e-01,1.006236778073e+00,2.516961588363e-01,1.037238357332e+00,1.404358331540e+01,2.517734175279e-01
1036,1174,0,1.797402948141e-01,-1.326678395271e+00,3.162277638912e-01,-9.486833214760e-01,1.315436481368e+00,-2.490159117189e-01,1.338798737975e+00,-1.071941168787e+01,4.018819454357e-01
1037,1175,0,1.337652206421e+00,1.355648785830e-01,9.486833214760e-01,3.162277638912e-01,1.311877660039e+00,-2.943946141220e-01,1.344504066090e+00,-1.264804365926e+01,4.288774459623e-01
1038,1176,0,5.009726881981e-01,7.005828619003e-02,3.162277638912e-01,3.162277638912e-01,9.028792528548e-01,-6.813354980372e-01,1.131109634881e+00,-3.703912677208e+01,6.882227113455e-01
1039,1177,0,4.580321907997e-01,4.509552195668e-02,3.162277638912e-01,3.162277638912e-01,7.955147684779e-01,-6.529102058621e-01,1.029143082271e+00,-3.937707035950e+01,6.841826852746e-01
1040,1178,0,-8.351799249649e-01,-5.607975721359e-01,-9.486833214760e-01,-3.162277638912e-01,9.696609856833e-01,2.679122117434e-01,1.005991739706e+00,1.544519486768e+01,2.696245704512e-01
1041,1179,0,-9.472648501396e-01,3.053436279297e-01,-9.486833214760e-01,3.162277638912e-01,9.952124541306e-01,9.877037810817e-03,9.952614655117e-01,5.686162780821e-01,1.097617744793e-02
1042,1180,0,1.360517740250e-01,-1.314189434052e+00,3.162277638912e-01,-9.486833214760e-01,1.289772890026e+00,-2.865131248355e-01,1.321213032992e+00,-1.252444428403e+01,4.075022680880e-01
1043,1181,0,5.525544881821e-01,-8.797367811203e-01,3.162277638912e-01,-9.486833214760e-01,1.009324638259e+00,2.460020214352e-01,1.038871127690e+00,1.369759930902e+01,2.461786819139e-01
1044,1182,0,2.648168243468e-02,-4.742305874825e-01,3.162277638912e-01,-3.162277638912e-01,7.916956179872e-01,-7.079531846574e-01,1.062063869646e+00,-4.180384495858e+01,7.379623481129e-01
1045,1183,0,-1.304356575012e+00,-6.382592767477e-02,-9.486833214760e-01,-3.162277638912e-01,1.257604804153e+00,-3.519231548014e-01,1.305917206531e+00,-1.563353510827e+01,4.361308771550e-01
1046,1184,0,-1.093920320272e-01,1.309442162514e+00,-3.162277638912e-01,9.486833214760e-01,1.276838682655e+00,-3.103035573352e-01,1.314003546121e+00,-1.365949371813e+01,4.158460699694e-01
1047,1185,0,-8.451464176178e-01,-4.898748993874e-01,-9.486833214760e-01,-3.162277638912e-01,9.566883133834e-01,1.974773763428e-01,9.768571252397e-01,1.166305529175e+01,2.021712550409e-01
1048,1186,0,5.142657160759e-01,-9.094214439392e-01,3.162277638912e-01,-9.486833214760e-01,1.025378009302e+00,2.002909893635e-01,1.044756690517e+00,1.105263292101e+01,2.018923569042e-01
1049,1187,0,1.876946166158e-02,-4.718495309353e-01,3.162277638912e-01,-3.162277638912e-01,7.757367451860e-01,-7.163824954813e-01,1.055922050941e+00,-4.272206140585e+01,7.506649634103e-01
1050,1188,0,-1.298047423363e+00,-5.381020158529e-02,-9.486833214760e-01,-3.162277638912e-01,1.248452166940e+00,-3.594297778533e-01,1.299162260206e+00,-1.606112656143e+01,4.369419234460e-01
1051,1189,0,3.704466223717e-01,9.168432354927e-01,3.162277638912e-01,9.486833214760e-01,9.869393504143e-01,-6.150524329145e-02,9.888539711952e-01,-3.566013900859e+00,6.287666912251e-02
1052,1190,0,-8.408640623093e-01,-5.084836483002e-01,-9.486833214760e-01,-3.162277638912e-01,9.585103173045e-01,2.164853848941e-01,9.826535250290e-01,1.272706131493e+01,2.204253062670e-01
1053,1191,0,4.768376052380e-01,7.331064902246e-03,3.162277638912e-01,3.162277638912e-01,7.655378898147e-01,-7.423550268932e-01,1.066367313216e+00,-4.411918442804e+01,7.785007816735e-01
1054,1192,0,9.734863042831e-01,-3.904470503330e-01,9.486833214760e-01,-3.162277638912e-01,1.047000373075e+00,-6.256720469145e-02,1.048868169182e+00,-3.419844661010e+00,7.825401058168e-02
1055,1193,0,1.355535149574e+00,5.742001160979e-02,9.486833214760e-01,3.162277638912e-01,1.304131333738e+00,-3.741844257644e-01,1.356750721438e+00,-1.600936847196e+01,4.821927546596e-01
1056,1194,0,1.414662599564e-01,-1.303473472595e+00,3.162277638912e-01,-9.486833214760e-01,1.281319047262e+00,-2.779878081762e-01,1.311127652965e+00,-1.224086855498e+01,3.954966850010e-01
1057,1195,0,3.666804730892e-01,9.073206186295e-01,3.162277638912e-01,9.486833214760e-01,9.767144420939e-01,-6.094367614226e-02,9.786139346323e-01,-3.570433927871e+00,6.524069948069e-02
1058,1196,0,-8.931930065155e-01,3.787697851658e-01,-9.486833214760e-01,3.162277638912e-01,9.671347886470e-01,-7.688014737843e-02,9.701856814405e-01,-4.545038304259e+00,8.361028153407e-02
1059,1197,0,1.342595696449e+00,1.096178740263e-01,9.486833214760e-01,3.162277638912e-01,1.308362303499e+00,-3.205733722563e-01,1.347063177515e+00,-1.376731728791e+01,4.448084949943e-01
1060,1198,0,4.778934121132e-01,1.713548600674e-02,3.162277638912e-01,3.162277638912e-01,7.827094180924e-01,-7.285222531330e-01,1.069288878873e+00,-4.294646552310e+01,7.602367199075e-01
1061,1199,0,6.650944799185e-02,-4.740865230560e-01,3.162277638912e-01,-3.162277638912e-01,8.547572869564e-01,-6.444359439679e-01,1.070470786842e+00,-3.701411170495e+01,6.606005839916e-01
1062,1200,0,5.647245645523e-01,-8.499858379364e-01,3.162277638912e-01,-9.486833214760e-01,9.849489317503e-01,2.669556432423e-01,1.020485038408e+00,1.516483304530e+01,2.673795992861e-01
1063,1201,0,8.923814296722e-01,5.066336393356e-01,9.486833214760e-01,3.162277638912e-01,1.006798958209e+00,1.984390911399e-01,1.026168706959e+00,1.115002278262e+01,1.985555305831e-01
1064,1202,0,5.523142218590e-01,-8.645498156548e-01,3.162277638912e-01,-9.486833214760e-01,9.948410391606e-01,2.505766247141e-01,1.025912929079e+00,1.413736518822e+01,2.506297263495e-01
1065,1203,0,9.433506727219e-01,-3.887164890766e-01,9.486833214760e-01,-3.162277638912e-01,1.017863951770e+00,-7.045517313279e-02,1.020299444151e+00,-3.959621013852e+00,7.268460768296e-02
1066,1204,0,-1.055371295661e-02,4.606896936893e-01,-3.162277638912e-01,3.162277638912e-01,7.451012536775e-01,-7.117274827386e-01,1.030403749953e+00,-4.368766878661e+01,7.559956220523e-01
1067,1205,0,3.563950359821e-01,9.396933317184e-01,3.162277638912e-01,9.486833214760e-01,1.004173353112e+00,-4.094890369527e-02,1.005007928234e+00,-2.335154726791e+00,4.116102027454e-02
1068,1206,0,-1.317026376724e+00,-1.210714876652e-01,-9.486833214760e-01,-3.162277638912e-01,1.287727067854e+00,-3.016217920424e-01,1.322579565364e+00,-1.318262891985e+01,4.168483789227e-01
1069,1207,0,-4.712570309639e-01,-3.769999369979e-02,-3.162277638912e-01,-3.162277638912e-01,8.047317199491e-01,-6.855138712824e-01,1.057129324545e+00,-4.042614745271e+01,7.127825537390e-01
1070,1208,0,-1.172950863838e-01,1.310654520988e+00,-3.162277638912e-01,9.486833214760e-01,1.280487991969e+00,-3.031894431945e-01,1.315892600497e+00,-1.332097103294e+01,4.130343231544e-01
1071,1209,0,4.723139405251e-01,4.232804477215e-02,3.162277638912e-01,3.162277638912e-01,8.137204320147e-01,-6.798674007334e-01,1.060358724234e+00,-3.987892154991e+01,7.049253577711e-01
1072,1210,0,4.385352730751e-01,2.480007242411e-03,3.162277638912e-01,3.162277638912e-01,6.973063890576e-01,-6.894639175052e-01,9.806103679659e-01,-4.467598402655e+01,7.529833435388e-01
1073,1211,0,-8.734819889069e-01,-5.285474061966e-01,-9.486833214760e-01,-3.162277638912e-01,9.957991159364e-01,2.252048430100e-01,1.020947158581e+00,1.274334994958e+01,2.252440204358e-01
1074,1212,0,-4.880665540695e-01,-3.623973950744e-02,-3.162277638912e-01,-3.162277638912e-01,8.290010452044e-01,-7.144009257794e-01,1.094354337363e+00,-4.075348737287e+01,7.345810542722e-01
1075,1213,0,-8.851114511490e-01,-5.111417174339e-01,-9.486833214760e-01,-3.162277638912e-01,1.001327630529e+00,2.050147984122e-01,1.022099844060e+00,1.157099300357e+01,2.050190970881e-01
1076,1214,0,1.049133762717e-02,-4.625765681267e-01,3.162277638912e-01,-3.162277638912e-01,7.479860400818e-01,-7.148095172551e-01,1.034618655407e+00,-4.370074194843e+01,7.579338242565e-01
1077,1215,0,-4.970676898956e-01,8.785899281502e-01,-3.162277638912e-01,9.486833214760e-01,9.906901726301e-01,1.937252903423e-01,1.009453568157e+00,1.106433171964e+01,1.939488618267e-01
1078,1216,0,-5.264648795128e-01,8.775357604027e-01,-3.162277638912e-01,9.486833214760e-01,9.989863084497e-01,2.219472697235e-01,1.023344631592e+00,1.252609200321e+01,2.219495846094e-01
1079,1217,0,-4.541308879852e-01,-5.117152258754e-02,-3.162277638912e-01,-3.162277638912e-01,7.989532676621e-01,-6.371347038591e-01,1.021893807971e+00,-3.857102238517e+01,6.681021025602e-01
1080,1218,0,5.057370662689e-01,-9.075728058815e-01,3.162277638912e-01,-9.486833214760e-01,1.020927241544e+00,1.927845925397e-01,1.038969841548e+00,1.069341008344e+01,1.939171177573e-01
1081,1219,0,5.368456244469e-03,-4.730002582073e-01,3.162277638912e-01,-3.162277638912e-01,7.563673546013e-01,-7.393908052357e-01,1.057728858439e+00,-4.434973253544e+01,7.784957474329e-01
1082,1220,0,-8.901942372322e-01,-5.253820419312e-01,-9.486833214760e-01,-3.162277638912e-01,1.010652770483e+00,2.169170381647e-01,1.033669204306e+00,1.211365020152e+01,2.171784587962e-01
1083,1221,0,5.228958278894e-02,-1.345138788223e+00,3.162277638912e-01,-9.486833214760e-01,1.292646095582e+00,-3.757639598481e-01,1.346154702084e+00,-1.620881019392e+01,4.762775354560e-01
1084,1222,0,4.447456002235e-01,-1.205794233829e-02,3.162277638912e-01,-3.162277638912e-01,7.222698237195e-01,6.841392617792e-01,9.948468363339e-01,4.344697732146e+01,7.383634473107e-01
1085,1223,0,-9.235359430313e-01,4.399428367615e-01,-9.486833214760e-01,3.162277638912e-01,1.015265241686e+00,-1.253187200990e-01,1.022970328300e+00,-7.036680725393e+00,1.262450363815e-01
1086,1224,0,-4.970753192902e-01,8.856757283211e-01,-3.162277638912e-01,9.486833214760e-01,9.974147654080e-01,1.914918015745e-01,1.015630505806e+00,1.086786974620e+01,1.915092517560e-01
1087,1225,0,-4.603240787983e-01,-3.455269383267e-03,-3.162277638912e-01,-3.162277638912e-01,7.332995409301e-01,-7.223730196761e-01,1.029344935522e+00,-4.456993639069e+01,7.700337099271e-01
1088,1226,0,-2.469220384955e-02,4.531657695770e-01,-3.162277638912e-01,3.162277638912e-01,7.555598021288e-01,-6.774761969902e-01,1.014812599489e+00,-4.188113814760e+01,7.202256645133e-01
1089,1227,0,-9.100683331490e-01,4.659399986267e-01,-9.486833214760e-01,3.162277638912e-01,1.010709769371e+00,-1.542406248777e-01,1.022411075969e+00,-8.676750518432e+00,1.546119966970e-01
1090,1228,0,-4.798780679703e-01,1.918879337609e-02,-3.162277638912e-01,3.162277638912e-01,7.890939985871e-01,7.284137055604e-01,1.073897511429e+00,4.271014445217e+01,7.583322938398e-01
1091,1229,0,-8.969451785088e-01,5.047628283501e-01,-9.486833214760e-01,3.162277638912e-01,1.010536908078e+00,-1.952211000094e-01,1.029221123217e+00,-1.093402135980e+01,1.955052539466e-01
1092,1230,0,5.880578979850e-02,1.307422399521e+00,3.162277638912e-01,9.486833214760e-01,1.258925793699e+00,3.576551744579e-01,1.308744198786e+00,1.585961057320e+01,4.415425126294e-01
1093,1231,0,9.160840511322e-01,-4.618132114410e-01,9.486833214760e-01,-3.162277638912e-01,1.015111775815e+00,-1.484232739080e-01,1.025905154308e+00,-8.318484773708e+00,1.491905962380e-01
1094,1232,0,4.346054792404e-01,-2.933122962713e-02,3.162277638912e-01,-3.162277638912e-01,7.335483500227e-01,6.407948572041e-01,9.740180854790e-01,4.113900155515e+01,6.939845321006e-01
1095,1233,0,-8.902717828751e-01,-4.775819480419e-01,-9.486833214760e-01,-3.162277638912e-01,9.956106205852e-01,1.715453661973e-01,1.010281307600e+00,9.776167832006e+00,1.716015131502e-01
1096,1234,0,8.753015995026e-01,4.905751943588e-01,9.486833214760e-01,3.162277638912e-01,9.855174829638e-01,1.886058291476e-01,1.003402645011e+00,1.083412041557e+01,1.891610480203e-01
1097,1235,0,4.359269440174e-01,2.562682889402e-02,3.162277638912e-01,3.162277638912e-01,7.297805974276e-01,-6.487414483703e-01,9.764451788069e-01,-4.163562620050e+01,7.027688043448e-01
1098,1236,1,-1.338695526123e+00,-1.206692978740e-01,-9.486833214760e-01,-9.486833214760e-01,7.691527778345e-01,-6.419561726636e-01,1.001850150108e+00,-3.984930901757e+01,6.822009730295e-01
1099,1237,1,-1.334555864334e+00,-1.226438730955e-01,-9.486833214760e-01,-9.486833214760e-01,7.680116770486e-01,-6.387336868920e-01,9.989107361790e-01,-3.974934369280e+01,6.795581687806e-01
