payload_symbol_index,hdt_symbol_index,region_0_payload_1_terminator,measured_i,measured_q,current_reference_i,current_reference_q,reencoded_reference_i,reencoded_reference_q,measured_nearest_id,current_reference_id,reencoded_reference_id,current_ref_matches_reencoded,measured_nearest_matches_reencoded,unwrapped_phase_error_vs_reencoded_deg,residual_phase_after_linear_fit_deg
0,138,0,-9.588973522186e-01,-9.021477699280e-01,-9.486833214760e-01,-9.486833214760e-01,-9.486833214760e-01,-9.486833214760e-01,0,0,0,1,1,-1.746601559924,2.146751399586
1,139,0,-9.622460007668e-01,-8.918997645378e-01,-9.486833214760e-01,-9.486833214760e-01,-9.486833214760e-01,-9.486833214760e-01,0,0,0,1,1,-2.172758083319,1.754858120561
2,140,0,-3.267385661602e-01,3.127852082253e-01,-3.162277638912e-01,3.162277638912e-01,-3.162277638912e-01,3.162277638912e-01,6,6,6,1,1,1.249901454950,5.211780903203
3,141,0,-9.734845161438e-01,-2.232956886292e-01,-9.486833214760e-01,-3.162277638912e-01,-9.486833214760e-01,-3.162277638912e-01,1,1,1,1,1,-5.516049381485,-1.519906688861
4,142,0,-2.873707711697e-01,3.528968989849e-01,-3.162277638912e-01,3.162277638912e-01,-3.162277638912e-01,3.162277638912e-01,6,6,6,1,1,-5.843407296537,-1.813001359542
5,143,0,9.942974448204e-01,2.313001155853e-01,9.486833214760e-01,3.162277638912e-01,9.486833214760e-01,3.162277638912e-01,14,14,14,1,1,-5.339329574736,-1.274660393369
6,144,0,2.944209873676e-01,-9.467212557793e-01,3.162277638912e-01,-9.486833214760e-01,3.162277638912e-01,-9.486833214760e-01,8,8,8,1,1,-1.159768965470,2.939163460268
7,145,0,1.006936669350e+00,8.555214405060e-01,9.486833214760e-01,9.486833214760e-01,9.486833214760e-01,9.486833214760e-01,15,15,15,1,1,-4.647844482030,-0.514648811920
8,146,0,3.454019129276e-01,-3.241936862469e-01,3.162277638912e-01,-3.162277638912e-01,3.162277638912e-01,-3.162277638912e-01,9,9,9,1,1,1.814133464972,5.981592379453
9,147,0,8.781238794327e-01,-9.900559186935e-01,9.486833214760e-01,-9.486833214760e-01,9.486833214760e-01,-9.486833214760e-01,12,12,12,1,1,-3.428779091954,0.772943066898
10,148,0,-2.221845984459e-01,9.664992094040e-01,-3.162277638912e-01,9.486833214760e-01,-3.162277638912e-01,9.486833214760e-01,7,7,7,1,1,-5.488389660133,-1.252404256910
11,149,0,-2.757630944252e-01,3.550755083561e-01,-3.162277638912e-01,3.162277638912e-01,-3.162277638912e-01,3.162277638912e-01,6,6,6,1,1,-7.165933682494,-2.895685034899
12,150,0,8.680665493011e-01,-1.001274108887e+00,9.486833214760e-01,-9.486833214760e-01,9.486833214760e-01,-9.486833214760e-01,12,12,12,1,1,-4.075956769351,0.228555122616
13,151,0,-9.243329167366e-01,-2.655693292618e-01,-9.486833214760e-01,-3.162277638912e-01,-9.486833214760e-01,-3.162277638912e-01,1,1,1,1,1,-2.405104143927,1.933670992411
14,152,0,1.002613663673e+00,8.799005746841e-01,9.486833214760e-01,9.486833214760e-01,9.486833214760e-01,9.486833214760e-01,15,15,15,1,1,-3.729591350610,0.643447030099
15,153,0,3.172701001167e-01,-3.399299979210e-01,3.162277638912e-01,-3.162277638912e-01,3.162277638912e-01,-3.162277638912e-01,9,9,9,1,1,-1.974744655898,2.432556969183
16,154,0,-3.331117928028e-01,-3.102952837944e-01,-3.162277638912e-01,-3.162277638912e-01,-3.162277638912e-01,-3.162277638912e-01,5,5,5,1,1,-2.030972512043,2.410592357409
17,155,0,2.834476828575e-01,-3.401047885418e-01,3.162277638912e-01,-3.162277638912e-01,3.162277638912e-01,-3.162277638912e-01,9,9,9,1,1,-5.191742059334,-0.715913945510
18,156,0,-1.963740140200e-01,9.682303071022e-01,-3.162277638912e-01,9.486833214760e-01,-3.162277638912e-01,9.486833214760e-01,7,7,7,1,1,-6.969880329048,-2.459788970853
19,157,0,2.264724671841e-01,-9.550594091415e-01,3.162277638912e-01,-9.486833214760e-01,3.162277638912e-01,-9.486833214760e-01,8,8,8,1,1,-5.094842775687,-0.550488173121
20,158,0,-2.757066786289e-01,3.153753876686e-01,-3.162277638912e-01,3.162277638912e-01,-3.162277638912e-01,3.162277638912e-01,6,6,6,1,1,-3.839477808564,0.739140038373
21,159,0,2.197019755840e-01,-9.644575715065e-01,3.162277638912e-01,-9.486833214760e-01,3.162277638912e-01,-9.486833214760e-01,8,8,8,1,1,-5.602041218416,-0.989160127107
22,160,0,-2.629949450493e-01,3.299877345562e-01,-3.162277638912e-01,3.162277638912e-01,-3.162277638912e-01,3.162277638912e-01,6,6,6,1,1,-6.445715167217,-1.798570831536
23,161,0,2.800604104996e-01,-3.385300338268e-01,3.162277638912e-01,-3.162277638912e-01,3.162277638912e-01,-3.162277638912e-01,9,9,9,1,1,-5.399597007100,-0.718189427048
24,162,0,-2.642632722855e-01,3.294499516487e-01,-3.162277638912e-01,3.162277638912e-01,-3.162277638912e-01,3.162277638912e-01,6,6,6,1,1,-6.265686911159,-1.550016086735
25,163,0,8.445603251457e-01,-1.022079348564e+00,9.486833214760e-01,-9.486833214760e-01,9.486833214760e-01,-9.486833214760e-01,12,12,12,1,1,-5.432539156750,-0.682605087956
26,164,0,9.359285831451e-01,-4.366676509380e-01,9.486833214760e-01,-3.162277638912e-01,9.486833214760e-01,-3.162277638912e-01,13,13,13,1,1,-6.576967163505,-1.792769850338
27,165,0,-3.364772796631e-01,-2.747009694576e-01,-3.162277638912e-01,-3.162277638912e-01,-3.162277638912e-01,-3.162277638912e-01,5,5,5,1,1,-5.771706046745,-0.953245489207
28,166,0,-2.048738449812e-01,1.006303071976e+00,-3.162277638912e-01,9.486833214760e-01,-3.162277638912e-01,9.486833214760e-01,7,7,7,1,1,-6.927339477513,-2.074615675604
29,167,0,-1.740870177746e-01,1.010232210159e+00,-3.162277638912e-01,9.486833214760e-01,-3.162277638912e-01,9.486833214760e-01,7,7,7,1,1,-8.657550658607,-3.770563612327
30,168,0,1.041833400726e+00,8.543347716331e-01,9.486833214760e-01,9.486833214760e-01,9.486833214760e-01,9.486833214760e-01,15,15,15,1,1,-5.647215390222,-0.725965099570
31,169,0,-2.036434113979e-01,1.006511926651e+00,-3.162277638912e-01,9.486833214760e-01,-3.162277638912e-01,9.486833214760e-01,7,7,7,1,1,-6.996935701219,-2.041422166195
32,170,0,-8.634454011917e-01,1.015541553497e+00,-9.486833214760e-01,9.486833214760e-01,-9.486833214760e-01,9.486833214760e-01,3,3,3,1,1,-4.627764448441,0.362012330954
33,171,0,-1.012124300003e+00,-8.584526777267e-01,-9.486833214760e-01,-9.486833214760e-01,-9.486833214760e-01,-9.486833214760e-01,0,0,0,1,1,-4.696415995613,0.327624028154
34,172,0,2.982822656631e-01,-3.587836325169e-01,3.162277638912e-01,-3.162277638912e-01,3.162277638912e-01,-3.162277638912e-01,9,9,9,1,1,-5.260851061692,-0.202547793554
35,173,0,-2.266753762960e-01,9.849565029144e-01,-3.162277638912e-01,9.486833214760e-01,-3.162277638912e-01,9.486833214760e-01,7,7,7,1,1,-5.474704452754,-0.382137940244
36,174,0,3.813022077084e-01,9.643353223801e-01,3.162277638912e-01,9.486833214760e-01,3.162277638912e-01,9.486833214760e-01,11,11,11,1,1,-3.139100645875,1.987729111006
37,175,0,4.038314819336e-01,9.214887619019e-01,3.162277638912e-01,9.486833214760e-01,3.162277638912e-01,9.486833214760e-01,11,11,11,1,1,-5.229915588749,-0.068822587497
38,176,0,8.842393755913e-01,-9.821207523346e-01,9.486833214760e-01,-9.486833214760e-01,9.486833214760e-01,-9.486833214760e-01,12,12,12,1,1,-3.002130413304,2.193225832319
39,177,0,3.730596601963e-01,2.591260075569e-01,3.162277638912e-01,3.162277638912e-01,3.162277638912e-01,3.162277638912e-01,10,10,10,1,1,-10.216283824843,-4.986664334848
40,178,0,8.537636995316e-01,-1.018185257912e+00,9.486833214760e-01,-9.486833214760e-01,9.486833214760e-01,-9.486833214760e-01,12,12,12,1,1,-5.019659539395,0.244223194971
41,179,0,9.927696585655e-01,2.093436419964e-01,9.486833214760e-01,3.162277638912e-01,9.486833214760e-01,3.162277638912e-01,14,14,14,1,1,-6.527529324715,-1.229383345977
42,180,0,-2.711362242699e-01,3.618761599064e-01,-3.162277638912e-01,3.162277638912e-01,-3.162277638912e-01,3.162277638912e-01,6,6,6,1,1,-8.157562366405,-2.825153143296
43,181,0,-2.501052916050e-01,9.886960387230e-01,-3.162277638912e-01,9.486833214760e-01,-3.162277638912e-01,9.486833214760e-01,7,7,7,1,1,-4.238938762035,1.127733705446
44,182,0,-9.878517389297e-01,-2.542177140713e-01,-9.486833214760e-01,-3.162277638912e-01,-9.486833214760e-01,-3.162277638912e-01,1,1,1,1,1,-4.003366026191,1.397569685661
45,183,0,-3.595916330814e-01,-2.919248342514e-01,-3.162277638912e-01,-3.162277638912e-01,-3.162277638912e-01,-3.162277638912e-01,5,5,5,1,1,-5.929506380759,-0.494307424536
46,184,0,-2.363880276680e-01,9.696928858757e-01,-3.162277638912e-01,9.486833214760e-01,-3.162277638912e-01,9.486833214760e-01,7,7,7,1,1,-4.734815394267,0.734646806327
47,185,0,-9.995409846306e-01,-2.217600047588e-01,-9.486833214760e-01,-3.162277638912e-01,-9.486833214760e-01,-3.162277638912e-01,1,1,1,1,1,-5.925818616227,-0.422093171261
48,186,0,-3.631908893585e-01,-2.854415774345e-01,-3.162277638912e-01,-3.162277638912e-01,-3.162277638912e-01,-3.162277638912e-01,5,5,5,1,1,-6.835233615390,-1.297244926052
49,187,0,1.047206759453e+00,8.268719315529e-01,9.486833214760e-01,9.486833214760e-01,9.486833214760e-01,9.486833214760e-01,15,15,15,1,1,-6.705463690281,-1.133211756572
50,188,0,9.247370362282e-01,-4.208436012268e-01,9.486833214760e-01,-3.162277638912e-01,9.486833214760e-01,-3.162277638912e-01,13,13,13,1,1,-6.035116699821,-0.428601521741
51,189,0,-3.594436943531e-01,-3.084471523762e-01,-3.162277638912e-01,-3.162277638912e-01,-3.162277638912e-01,-3.162277638912e-01,5,5,5,1,1,-4.366324519561,1.274453902891
52,190,0,-2.438626289368e-01,9.772387146950e-01,-3.162277638912e-01,9.486833214760e-01,-3.162277638912e-01,9.486833214760e-01,7,7,7,1,1,-4.423376317349,1.251665349475
53,191,0,-8.721396923065e-01,9.984158873558e-01,-9.486833214760e-01,9.486833214760e-01,-9.486833214760e-01,9.486833214760e-01,3,3,3,1,1,-3.862024941455,1.847279969740
54,192,0,-1.047918677330e+00,-8.501754999161e-01,-9.486833214760e-01,-9.486833214760e-01,-9.486833214760e-01,-9.486833214760e-01,0,0,0,1,1,-5.947610615024,-0.204042459458
55,193,0,-1.001232981682e+00,-8.768681883812e-01,-9.486833214760e-01,-9.486833214760e-01,-9.486833214760e-01,-9.486833214760e-01,0,0,0,1,1,-3.788502072706,1.989329327231
56,194,0,8.145149946213e-01,-1.047541975975e+00,9.486833214760e-01,-9.486833214760e-01,9.486833214760e-01,-9.486833214760e-01,12,12,12,1,1,-7.133192089415,-1.321097445106
57,195,0,-1.000901818275e+00,-8.646001219749e-01,-9.486833214760e-01,-9.486833214760e-01,-9.486833214760e-01,-9.486833214760e-01,0,0,0,1,1,-4.178853608780,1.667504279901
58,196,0,-2.635464370251e-01,9.573700428009e-01,-3.162277638912e-01,9.486833214760e-01,-3.162277638912e-01,9.486833214760e-01,7,7,7,1,1,-3.043693563802,2.836927569250
59,197,0,1.024040222168e+00,8.754665255547e-01,9.486833214760e-01,9.486833214760e-01,9.486833214760e-01,9.486833214760e-01,15,15,15,1,1,-4.472397578167,1.442486799256
60,198,0,1.002331614494e+00,2.470718622208e-01,9.486833214760e-01,3.162277638912e-01,9.486833214760e-01,3.162277638912e-01,14,14,14,1,1,-4.587753967767,1.361393654028
61,199,0,-2.972995638847e-01,3.254782259464e-01,-3.162277638912e-01,3.162277638912e-01,-3.162277638912e-01,3.162277638912e-01,6,6,6,1,1,-2.590680019015,3.392730847151
62,200,0,-1.041011095047e+00,-8.238633871078e-01,-9.486833214760e-01,-9.486833214760e-01,-9.486833214760e-01,-9.486833214760e-01,0,0,0,1,1,-6.641664298894,-0.623990188356
63,201,0,9.739662408829e-01,1.861490160227e-01,9.486833214760e-01,3.162277638912e-01,9.486833214760e-01,3.162277638912e-01,14,14,14,1,1,-7.614798139919,-1.562860785010
64,202,0,4.620440602303e-01,9.152446985245e-01,3.162277638912e-01,9.486833214760e-01,3.162277638912e-01,9.486833214760e-01,11,11,11,1,1,-8.351119620659,-2.264919021379
65,203,0,8.882020711899e-01,-4.086574614048e-01,9.486833214760e-01,-3.162277638912e-01,9.486833214760e-01,-3.162277638912e-01,13,13,13,1,1,-6.271981163479,-0.151517319827
66,204,0,-8.816913962364e-01,3.819343447685e-01,-9.486833214760e-01,3.162277638912e-01,-9.486833214760e-01,3.162277638912e-01,2,2,2,1,1,-4.986526340792,1.168200747231
67,205,0,7.523481249809e-01,-1.026782512665e+00,9.486833214760e-01,-9.486833214760e-01,9.486833214760e-01,-9.486833214760e-01,12,12,12,1,1,-8.768874252743,-2.579883920348
68,206,0,-7.545741796494e-01,1.025808453560e+00,-9.486833214760e-01,9.486833214760e-01,-9.486833214760e-01,9.486833214760e-01,3,3,3,1,1,-8.662181429770,-2.438927853004
69,207,0,9.765411615372e-01,2.076521217823e-01,9.486833214760e-01,3.162277638912e-01,9.486833214760e-01,3.162277638912e-01,14,14,14,1,1,-6.430351381833,-0.172834560695
70,208,0,8.122422695160e-01,-1.054776310921e+00,9.486833214760e-01,-9.486833214760e-01,9.486833214760e-01,-9.486833214760e-01,12,12,12,1,1,-7.401529025042,-1.109748959533
71,209,0,-4.273415505886e-01,-9.276373982430e-01,-3.162277638912e-01,-9.486833214760e-01,-3.162277638912e-01,-9.486833214760e-01,4,4,4,1,1,-6.299505771050,0.026537538830
72,210,0,3.208900094032e-01,2.792146503925e-01,3.162277638912e-01,3.162277638912e-01,3.162277638912e-01,3.162277638912e-01,10,10,10,1,1,-3.972631275238,2.387675279014
73,211,0,-8.023418784142e-01,1.074020862579e+00,-9.486833214760e-01,9.486833214760e-01,-9.486833214760e-01,9.486833214760e-01,3,3,3,1,1,-8.238615178059,-1.844045379436
74,212,0,-1.839261353016e-01,9.995836019516e-01,-3.162277638912e-01,9.486833214760e-01,-3.162277638912e-01,9.486833214760e-01,7,7,7,1,1,-8.008987149072,-1.580154106077
75,213,0,1.033308148384e+00,8.276922106743e-01,9.486833214760e-01,9.486833214760e-01,9.486833214760e-01,9.486833214760e-01,15,15,15,1,1,-6.304854043432,0.158242243935
76,214,0,-7.857624888420e-01,1.059817790985e+00,-9.486833214760e-01,9.486833214760e-01,-9.486833214760e-01,9.486833214760e-01,3,3,3,1,1,-8.446288585692,-1.948929053954
77,215,0,-3.366413116455e-01,3.734536468983e-01,-3.162277638912e-01,3.162277638912e-01,-3.162277638912e-01,3.162277638912e-01,6,6,6,1,1,-2.967638274517,3.563984501592
78,216,0,-8.567771911621e-01,1.017299652100e+00,-9.486833214760e-01,9.486833214760e-01,-9.486833214760e-01,9.486833214760e-01,3,3,3,1,1,-4.895672100543,1.670213919938
79,217,0,3.356929123402e-01,3.237105011940e-01,3.162277638912e-01,3.162277638912e-01,3.162277638912e-01,3.162277638912e-01,10,10,10,1,1,-1.041041069908,5.559108194944
80,218,0,3.178231120110e-01,2.767373025417e-01,3.162277638912e-01,3.162277638912e-01,3.162277638912e-01,3.162277638912e-01,10,10,10,1,1,-3.953016567098,2.681395942125
81,219,0,-9.943923354149e-01,-8.792205452919e-01,-9.486833214760e-01,-9.486833214760e-01,-9.486833214760e-01,-9.486833214760e-01,0,0,0,1,1,-3.517570167463,3.151105586132
82,220,0,2.987103164196e-01,2.899983227253e-01,3.162277638912e-01,3.162277638912e-01,3.162277638912e-01,3.162277638912e-01,10,10,10,1,1,-0.847828626145,5.855110371822
83,221,0,-8.677498102188e-01,1.001544952393e+00,-9.486833214760e-01,9.486833214760e-01,-9.486833214760e-01,9.486833214760e-01,3,3,3,1,1,-4.093975113730,2.643227128607
84,222,0,-3.417619466782e-01,3.583551347256e-01,-3.162277638912e-01,3.162277638912e-01,-3.162277638912e-01,3.162277638912e-01,6,6,6,1,1,-1.357689616349,5.413775870360
85,223,0,-9.345988631248e-01,3.613722324371e-01,-9.486833214760e-01,3.162277638912e-01,-9.486833214760e-01,3.162277638912e-01,2,2,2,1,1,-2.704556821690,4.101171909390
86,224,0,8.260365128517e-01,-1.015337705612e+00,9.486833214760e-01,-9.486833214760e-01,9.486833214760e-01,-9.486833214760e-01,12,12,12,1,1,-5.869632448374,0.970359527078
87,225,0,9.246462583542e-01,-4.468838572502e-01,9.486833214760e-01,-3.162277638912e-01,9.486833214760e-01,-3.162277638912e-01,13,13,13,1,1,-7.359646572982,-0.485391353159
88,226,0,2.137092351913e-01,-9.933925867081e-01,3.162277638912e-01,-9.486833214760e-01,3.162277638912e-01,-9.486833214760e-01,8,8,8,1,1,-6.293911016450,0.614607447745
89,227,0,-4.368428885937e-01,-9.389431476593e-01,-3.162277638912e-01,-9.486833214760e-01,-3.162277638912e-01,-9.486833214760e-01,4,4,4,1,1,-6.515235017618,0.427546690948
90,228,0,2.001804560423e-01,-1.009109497070e+00,3.162277638912e-01,-9.486833214760e-01,3.162277638912e-01,-9.486833214760e-01,8,8,8,1,1,-7.214657991887,-0.237613038949
91,229,0,2.235256284475e-01,-1.006724834442e+00,3.162277638912e-01,-9.486833214760e-01,3.162277638912e-01,-9.486833214760e-01,8,8,8,1,1,-5.916499911793,1.094808285516
92,230,0,8.952945470810e-01,-4.113317728043e-01,9.486833214760e-01,-3.162277638912e-01,9.486833214760e-01,-3.162277638912e-01,13,13,13,1,1,-6.240869891663,0.804701550017
93,231,0,-9.306177496910e-01,4.012653827667e-01,-9.486833214760e-01,3.162277638912e-01,-9.486833214760e-01,3.162277638912e-01,2,2,2,1,1,-4.889875103793,2.189959582259
94,232,0,-3.184506595135e-01,3.615274131298e-01,-3.162277638912e-01,3.162277638912e-01,-3.162277638912e-01,3.162277638912e-01,6,6,6,1,1,-3.624855686521,3.489242243902
95,233,0,9.866548776627e-01,2.346874922514e-01,9.486833214760e-01,3.162277638912e-01,9.486833214760e-01,3.162277638912e-01,14,14,14,1,1,-5.055109379113,2.093251795682
96,234,0,1.038404703140e+00,8.497102856636e-01,9.486833214760e-01,9.486833214760e-01,9.486833214760e-01,9.486833214760e-01,15,15,15,1,1,-5.707075400188,1.475549018979
97,235,0,-3.051399886608e-01,3.627875149250e-01,-3.162277638912e-01,3.162277638912e-01,-3.162277638912e-01,3.162277638912e-01,6,6,6,1,1,-4.932863311369,2.284024352168
98,236,0,-1.033847332001e+00,-8.338114023209e-01,-9.486833214760e-01,-9.486833214760e-01,-9.486833214760e-01,-9.486833214760e-01,0,0,0,1,1,-6.113369461140,1.137781446769
99,237,0,9.638220667839e-01,2.348112165928e-01,9.486833214760e-01,3.162277638912e-01,9.486833214760e-01,3.162277638912e-01,14,14,14,1,1,-4.742988105289,2.542426046991
100,238,0,3.875033855438e-01,2.935646176338e-01,3.162277638912e-01,3.162277638912e-01,3.162277638912e-01,3.162277638912e-01,10,10,10,1,1,-7.853177388636,-0.533499991984
101,239,0,8.993914127350e-01,-4.110426902771e-01,9.486833214760e-01,-3.162277638912e-01,9.486833214760e-01,-3.162277638912e-01,13,13,13,1,1,-6.126549308335,1.227391332688
102,240,0,-2.945351004601e-01,3.622137606144e-01,-3.162277638912e-01,3.162277638912e-01,-3.162277638912e-01,3.162277638912e-01,6,6,6,1,1,-5.883621852956,1.504582032439
103,241,0,-2.004372030497e-01,9.887855648994e-01,-3.162277638912e-01,9.486833214760e-01,-3.162277638912e-01,9.486833214760e-01,7,7,7,1,1,-6.975767552268,0.446699577499
104,242,0,7.996476292610e-01,-1.018882751465e+00,9.486833214760e-01,-9.486833214760e-01,9.486833214760e-01,-9.486833214760e-01,12,12,12,1,1,-6.874187179571,0.582543194566
105,243,0,-3.687787055969e-01,-3.002540767193e-01,-3.162277638912e-01,-3.162277638912e-01,-3.162277638912e-01,-3.162277638912e-01,5,5,5,1,1,-5.848037136457,1.642956482052
106,244,0,-4.651188850403e-01,-8.996865153313e-01,-3.162277638912e-01,-9.486833214760e-01,-3.162277638912e-01,-9.486833214760e-01,4,4,4,1,1,-8.903058518272,-1.377801655392
107,245,0,-3.713805675507e-01,-3.041819632053e-01,-3.162277638912e-01,-3.162277638912e-01,-3.162277638912e-01,-3.162277638912e-01,5,5,5,1,1,-5.680559003275,1.878961103977
108,246,0,-4.484611451626e-01,-9.069649577141e-01,-3.162277638912e-01,-9.486833214760e-01,-3.162277638912e-01,-9.486833214760e-01,4,4,4,1,1,-7.875770790724,-0.281987439101
109,247,0,-9.370700716972e-01,4.139646589756e-01,-9.486833214760e-01,3.162277638912e-01,-9.486833214760e-01,3.162277638912e-01,2,2,2,1,1,-5.399210285405,2.228836310589
110,248,0,-3.781642615795e-01,-2.579140961170e-01,-3.162277638912e-01,-3.162277638912e-01,-3.162277638912e-01,-3.162277638912e-01,5,5,5,1,1,-10.705384487127,-3.043074646761
111,249,0,3.337865769863e-01,2.862625122070e-01,3.162277638912e-01,3.162277638912e-01,3.162277638912e-01,3.162277638912e-01,10,10,10,1,1,-4.382903066900,3.313670017837
112,250,0,-8.719972968102e-01,4.803547263145e-01,-9.486833214760e-01,3.162277638912e-01,-9.486833214760e-01,3.162277638912e-01,2,2,2,1,1,-10.413979680081,-2.683143350972
113,251,0,1.033864378929e+00,7.866155505180e-01,9.486833214760e-01,9.486833214760e-01,9.486833214760e-01,9.486833214760e-01,15,15,15,1,1,-7.734313779210,0.030785794270
114,252,0,-1.063830256462e+00,-7.420002818108e-01,-9.486833214760e-01,-9.486833214760e-01,-9.486833214760e-01,-9.486833214760e-01,0,0,0,1,1,-10.104999143808,-2.305636325956
115,253,0,2.517385184765e-01,-3.756479620934e-01,3.162277638912e-01,-3.162277638912e-01,3.162277638912e-01,-3.162277638912e-01,9,9,9,1,1,-11.172190194338,-3.338564132115
116,254,0,9.957094788551e-01,1.937241405249e-01,9.486833214760e-01,3.162277638912e-01,9.486833214760e-01,3.162277638912e-01,14,14,14,1,1,-7.425088678109,0.442800628485
117,255,0,-1.502022892237e-01,1.007898688316e+00,-3.162277638912e-01,9.486833214760e-01,-3.162277638912e-01,9.486833214760e-01,7,7,7,1,1,-9.958814178987,-2.056661628021
118,256,0,1.620140671730e-01,-9.678660631180e-01,3.162277638912e-01,-9.486833214760e-01,3.162277638912e-01,-9.486833214760e-01,8,8,8,1,1,-8.932136124714,-0.995720329377
119,257,0,1.746592521667e-01,-1.004383206367e+00,3.162277638912e-01,-9.486833214760e-01,3.162277638912e-01,-9.486833214760e-01,8,8,8,1,1,-8.570032154841,-0.599353115132
120,258,0,-1.051103591919e+00,-7.947077155113e-01,-9.486833214760e-01,-9.486833214760e-01,-9.486833214760e-01,-9.486833214760e-01,0,0,0,1,1,-7.908173599636,0.096768684445
121,259,0,-9.277977943420e-01,4.517201781273e-01,-9.486833214760e-01,3.162277638912e-01,-9.486833214760e-01,3.162277638912e-01,2,2,2,1,1,-7.525276028359,0.513929500092
122,260,0,-3.625466227531e-01,-2.533244490623e-01,-3.162277638912e-01,-3.162277638912e-01,-3.162277638912e-01,-3.162277638912e-01,5,5,5,1,1,-10.056606295893,-1.983137523070
123,261,0,3.692166507244e-01,2.884170114994e-01,3.162277638912e-01,3.162277638912e-01,3.162277638912e-01,3.162277638912e-01,10,10,10,1,1,-7.004495636202,1.103236380993
124,262,0,1.020279169083e+00,2.440748214722e-01,9.486833214760e-01,3.162277638912e-01,9.486833214760e-01,3.162277638912e-01,14,14,14,1,1,-4.981285921671,3.160709339895
125,263,0,4.591003954411e-01,9.295685291290e-01,3.162277638912e-01,9.486833214760e-01,3.162277638912e-01,9.486833214760e-01,11,11,11,1,1,-7.849148843135,0.327109662803
126,264,0,1.792284846306e-01,-9.671568274498e-01,3.162277638912e-01,-9.486833214760e-01,3.162277638912e-01,-9.486833214760e-01,8,8,8,1,1,-7.936290682106,0.274231068203
127,265,0,-9.558579325676e-01,-1.622678190470e-01,-9.486833214760e-01,-3.162277638912e-01,-9.486833214760e-01,-3.162277638912e-01,1,1,1,1,1,-8.800188048939,-0.555403054258
128,266,0,1.072232484818e+00,7.800556421280e-01,9.486833214760e-01,9.486833214760e-01,9.486833214760e-01,9.486833214760e-01,15,15,15,1,1,-8.963883140843,-0.684834901792
129,267,0,-9.752845168114e-01,-1.318065226078e-01,-9.486833214760e-01,-3.162277638912e-01,-9.486833214760e-01,-3.162277638912e-01,1,1,1,1,1,-10.738243600407,-2.424932116984
130,268,0,-2.605004310608e-01,3.718917965889e-01,-3.162277638912e-01,3.162277638912e-01,-3.162277638912e-01,3.162277638912e-01,6,6,6,1,1,-9.989767553120,-1.642192825325
131,269,0,1.016231775284e+00,1.955803632736e-01,9.486833214760e-01,3.162277638912e-01,9.486833214760e-01,3.162277638912e-01,14,14,14,1,1,-7.541202046254,0.840635925912
132,270,0,1.011752843857e+00,1.840832531452e-01,9.486833214760e-01,3.162277638912e-01,9.486833214760e-01,3.162277638912e-01,14,14,14,1,1,-8.123074811214,0.293026405324
133,271,0,-8.629902005196e-01,4.901382327080e-01,-9.486833214760e-01,3.162277638912e-01,-9.486833214760e-01,3.162277638912e-01,2,2,2,1,1,-11.159608723109,-2.709244262200
134,272,0,4.462746679783e-01,9.256433248520e-01,3.162277638912e-01,9.486833214760e-01,3.162277638912e-01,9.486833214760e-01,11,11,11,1,1,-7.304873656968,1.179754048313
135,273,0,-8.578349351883e-01,4.971921741962e-01,-9.486833214760e-01,3.162277638912e-01,-9.486833214760e-01,3.162277638912e-01,2,2,2,1,1,-11.661184924384,-3.142293974733
136,274,0,3.656572401524e-01,2.960721850395e-01,3.162277638912e-01,3.162277638912e-01,3.162277638912e-01,3.162277638912e-01,10,10,10,1,1,-6.002953661915,2.550200532109
137,275,0,-2.750996649265e-01,3.622806370258e-01,-3.162277638912e-01,3.162277638912e-01,-3.162277638912e-01,3.162277638912e-01,6,6,6,1,1,-7.788593417840,0.798824020554
138,276,0,-1.044731616974e+00,-7.689869403839e-01,-9.486833214760e-01,-9.486833214760e-01,-9.486833214760e-01,-9.486833214760e-01,0,0,0,1,1,-8.644638380945,-0.022957698179
139,277,0,9.832856655121e-01,1.723784655333e-01,9.486833214760e-01,3.162277638912e-01,9.486833214760e-01,3.162277638912e-01,14,14,14,1,1,-8.491545787537,0.164398139601
140,278,0,-1.396962404251e-01,1.009384870529e+00,-3.162277638912e-01,9.486833214760e-01,-3.162277638912e-01,9.486833214760e-01,7,7,7,1,1,-10.555414802999,-1.865207631490
141,279,0,2.768768370152e-01,-3.414515554905e-01,3.162277638912e-01,-3.162277638912e-01,3.162277638912e-01,-3.162277638912e-01,9,9,9,1,1,-5.962034644055,2.762435771825
142,280,0,3.711059093475e-01,2.462483197451e-01,3.162277638912e-01,3.162277638912e-01,3.162277638912e-01,3.162277638912e-01,10,10,10,1,1,-11.433630524440,-2.674896864188
143,281,0,-4.537555277348e-01,-8.721035718918e-01,-3.162277638912e-01,-9.486833214760e-01,-3.162277638912e-01,-9.486833214760e-01,4,4,4,1,1,-9.053013887291,-0.260016982668
144,282,0,-8.985030651093e-01,4.173114001751e-01,-9.486833214760e-01,3.162277638912e-01,-9.486833214760e-01,3.162277638912e-01,2,2,2,1,1,-6.477650317883,2.349609831112
145,283,0,1.534674763680e-01,-9.709738492966e-01,3.162277638912e-01,-9.486833214760e-01,3.162277638912e-01,-9.486833214760e-01,8,8,8,1,1,-9.453351062589,-0.591827669223
146,284,0,-8.697594404221e-01,4.608518481255e-01,-9.486833214760e-01,3.162277638912e-01,-9.486833214760e-01,3.162277638912e-01,2,2,2,1,1,-9.482435892178,-0.586649254441
147,285,0,-8.840396404266e-01,4.741843640804e-01,-9.486833214760e-01,3.162277638912e-01,-9.486833214760e-01,3.162277638912e-01,2,2,2,1,1,-9.773430833697,-0.843380951588
148,286,0,-5.101673603058e-01,-8.480390310287e-01,-3.162277638912e-01,-9.486833214760e-01,-3.162277638912e-01,-9.486833214760e-01,4,4,4,1,1,-12.595526488457,-3.631213361977
149,287,0,-6.988077759743e-01,1.075119137764e+00,-9.486833214760e-01,9.486833214760e-01,-9.486833214760e-01,9.486833214760e-01,3,3,3,1,1,-11.976869125788,-2.978292754937
150,288,0,2.543280720711e-01,-3.371851742268e-01,3.162277638912e-01,-3.162277638912e-01,3.162277638912e-01,-3.162277638912e-01,9,9,9,1,1,-7.973908924967,1.058930690256
151,289,0,-8.427519351244e-02,9.968668818474e-01,-3.162277638912e-01,9.486833214760e-01,-3.162277638912e-01,9.486833214760e-01,7,7,7,1,1,-13.602649538033,-4.535546678439
152,290,0,-9.487910568714e-02,1.036763668060e+00,-3.162277638912e-01,9.486833214760e-01,-3.162277638912e-01,9.486833214760e-01,7,7,7,1,1,-13.206107398361,-4.104741294395
153,291,0,5.159116983414e-01,9.108397960663e-01,3.162277638912e-01,9.486833214760e-01,3.162277638912e-01,9.486833214760e-01,11,11,11,1,1,-11.092840790585,-1.957211442247
154,292,0,4.853891432285e-01,8.950299024582e-01,3.162277638912e-01,9.486833214760e-01,3.162277638912e-01,9.486833214760e-01,11,11,11,1,1,-10.036742275442,-0.866849682734
155,293,0,-3.574384152889e-01,-2.531832456589e-01,-3.162277638912e-01,-3.162277638912e-01,-3.162277638912e-01,-3.162277638912e-01,5,5,5,1,1,-9.689031903770,-0.484876066690
156,294,0,-8.919709324837e-01,4.138351380825e-01,-9.486833214760e-01,3.162277638912e-01,-9.486833214760e-01,3.162277638912e-01,2,2,2,1,1,-6.454270644754,2.784148436697
157,295,0,1.997813880444e-01,-9.830204844475e-01,3.162277638912e-01,-9.486833214760e-01,3.162277638912e-01,-9.486833214760e-01,8,8,8,1,1,-6.947059872069,2.325622453755
158,296,0,-2.501639723778e-01,3.306872248650e-01,-3.162277638912e-01,3.162277638912e-01,-3.162277638912e-01,3.162277638912e-01,6,6,6,1,1,-7.892595250035,1.414350320159
159,297,0,2.824755012989e-01,-3.614482581615e-01,3.162277638912e-01,-3.162277638912e-01,3.162277638912e-01,-3.162277638912e-01,9,9,9,1,1,-6.992010819457,2.349197995109
160,298,0,3.998254835606e-01,2.324831485748e-01,3.162277638912e-01,3.162277638912e-01,3.162277638912e-01,3.162277638912e-01,10,10,10,1,1,-14.823644892108,-5.448172833171
161,299,0,1.570712178946e-01,-1.008219957352e+00,3.162277638912e-01,-9.486833214760e-01,3.162277638912e-01,-9.486833214760e-01,8,8,8,1,1,-9.579983876421,-0.170248573112
162,300,0,-3.504322171211e-01,-2.993154525757e-01,-3.162277638912e-01,-3.162277638912e-01,-3.162277638912e-01,-3.162277638912e-01,5,5,5,1,1,-4.498292261528,4.945706286152
163,301,0,9.065207242966e-01,-4.680180251598e-01,9.486833214760e-01,-3.162277638912e-01,9.486833214760e-01,-3.162277638912e-01,13,13,13,1,1,-8.871429134406,0.606832657645
164,302,0,-2.457971572876e-01,3.480981886387e-01,-3.162277638912e-01,3.162277638912e-01,-3.162277638912e-01,3.162277638912e-01,6,6,6,1,1,-9.773532720033,-0.261007683610
165,303,0,-1.008074760437e+00,-2.029950022697e-01,-9.486833214760e-01,-3.162277638912e-01,-9.486833214760e-01,-3.162277638912e-01,1,1,1,1,1,-7.049614851769,2.497173429025
166,304,0,-1.024044156075e+00,-1.906730234623e-01,-9.486833214760e-01,-3.162277638912e-01,-9.486833214760e-01,-3.162277638912e-01,1,1,1,1,1,-7.887480983153,1.693570542013
167,305,0,-9.642178416252e-01,-1.685284674168e-01,-9.486833214760e-01,-3.162277638912e-01,-9.486833214760e-01,-3.162277638912e-01,1,1,1,1,1,-8.520791147132,1.094523622406
168,306,0,8.795268535614e-01,-4.920257627964e-01,9.486833214760e-01,-3.162277638912e-01,9.486833214760e-01,-3.162277638912e-01,13,13,13,1,1,-10.788615915519,-1.139037901610
169,307,0,-1.054256677628e+00,-7.851561307907e-01,-9.486833214760e-01,-9.486833214760e-01,-9.486833214760e-01,-9.486833214760e-01,0,0,0,1,1,-8.323155284672,1.360685973608
170,308,0,-1.686174720526e-01,9.749628305435e-01,-3.162277638912e-01,9.486833214760e-01,-3.162277638912e-01,9.486833214760e-01,7,7,7,1,1,-8.622842508028,1.095261994623
171,309,0,1.090778470039e+00,7.988530397415e-01,9.486833214760e-01,9.486833214760e-01,9.486833214760e-01,9.486833214760e-01,15,15,15,1,1,-8.782084691674,0.970283055349
172,310,0,1.105886459351e+00,7.667825818062e-01,9.486833214760e-01,9.486833214760e-01,9.486833214760e-01,9.486833214760e-01,15,15,15,1,1,-10.263928547478,-0.477297556084
173,311,0,-2.515158355236e-01,3.531069755554e-01,-3.162277638912e-01,3.162277638912e-01,-3.162277638912e-01,3.162277638912e-01,6,6,6,1,1,-9.537972813676,0.282921422089
174,312,0,-4.742847084999e-01,-9.006691575050e-01,-3.162277638912e-01,-9.486833214760e-01,-3.162277638912e-01,-9.486833214760e-01,4,4,4,1,1,-9.335960565101,0.519196915037
175,313,0,-3.594045042992e-01,-3.197393715382e-01,-3.162277638912e-01,-3.162277638912e-01,-3.162277638912e-01,-3.162277638912e-01,5,5,5,1,1,-3.342540492663,6.546880231846
176,314,0,-4.491870403290e-01,-9.157651066780e-01,-3.162277638912e-01,-9.486833214760e-01,-3.162277638912e-01,-9.486833214760e-01,4,4,4,1,1,-7.693217050823,2.230466918057
177,315,0,-2.562058866024e-01,3.491224348545e-01,-3.162277638912e-01,3.162277638912e-01,-3.162277638912e-01,3.162277638912e-01,6,6,6,1,1,-8.726661915632,1.231285297620
178,316,0,3.918694853783e-01,2.467555105686e-01,3.162277638912e-01,3.162277638912e-01,3.162277638912e-01,3.162277638912e-01,10,10,10,1,1,-12.801871390387,-2.809660932764
179,317,0,9.046927690506e-01,-5.145441293716e-01,9.486833214760e-01,-3.162277638912e-01,9.486833214760e-01,-3.162277638912e-01,13,13,13,1,1,-11.194111721756,-1.167638019762
180,318,0,9.292147159576e-01,-4.846448004246e-01,9.486833214760e-01,-3.162277638912e-01,9.486833214760e-01,-3.162277638912e-01,13,13,13,1,1,-9.109968525556,0.950768420810
181,319,0,1.096382975578e+00,7.905042767525e-01,9.486833214760e-01,9.486833214760e-01,9.486833214760e-01,9.486833214760e-01,15,15,15,1,1,-9.207978507642,0.887021683096
182,320,0,9.662517905235e-01,1.853742003441e-01,9.486833214760e-01,3.162277638912e-01,9.486833214760e-01,3.162277638912e-01,14,14,14,1,1,-7.574780935726,2.554482499383
183,321,0,-9.706172943115e-01,-2.011888176203e-01,-9.486833214760e-01,-3.162277638912e-01,-9.486833214760e-01,-3.162277638912e-01,1,1,1,1,1,-6.724554197250,3.438972482230
184,322,0,4.445884227753e-01,8.977081179619e-01,3.162277638912e-01,9.486833214760e-01,3.162277638912e-01,9.486833214760e-01,11,11,11,1,1,-7.911887482065,2.285902441786
185,323,0,3.617629110813e-01,2.642523646355e-01,3.162277638912e-01,3.162277638912e-01,3.162277638912e-01,3.162277638912e-01,10,10,10,1,1,-8.853466350570,1.378586817653
186,324,0,-4.644066989422e-01,-9.251657128334e-01,-3.162277638912e-01,-9.486833214760e-01,-3.162277638912e-01,-9.486833214760e-01,4,4,4,1,1,-8.220392496738,2.045923915857
187,325,0,7.611641883850e-01,-1.077207803726e+00,9.486833214760e-01,-9.486833214760e-01,9.486833214760e-01,-9.486833214760e-01,12,12,12,1,1,-9.754647798362,0.545931858604
188,326,0,-1.527767479420e-01,9.616393446922e-01,-3.162277638912e-01,9.486833214760e-01,-3.162277638912e-01,9.486833214760e-01,7,7,7,1,1,-9.407746386255,0.927096515082
189,327,0,-1.024984478951e+00,-1.547189503908e-01,-9.486833214760e-01,-3.162277638912e-01,-9.486833214760e-01,-3.162277638912e-01,1,1,1,1,1,-9.851091131995,0.518015013713
190,328,0,-1.051012873650e+00,-1.581830531359e-01,-9.486833214760e-01,-3.162277638912e-01,-9.486833214760e-01,-3.162277638912e-01,1,1,1,1,1,-9.875867878532,0.527501511548
191,329,0,-9.904547929764e-01,-1.670880317688e-01,-9.486833214760e-01,-3.162277638912e-01,-9.486833214760e-01,-3.162277638912e-01,1,1,1,1,1,-8.859406014097,1.578226620355
192,330,0,6.911509633064e-01,-1.131424665451e+00,9.486833214760e-01,-9.486833214760e-01,9.486833214760e-01,-9.486833214760e-01,12,12,12,1,1,-13.580583093590,-3.108687214767
193,331,0,-1.095210909843e+00,-7.349093556404e-01,-9.486833214760e-01,-9.486833214760e-01,-9.486833214760e-01,-9.486833214760e-01,0,0,0,1,1,-11.137565008054,-0.631405884860
194,332,0,-7.579241991043e-01,1.072755217552e+00,-9.486833214760e-01,9.486833214760e-01,-9.486833214760e-01,9.486833214760e-01,3,3,3,1,1,-9.757987769172,0.782434598394
195,333,0,-5.473635196686e-01,-8.600370287895e-01,-3.162277638912e-01,-9.486833214760e-01,-3.162277638912e-01,-9.486833214760e-01,4,4,4,1,1,-14.039431732218,-3.464746120281
196,334,0,-1.101510524750e+00,-7.610496282578e-01,-9.486833214760e-01,-9.486833214760e-01,-9.486833214760e-01,-9.486833214760e-01,0,0,0,1,1,-10.358841484201,0.250107372107
197,335,0,8.528041839600e-01,-5.301228761673e-01,9.486833214760e-01,-3.162277638912e-01,9.486833214760e-01,-3.162277638912e-01,13,13,13,1,1,-13.431095141727,-2.787883041047
198,336,0,7.494216561317e-01,-1.105658411980e+00,9.486833214760e-01,-9.486833214760e-01,9.486833214760e-01,-9.486833214760e-01,12,12,12,1,1,-10.870353785596,-0.192878440544
199,337,0,-4.698435962200e-01,-9.231367707253e-01,-3.162277638912e-01,-9.486833214760e-01,-3.162277638912e-01,-9.486833214760e-01,4,4,4,1,1,-8.539517926877,2.172220662546
200,338,0,3.503233194351e-01,2.620409727097e-01,3.162277638912e-01,3.162277638912e-01,3.162277638912e-01,3.162277638912e-01,10,10,10,1,1,-8.203602648697,2.542399185097
201,339,0,-1.524619013071e-01,9.901117682457e-01,-3.162277638912e-01,9.486833214760e-01,-3.162277638912e-01,9.486833214760e-01,7,7,7,1,1,-9.681040786156,1.099224292010
202,340,0,1.353985369205e-01,-9.963299036026e-01,3.162277638912e-01,-9.486833214760e-01,3.162277638912e-01,-9.486833214760e-01,8,8,8,1,1,-10.696015622120,0.118512700417
203,341,0,1.379310041666e-01,-1.040437579155e+00,3.162277638912e-01,-9.486833214760e-01,3.162277638912e-01,-9.486833214760e-01,8,8,8,1,1,-10.883270523561,-0.034478956652
204,342,0,7.356404662132e-01,-1.080633044243e+00,9.486833214760e-01,-9.486833214760e-01,9.486833214760e-01,-9.486833214760e-01,12,12,12,1,1,-10.754940995880,0.128113815400
205,343,0,-2.332076281309e-01,3.414692580700e-01,-3.162277638912e-01,3.162277638912e-01,-3.162277638912e-01,3.162277638912e-01,6,6,6,1,1,-10.668740354981,0.248577700671
206,344,0,8.527460694313e-01,-4.646662473679e-01,9.486833214760e-01,-3.162277638912e-01,9.486833214760e-01,-3.162277638912e-01,13,13,13,1,1,-10.151272702836,0.800308597187
207,345,0,-8.704281449318e-01,4.830427765846e-01,-9.486833214760e-01,3.162277638912e-01,-9.486833214760e-01,3.162277638912e-01,2,2,2,1,1,-10.593069635922,0.392774908472
208,346,0,1.086592793465e+00,7.384622097015e-01,9.486833214760e-01,9.486833214760e-01,9.486833214760e-01,9.486833214760e-01,15,15,15,1,1,-10.799476628106,0.220631160660
209,347,0,8.746362328529e-01,-5.011573433876e-01,9.486833214760e-01,-3.162277638912e-01,9.486833214760e-01,-3.162277638912e-01,13,13,13,1,1,-11.377305929628,-0.322934896491
210,348,0,-2.400567233562e-01,3.798821270466e-01,-3.162277638912e-01,3.162277638912e-01,-3.162277638912e-01,3.162277638912e-01,6,6,6,1,1,-12.710215518826,-1.621581241317
211,349,0,-1.202942207456e-01,1.021406769753e+00,-3.162277638912e-01,9.486833214760e-01,-3.162277638912e-01,9.486833214760e-01,7,7,7,1,1,-11.717989696468,-0.595092174588
212,350,0,-1.029089212418e+00,-5.091403424740e-02,-9.486833214760e-01,-3.162277638912e-01,-9.486833214760e-01,-3.162277638912e-01,1,1,1,1,1,-15.602557693877,-4.445396927625
213,351,0,-1.020437955856e+00,-8.236960321665e-02,-9.486833214760e-01,-3.162277638912e-01,-9.486833214760e-01,-3.162277638912e-01,1,1,1,1,1,-13.820047043179,-2.628623032556
214,352,0,2.966575883329e-02,-9.928814172745e-01,3.162277638912e-01,-9.486833214760e-01,3.162277638912e-01,-9.486833214760e-01,8,8,8,1,1,-16.723548285758,-5.497861030764
215,353,0,-2.333340942860e-01,3.753574788570e-01,-3.162277638912e-01,3.162277638912e-01,-3.162277638912e-01,3.162277638912e-01,6,6,6,1,1,-13.133607278699,-1.873656779333
216,354,0,3.880112767220e-01,2.540659010410e-01,3.162277638912e-01,3.162277638912e-01,3.162277638912e-01,3.162277638912e-01,10,10,10,1,1,-11.783622109457,-0.489408365720
217,355,0,1.129679083824e+00,6.963900923729e-01,9.486833214760e-01,9.486833214760e-01,9.486833214760e-01,9.486833214760e-01,15,15,15,1,1,-13.348264951914,-2.019787963806
218,356,0,-6.355162262917e-01,1.131575703621e+00,-9.486833214760e-01,9.486833214760e-01,-9.486833214760e-01,9.486833214760e-01,3,3,3,1,1,-15.680536162312,-4.317795929832
219,357,0,7.986693978310e-01,-5.146124362946e-01,9.486833214760e-01,-3.162277638912e-01,9.486833214760e-01,-3.162277638912e-01,13,13,13,1,1,-14.360242874186,-2.963239397335
220,358,0,-8.344539403915e-01,5.268316864967e-01,-9.486833214760e-01,3.162277638912e-01,-9.486833214760e-01,3.162277638912e-01,2,2,2,1,1,-13.831278136660,-2.400011415437
221,359,0,9.895934462547e-01,9.394948929548e-02,9.486833214760e-01,3.162277638912e-01,9.486833214760e-01,3.162277638912e-01,14,14,14,1,1,-13.011686971789,-1.546157006195
222,360,0,6.898571848869e-01,-1.123911976814e+00,9.486833214760e-01,-9.486833214760e-01,9.486833214760e-01,-9.486833214760e-01,12,12,12,1,1,-13.458397095599,-1.958603885633
223,361,0,-5.315920114517e-01,-8.662300109863e-01,-3.162277638912e-01,-9.486833214760e-01,-3.162277638912e-01,-9.486833214760e-01,4,4,4,1,1,-13.101851004149,-1.567794549812
224,362,0,5.032733082771e-01,8.615673780441e-01,3.162277638912e-01,9.486833214760e-01,3.162277638912e-01,9.486833214760e-01,11,11,11,1,1,-11.855829226414,-0.287509527705
225,363,0,-6.817187070847e-01,1.170018434525e+00,-9.486833214760e-01,9.486833214760e-01,-9.486833214760e-01,9.486833214760e-01,3,3,3,1,1,-14.772510510117,-3.169927567037
226,364,0,-7.129212617874e-01,1.134744882584e+00,-9.486833214760e-01,9.486833214760e-01,-9.486833214760e-01,9.486833214760e-01,3,3,3,1,1,-12.860263576329,-1.223417388877
227,365,0,-5.501787066460e-01,-8.417763710022e-01,-3.162277638912e-01,-9.486833214760e-01,-3.162277638912e-01,-9.486833214760e-01,4,4,4,1,1,-14.733380588283,-3.062271156460
228,366,0,6.866005659103e-01,-1.155387163162e+00,9.486833214760e-01,-9.486833214760e-01,9.486833214760e-01,-9.486833214760e-01,12,12,12,1,1,-14.278670871908,-2.573298195714
229,367,0,8.544495701790e-01,-5.347191691399e-01,9.486833214760e-01,-3.162277638912e-01,9.486833214760e-01,-3.162277638912e-01,13,13,13,1,1,-13.603607248586,-1.863971328021
230,368,0,5.590146780014e-01,8.588129281998e-01,3.162277638912e-01,9.486833214760e-01,3.162277638912e-01,9.486833214760e-01,11,11,11,1,1,-14.625780039352,-2.851880874415
231,369,0,5.378151535988e-01,8.495262265205e-01,3.162277638912e-01,9.486833214760e-01,3.162277638912e-01,9.486833214760e-01,11,11,11,1,1,-13.901994340679,-2.093831931371
232,370,0,-5.534993410110e-01,-8.341842889786e-01,-3.162277638912e-01,-9.486833214760e-01,-3.162277638912e-01,-9.486833214760e-01,4,4,4,1,1,-15.130187140310,-3.287761486630
233,371,0,-1.021073579788e+00,-1.080848649144e-01,-9.486833214760e-01,-3.162277638912e-01,-9.486833214760e-01,-3.162277638912e-01,1,1,1,1,1,-12.392454727966,-0.515765829915
234,372,0,4.809995368123e-02,-9.869983196259e-01,3.162277638912e-01,-9.486833214760e-01,3.162277638912e-01,-9.486833214760e-01,8,8,8,1,1,-15.644927619319,-3.733975476896
235,373,0,-2.322413325310e-01,4.006869494915e-01,-3.162277638912e-01,3.162277638912e-01,-3.162277638912e-01,3.162277638912e-01,6,6,6,1,1,-14.903079105183,-2.957863718389
236,374,0,-7.203810662031e-02,1.036830186844e+00,-3.162277638912e-01,9.486833214760e-01,-3.162277638912e-01,9.486833214760e-01,7,7,7,1,1,-14.460471948786,-2.480993317620
237,375,0,5.584372282028e-01,8.869230151176e-01,3.162277638912e-01,9.486833214760e-01,3.162277638912e-01,9.486833214760e-01,11,11,11,1,1,-13.760980812549,-1.747238937012
238,376,0,1.155333876610e+00,7.002570629120e-01,9.486833214760e-01,9.486833214760e-01,9.486833214760e-01,9.486833214760e-01,15,15,15,1,1,-13.779612816992,-1.731607697084
239,377,0,1.019190192223e+00,8.434876799583e-02,9.486833214760e-01,3.162277638912e-01,9.486833214760e-01,3.162277638912e-01,14,14,14,1,1,-13.703898354840,-1.621629990560
240,378,0,6.705803871155e-01,-1.092703580856e+00,9.486833214760e-01,-9.486833214760e-01,9.486833214760e-01,-9.486833214760e-01,12,12,12,1,1,-13.463008923561,-1.346477314910
241,379,0,-6.893170475960e-01,1.106601953506e+00,-9.486833214760e-01,9.486833214760e-01,-9.486833214760e-01,9.486833214760e-01,3,3,3,1,1,-13.080673528381,-0.929878675358
242,380,0,3.594013154507e-01,3.040615618229e-01,3.162277638912e-01,3.162277638912e-01,3.162277638912e-01,3.162277638912e-01,10,10,10,1,1,-4.768031063132,7.417027034262
243,381,0,-6.858348846436e-01,1.130505919456e+00,-9.486833214760e-01,9.486833214760e-01,-9.486833214760e-01,9.486833214760e-01,3,3,3,1,1,-13.756406733048,-1.537085391282
244,382,0,4.696580469608e-01,9.015302658081e-01,3.162277638912e-01,9.486833214760e-01,3.162277638912e-01,9.486833214760e-01,11,11,11,1,1,-9.082604911287,3.170979674850
245,383,0,-8.615982532501e-01,5.240722298622e-01,-9.486833214760e-01,3.162277638912e-01,-9.486833214760e-01,3.162277638912e-01,2,2,2,1,1,-12.875357075236,-0.587509244727
246,384,0,1.063588023186e+00,7.738709449768e-01,9.486833214760e-01,9.486833214760e-01,9.486833214760e-01,9.486833214760e-01,15,15,15,1,1,-8.960212695533,3.361898379347
247,385,0,2.812373638153e-01,-3.457503914833e-01,3.162277638912e-01,-3.162277638912e-01,3.162277638912e-01,-3.162277638912e-01,9,9,9,1,1,-5.874695279491,6.481679039760
248,386,0,2.678188979626e-01,-3.684257566929e-01,3.162277638912e-01,-3.162277638912e-01,3.162277638912e-01,-3.162277638912e-01,9,9,9,1,1,-8.985557453878,3.405080109745
249,387,0,2.477671056986e-01,-3.725216984749e-01,3.162277638912e-01,-3.162277638912e-01,3.162277638912e-01,-3.162277638912e-01,9,9,9,1,1,-11.371809497947,1.053091310047
250,388,0,-1.080871939659e+00,-7.569260597229e-01,-9.486833214760e-01,-9.486833214760e-01,-9.486833214760e-01,-9.486833214760e-01,0,0,0,1,1,-9.996749800132,2.462414252234
251,389,0,-1.931095272303e-01,9.860214591026e-01,-3.162277638912e-01,9.486833214760e-01,-3.162277638912e-01,9.486833214760e-01,7,7,7,1,1,-7.353984724658,5.139442572079
252,390,0,1.809367835522e-01,-9.652403593063e-01,3.162277638912e-01,-9.486833214760e-01,3.162277638912e-01,-9.486833214760e-01,8,8,8,1,1,-7.817918415894,4.709772125214
253,391,0,9.912958741188e-01,1.538813412189e-01,9.486833214760e-01,3.162277638912e-01,9.486833214760e-01,3.162277638912e-01,14,14,14,1,1,-9.611206770492,2.950747014988
254,392,0,-2.678596973419e-01,4.036300480366e-01,-3.162277638912e-01,3.162277638912e-01,-3.162277638912e-01,3.162277638912e-01,6,6,6,1,1,-11.430683952441,1.165533077411
255,393,0,-1.480722874403e-01,1.018090844154e+00,-3.162277638912e-01,9.486833214760e-01,-3.162277638912e-01,9.486833214760e-01,7,7,7,1,1,-10.159807926018,2.470672348205
256,394,0,8.551130294800e-01,-4.812120497227e-01,9.486833214760e-01,-3.162277638912e-01,9.486833214760e-01,-3.162277638912e-01,13,13,13,1,1,-10.933542320507,1.731201198088
257,395,0,-9.641084074974e-01,-1.125755235553e-01,-9.486833214760e-01,-3.162277638912e-01,-9.486833214760e-01,-3.162277638912e-01,1,1,1,1,1,-11.774882476213,0.924124286753
258,396,0,1.086033582687e+00,7.580627202988e-01,9.486833214760e-01,9.486833214760e-01,9.486833214760e-01,9.486833214760e-01,15,15,15,1,1,-10.084559042619,2.648710964718
259,397,0,2.634356915951e-01,-3.536657691002e-01,3.162277638912e-01,-3.162277638912e-01,3.162277638912e-01,-3.162277638912e-01,9,9,9,1,1,-8.318609702905,4.448923548803
260,398,0,-4.656628668308e-01,-9.145309925079e-01,-3.162277638912e-01,-9.486833214760e-01,-3.162277638912e-01,-9.486833214760e-01,4,4,4,1,1,-8.549434477365,4.252362018715
261,399,0,2.302279472351e-01,-3.479267954826e-01,3.162277638912e-01,-3.162277638912e-01,3.162277638912e-01,-3.162277638912e-01,9,9,9,1,1,-11.506845453244,1.329214287208
262,400,0,-7.185266017914e-01,1.120368123055e+00,-9.486833214760e-01,9.486833214760e-01,-9.486833214760e-01,9.486833214760e-01,3,3,3,1,1,-12.326696179313,0.543626805510
263,401,0,-6.975560784340e-01,1.111717343330e+00,-9.486833214760e-01,9.486833214760e-01,-9.486833214760e-01,9.486833214760e-01,3,3,3,1,1,-12.893450375557,0.011135853637
264,402,0,2.070238739252e-01,-3.466407060623e-01,3.162277638912e-01,-3.162277638912e-01,3.162277638912e-01,-3.162277638912e-01,9,9,9,1,1,-14.153127359187,-1.214277885621
265,403,0,-6.445547938347e-01,1.134654164314e+00,-9.486833214760e-01,9.486833214760e-01,-9.486833214760e-01,9.486833214760e-01,3,3,3,1,1,-15.400705614161,-2.427592896224
266,404,0,1.005662441254e+00,1.091830059886e-01,9.486833214760e-01,3.162277638912e-01,9.486833214760e-01,3.162277638912e-01,14,14,14,1,1,-12.238715152074,0.768660810234
267,405,0,1.008764803410e-01,-1.009698748589e+00,3.162277638912e-01,-9.486833214760e-01,3.162277638912e-01,-9.486833214760e-01,8,8,8,1,1,-12.729602432241,0.312036774439
268,406,0,9.536816179752e-02,-1.027742505074e+00,3.162277638912e-01,-9.486833214760e-01,3.162277638912e-01,-9.486833214760e-01,8,8,8,1,1,-13.133435329167,-0.057532878116
269,407,0,8.729911446571e-01,-5.256373882294e-01,9.486833214760e-01,-3.162277638912e-01,9.486833214760e-01,-3.162277638912e-01,13,13,13,1,1,-12.617651465187,0.492514230236
270,408,0,1.145898342133e+00,6.473304033279e-01,9.486833214760e-01,9.486833214760e-01,9.486833214760e-01,9.486833214760e-01,15,15,15,1,1,-15.537423900417,-2.392994960623
271,409,0,-1.144706130028e+00,-6.514416933060e-01,-9.486833214760e-01,-9.486833214760e-01,-9.486833214760e-01,-9.486833214760e-01,0,0,0,1,1,-15.356195168556,-2.177502984391
272,410,0,-2.397118210793e-01,3.983632028103e-01,-3.162277638912e-01,3.162277638912e-01,-3.162277638912e-01,3.162277638912e-01,6,6,6,1,1,-13.962915919911,-0.749960491374
273,411,0,1.030648827553e+00,9.073755145073e-02,9.486833214760e-01,3.162277638912e-01,9.486833214760e-01,3.162277638912e-01,14,14,14,1,1,-13.403643039256,-0.156424366347
274,412,0,6.960871219635e-01,-1.135003209114e+00,9.486833214760e-01,-9.486833214760e-01,9.486833214760e-01,-9.486833214760e-01,12,12,12,1,1,-13.479590103578,-0.198108186299
275,413,0,-5.360210537910e-01,-8.569666147232e-01,-3.162277638912e-01,-9.486833214760e-01,-3.162277638912e-01,-9.486833214760e-01,4,4,4,1,1,-13.590475308713,-0.274730147062
276,414,0,-1.015805974603e-01,1.011276483536e+00,-3.162277638912e-01,9.486833214760e-01,-3.162277638912e-01,9.486833214760e-01,7,7,7,1,1,-12.698947672579,0.651060733444
277,415,0,-6.134820729494e-02,1.055762648582e+00,-3.162277638912e-01,9.486833214760e-01,-3.162277638912e-01,9.486833214760e-01,7,7,7,1,1,-15.109347406855,-1.725075756461
278,416,0,5.609142184258e-01,8.452605009079e-01,3.162277638912e-01,9.486833214760e-01,3.162277638912e-01,9.486833214760e-01,11,11,11,1,1,-15.133273074695,-1.714738179930
279,417,0,7.150994539261e-01,-1.127116322517e+00,9.486833214760e-01,-9.486833214760e-01,9.486833214760e-01,-9.486833214760e-01,12,12,12,1,1,-12.606897349185,0.845900789952
280,418,0,8.810935020447e-01,-5.251588821411e-01,9.486833214760e-01,-3.162277638912e-01,9.486833214760e-01,-3.162277638912e-01,13,13,13,1,1,-12.361296801531,1.125764581977
281,419,0,5.535011291504e-01,8.549738526344e-01,3.162277638912e-01,9.486833214760e-01,3.162277638912e-01,9.486833214760e-01,11,11,11,1,1,-14.483649117606,-0.962324489726
282,420,0,-3.721514046192e-01,-2.121294587851e-01,-3.162277638912e-01,-3.162277638912e-01,-3.162277638912e-01,-3.162277638912e-01,5,5,5,1,1,-15.316492833330,-1.760904961079
283,421,0,8.845767378807e-01,-5.403912663460e-01,9.486833214760e-01,-3.162277638912e-01,9.486833214760e-01,-3.162277638912e-01,13,13,13,1,1,-12.985967102534,0.603884014089
284,422,0,3.996522426605e-01,2.340385317802e-01,3.162277638912e-01,3.162277638912e-01,3.162277638912e-01,3.162277638912e-01,10,10,10,1,1,-14.646527717134,-1.022413356140
285,423,0,-1.013444304466e+00,-5.119982734323e-02,-9.486833214760e-01,-3.162277638912e-01,-9.486833214760e-01,-3.162277638912e-01,1,1,1,1,1,-15.542789299793,-1.884411694427
286,424,0,-2.258922010660e-01,3.928685486317e-01,-3.162277638912e-01,3.162277638912e-01,-3.162277638912e-01,3.162277638912e-01,6,6,6,1,1,-15.101888882228,-1.409248032491
287,425,0,1.014079928398e+00,1.009671762586e-01,9.486833214760e-01,3.162277638912e-01,9.486833214760e-01,3.162277638912e-01,14,14,14,1,1,-12.749015860163,0.977888233945
288,426,0,-6.644196510315e-01,1.143564224243e+00,-9.486833214760e-01,9.486833214760e-01,-9.486833214760e-01,9.486833214760e-01,3,3,3,1,1,-14.843081221086,-1.081913882607
289,427,0,-2.398988306522e-01,4.296844601631e-01,-3.162277638912e-01,3.162277638912e-01,-3.162277638912e-01,3.162277638912e-01,6,6,6,1,1,-15.824767341846,-2.029336758995
290,428,0,-7.314805686474e-02,1.025895118713e+00,-3.162277638912e-01,9.486833214760e-01,-3.162277638912e-01,9.486833214760e-01,7,7,7,1,1,-14.356564372902,-0.526870545679
291,429,0,-1.000928163528e+00,-6.397183984518e-02,-9.486833214760e-01,-3.162277638912e-01,-9.486833214760e-01,-3.162277638912e-01,1,1,1,1,1,-14.778004604909,-0.914047533315
292,430,0,-5.480471253395e-01,-8.155232071877e-01,-3.162277638912e-01,-9.486833214760e-01,-3.162277638912e-01,-9.486833214760e-01,4,4,4,1,1,-15.466904115956,-1.568683799991
293,431,0,5.596637725830e-01,8.429765105247e-01,3.162277638912e-01,9.486833214760e-01,3.162277638912e-01,9.486833214760e-01,11,11,11,1,1,-15.145786012175,-1.213302451839
294,432,0,-2.137632519007e-01,4.074652791023e-01,-3.162277638912e-01,3.162277638912e-01,-3.162277638912e-01,3.162277638912e-01,6,6,6,1,1,-17.317728309868,-3.350981505160
295,433,0,2.315506786108e-01,-3.722098469734e-01,3.162277638912e-01,-3.162277638912e-01,3.162277638912e-01,-3.162277638912e-01,9,9,9,1,1,-13.114375225902,0.886634823178
296,434,0,-4.526939988136e-02,9.845603108406e-01,-3.162277638912e-01,9.486833214760e-01,-3.162277638912e-01,9.486833214760e-01,7,7,7,1,1,-15.802382221513,-1.767108928062
297,435,0,6.623772531748e-02,-9.811288118362e-01,3.162277638912e-01,-9.486833214760e-01,3.162277638912e-01,-9.486833214760e-01,8,8,8,1,1,-14.572670570775,-0.503134032952
298,436,0,-2.185068428516e-01,3.576613962650e-01,-3.162277638912e-01,3.162277638912e-01,-3.162277638912e-01,3.162277638912e-01,6,6,6,1,1,-13.577900949864,0.525898832330
299,437,0,2.329105436802e-01,-3.571409285069e-01,3.162277638912e-01,-3.162277638912e-01,3.162277638912e-01,-3.162277638912e-01,9,9,9,1,1,-11.889496944336,2.248566082229
300,438,0,-5.411816015840e-02,9.829653501511e-01,-3.162277638912e-01,9.486833214760e-01,-3.162277638912e-01,9.486833214760e-01,7,7,7,1,1,-15.283652153211,-1.111325882274
301,439,0,7.160135507584e-01,-1.120585560799e+00,9.486833214760e-01,-9.486833214760e-01,9.486833214760e-01,-9.486833214760e-01,12,12,12,1,1,-12.422897080630,1.783692434679
302,440,0,2.771343588829e-01,-3.878006935120e-01,3.162277638912e-01,-3.162277638912e-01,3.162277638912e-01,-3.162277638912e-01,9,9,9,1,1,-9.449228286412,4.791624473268
303,441,0,1.019665956497e+00,9.916745126247e-02,9.486833214760e-01,3.162277638912e-01,9.486833214760e-01,3.162277638912e-01,14,14,14,1,1,-12.880125793345,1.394990210706
304,442,0,1.392785161734e-01,-1.009194612503e+00,3.162277638912e-01,-9.486833214760e-01,3.162277638912e-01,-9.486833214760e-01,8,8,8,1,1,-10.577219191410,3.732160057012
305,443,0,7.077553868294e-01,-1.119945526123e+00,9.486833214760e-01,-9.486833214760e-01,9.486833214760e-01,-9.486833214760e-01,12,12,12,1,1,-12.708948201147,1.634694291647
306,444,0,-8.453992009163e-02,9.966785907745e-01,-3.162277638912e-01,9.486833214760e-01,-3.162277638912e-01,9.486833214760e-01,7,7,7,1,1,-13.586631060807,0.791274676358
307,445,0,-2.253074795008e-01,3.992477953434e-01,-3.162277638912e-01,3.162277638912e-01,-3.162277638912e-01,3.162277638912e-01,6,6,6,1,1,-15.562662247745,-1.150493266208
308,446,0,8.554459214211e-01,-5.312432646751e-01,9.486833214760e-01,-3.162277638912e-01,9.486833214760e-01,-3.162277638912e-01,13,13,13,1,1,-13.405881229744,1.040550996164
309,447,0,-9.716576933861e-01,-1.131760850549e-01,-9.486833214760e-01,-3.162277638912e-01,-9.486833214760e-01,-3.162277638912e-01,1,1,1,1,1,-11.791226497540,2.689468972739
310,448,0,4.878070652485e-01,8.931987285614e-01,3.162277638912e-01,9.486833214760e-01,3.162277638912e-01,9.486833214760e-01,11,11,11,1,1,-10.205549121643,4.309409593008
311,449,0,-8.395223021507e-01,5.166268944740e-01,-9.486833214760e-01,3.162277638912e-01,-9.486833214760e-01,3.162277638912e-01,2,2,2,1,1,-13.172444339319,1.376777619703
312,450,0,3.549233675003e-01,2.446985989809e-01,3.162277638912e-01,3.162277638912e-01,3.162277638912e-01,3.162277638912e-01,10,10,10,1,1,-10.416041462928,4.167443740466
313,451,0,-8.426674604416e-01,5.218376517296e-01,-9.486833214760e-01,3.162277638912e-01,-9.486833214760e-01,3.162277638912e-01,2,2,2,1,1,-13.333691907395,1.284056540370
314,452,0,1.123104095459e+00,7.184208035469e-01,9.486833214760e-01,9.486833214760e-01,9.486833214760e-01,9.486833214760e-01,15,15,15,1,1,-12.393998377034,2.258013315103
315,453,0,2.562680244446e-01,-4.079491794109e-01,3.162277638912e-01,-3.162277638912e-01,3.162277638912e-01,-3.162277638912e-01,9,9,9,1,1,-12.863530699849,1.822744236660
316,454,0,8.080001920462e-02,-1.018934130669e+00,3.162277638912e-01,-9.486833214760e-01,3.162277638912e-01,-9.486833214760e-01,8,8,8,1,1,-13.900962663862,0.819575517018
317,455,0,2.125701159239e-01,-4.202427864075e-01,3.162277638912e-01,-3.162277638912e-01,3.162277638912e-01,-3.162277638912e-01,9,9,9,1,1,-18.168485297681,-3.413683872430
318,456,0,-5.345388650894e-01,-8.612056374550e-01,-3.162277638912e-01,-9.486833214760e-01,-3.162277638912e-01,-9.486833214760e-01,4,4,4,1,1,-13.392375101554,1.396689568069
319,457,0,6.561501026154e-01,-1.144879817963e+00,9.486833214760e-01,-9.486833214760e-01,9.486833214760e-01,-9.486833214760e-01,12,12,12,1,1,-15.182244193475,-0.358916279481
320,458,0,-3.376271575689e-02,9.893417358398e-01,-3.162277638912e-01,9.486833214760e-01,-3.162277638912e-01,9.486833214760e-01,7,7,7,1,1,-16.480405575340,-1.622814416975
321,459,0,-3.874840438366e-01,-2.075626552105e-01,-3.162277638912e-01,-3.162277638912e-01,-3.162277638912e-01,-3.162277638912e-01,5,5,5,1,1,-16.823487490511,-1.931633087774
322,460,0,1.016660571098e+00,3.677382692695e-02,9.486833214760e-01,3.162277638912e-01,9.486833214760e-01,3.162277638912e-01,14,14,14,1,1,-16.363394644519,-1.437276997411
323,461,0,-1.984097361565e-01,4.016324281693e-01,-3.162277638912e-01,3.162277638912e-01,-3.162277638912e-01,3.162277638912e-01,6,6,6,1,1,-18.710247744806,-3.749866853326
324,462,0,-6.966852545738e-01,1.145661950111e+00,-9.486833214760e-01,9.486833214760e-01,-9.486833214760e-01,9.486833214760e-01,3,3,3,1,1,-13.695915440017,1.298728695834
325,463,0,-1.138118743896e+00,-6.685671210289e-01,-9.486833214760e-01,-9.486833214760e-01,-9.486833214760e-01,-9.486833214760e-01,0,0,0,1,1,-14.568670051378,0.460237328844
326,464,0,8.373023271561e-01,-5.811631083488e-01,9.486833214760e-01,-3.162277638912e-01,9.486833214760e-01,-3.162277638912e-01,13,13,13,1,1,-16.329176977489,-1.266006352895
327,465,0,6.993215680122e-01,-1.137939333916e+00,9.486833214760e-01,-9.486833214760e-01,9.486833214760e-01,-9.486833214760e-01,12,12,12,1,1,-13.427160790976,1.670273077990
328,466,0,-3.900040388107e-01,-2.573114931583e-01,-3.162277638912e-01,-3.162277638912e-01,-3.162277638912e-01,-3.162277638912e-01,5,5,5,1,1,-11.584519865105,3.547177248232
329,467,0,-1.185700535774e+00,-6.522026062012e-01,-9.486833214760e-01,-9.486833214760e-01,-9.486833214760e-01,-9.486833214760e-01,0,0,0,1,1,-16.186709082446,-1.020748724737
330,468,0,-1.192458510399e+00,-6.251825690269e-01,-9.486833214760e-01,-3.162277638912e-01,-9.486833214760e-01,-9.486833214760e-01,1,1,0,0,0,-17.332860311027,-2.132636708947
331,469,0,-1.165926694870e+00,-6.044418215752e-01,-9.486833214760e-01,-3.162277638912e-01,-9.486833214760e-01,-9.486833214760e-01,1,1,0,0,0,-17.596791862646,-2.362305016195
332,470,0,7.812680006027e-01,-6.156522035599e-01,9.486833214760e-01,-3.162277638912e-01,9.486833214760e-01,-3.162277638912e-01,13,13,13,1,1,-19.803750674171,-4.535000583349
333,471,0,-5.582276582718e-01,-8.402810096741e-01,-3.162277638912e-01,-9.486833214760e-01,-3.162277638912e-01,-9.486833214760e-01,4,4,4,1,1,-15.162510907404,0.140502427790
334,472,0,5.737460255623e-01,-1.156411886215e+00,3.162277638912e-01,-9.486833214760e-01,9.486833214760e-01,-9.486833214760e-01,8,8,12,0,0,-18.611998855909,-3.274722276344
335,473,0,-5.720986127853e-01,1.161796331406e+00,-3.162277638912e-01,9.486833214760e-01,-9.486833214760e-01,9.486833214760e-01,7,7,3,0,0,-18.783170361832,-3.411630537895
336,474,0,1.007390141487e+00,3.989175334573e-02,9.486833214760e-01,3.162277638912e-01,9.486833214760e-01,3.162277638912e-01,14,14,14,1,1,-16.167271200935,-0.761468132627
337,475,0,8.442085385323e-01,-5.708319544792e-01,9.486833214760e-01,-3.162277638912e-01,9.486833214760e-01,-3.162277638912e-01,13,13,13,1,1,-15.630591310941,-0.190524998261
338,476,0,-2.030995935202e-01,3.968052864075e-01,-3.162277638912e-01,3.162277638912e-01,-3.162277638912e-01,3.162277638912e-01,6,6,6,1,1,-17.894957417554,-2.420627860503
339,477,0,-7.658945769072e-02,1.005044937134e+00,-3.162277638912e-01,9.486833214760e-01,-3.162277638912e-01,9.486833214760e-01,7,7,7,1,1,-14.077145459816,1.431447341607
340,478,0,-1.167098641396e+00,-6.305968761444e-01,-9.486833214760e-01,-3.162277638912e-01,-9.486833214760e-01,-9.486833214760e-01,1,1,0,0,0,-16.617135043657,-1.074278997864
341,479,0,-1.006246447563e+00,-8.496918529272e-02,-9.486833214760e-01,-3.162277638912e-01,-9.486833214760e-01,-3.162277638912e-01,1,1,1,1,1,-13.608244240433,1.968875049732
342,480,0,6.432679891586e-01,-1.153920888901e+00,9.486833214760e-01,-9.486833214760e-01,9.486833214760e-01,-9.486833214760e-01,12,12,12,1,1,-15.861958613549,-0.250576079012
343,481,0,8.531897068024e-01,-5.652987360954e-01,9.486833214760e-01,-3.162277638912e-01,9.486833214760e-01,-3.162277638912e-01,13,13,13,1,1,-15.092351034704,0.553294744205
344,482,0,-3.871531188488e-01,-2.659452259541e-01,-3.162277638912e-01,-3.162277638912e-01,-3.162277638912e-01,-3.162277638912e-01,5,5,5,1,1,-10.513847191222,5.166061832058
345,483,0,-5.347921252251e-01,-8.224525451660e-01,-3.162277638912e-01,-9.486833214760e-01,-3.162277638912e-01,-9.486833214760e-01,4,4,4,1,1,-14.598613496266,1.115558771385
346,484,0,5.679709315300e-01,8.124116659164e-01,3.162277638912e-01,9.486833214760e-01,3.162277638912e-01,9.486833214760e-01,11,11,11,1,1,-16.523109265849,-0.774673753827
347,485,0,6.735211610794e-01,-1.130051970482e+00,9.486833214760e-01,-9.486833214760e-01,9.486833214760e-01,-9.486833214760e-01,12,12,12,1,1,-14.204676780200,1.578021976194
348,486,0,6.758209466934e-01,-1.142695665359e+00,9.486833214760e-01,-9.486833214760e-01,9.486833214760e-01,-9.486833214760e-01,12,12,12,1,1,-14.398788461133,1.418173539632
349,487,0,1.194246768951e+00,6.431239247322e-01,9.486833214760e-01,9.486833214760e-01,9.486833214760e-01,9.486833214760e-01,15,15,15,1,1,-16.696716217496,-0.845490972359
350,488,0,9.927552342415e-01,6.047663092613e-02,9.486833214760e-01,3.162277638912e-01,9.486833214760e-01,3.162277638912e-01,14,14,14,1,1,-14.948913822496,0.936574667012
351,489,0,-9.908062219620e-01,-5.045887827873e-02,-9.486833214760e-01,-3.162277638912e-01,-9.486833214760e-01,-3.162277638912e-01,1,1,1,1,1,-15.519559605373,0.400192128507
352,490,0,3.973350822926e-01,2.208305895329e-01,3.162277638912e-01,3.162277638912e-01,3.162277638912e-01,3.162277638912e-01,10,10,10,1,1,-15.935603397290,0.018411580961
353,491,0,4.011244177818e-01,2.080577462912e-01,3.162277638912e-01,3.162277638912e-01,3.162277638912e-01,3.162277638912e-01,10,10,10,1,1,-17.584848166839,-1.596569944217
354,492,0,-1.168353199959e+00,-6.097142100334e-01,-9.486833214760e-01,-3.162277638912e-01,-9.486833214760e-01,-9.486833214760e-01,1,1,0,0,0,-17.441845029543,-1.419303562549
355,493,0,-5.351401865482e-02,9.746648073196e-01,-3.162277638912e-01,9.486833214760e-01,-3.162277638912e-01,9.486833214760e-01,7,7,7,1,1,-15.292276116411,0.764528594954
356,494,0,5.196132138371e-02,-9.786990284920e-01,3.162277638912e-01,-9.486833214760e-01,3.162277638912e-01,-9.486833214760e-01,8,8,8,1,1,-15.395840530033,0.695227425704
357,495,0,4.082725644112e-01,1.971944719553e-01,3.162277638912e-01,3.162277638912e-01,3.162277638912e-01,3.162277638912e-01,10,10,10,1,1,-19.219591279076,-3.094260078968
358,496,0,2.083298861980e-01,-4.041508734226e-01,3.162277638912e-01,-3.162277638912e-01,3.162277638912e-01,-3.162277638912e-01,9,9,9,1,1,-17.730002282846,-1.570407838367
359,497,0,-1.169605374336e+00,-6.341373920441e-01,-9.486833214760e-01,-9.486833214760e-01,-9.486833214760e-01,-9.486833214760e-01,0,0,0,1,1,-16.534307976152,-0.340450287301
360,498,0,-8.513531684875e-01,5.741212368011e-01,-9.486833214760e-01,3.162277638912e-01,-9.486833214760e-01,3.162277638912e-01,2,2,2,1,1,-15.559328342313,0.668792590910
361,499,0,-1.038108944893e+00,-6.442260462791e-03,-9.486833214760e-01,-3.162277638912e-01,-9.486833214760e-01,-3.162277638912e-01,1,1,1,1,1,-18.079388687222,-1.817004509628
362,500,0,-1.027024030685e+00,-1.381474640220e-02,-9.486833214760e-01,-3.162277638912e-01,-9.486833214760e-01,-3.162277638912e-01,1,1,1,1,1,-17.664295496930,-1.367648074965
363,501,0,-1.035584807396e+00,1.863427925855e-03,-9.486833214760e-01,3.162277638912e-01,-9.486833214760e-01,-3.162277638912e-01,2,2,1,0,0,-18.538046010518,-2.207135344181
364,502,0,-1.028741121292e+00,-3.763394802809e-02,-9.486833214760e-01,-3.162277638912e-01,-9.486833214760e-01,-3.162277638912e-01,1,1,1,1,1,-16.339858256350,0.025315654358
365,503,0,-5.512027144432e-01,-8.299131393433e-01,-3.162277638912e-01,-9.486833214760e-01,-3.162277638912e-01,-9.486833214760e-01,4,4,4,1,1,-15.155938232321,1.243498922759
366,504,0,1.157188653946e+00,6.352104544640e-01,9.486833214760e-01,9.486833214760e-01,9.486833214760e-01,9.486833214760e-01,15,15,15,1,1,-16.236490394003,0.197210005448
367,505,0,-1.420042477548e-02,1.026231408119e+00,-3.162277638912e-01,9.486833214760e-01,-3.162277638912e-01,9.486833214760e-01,7,7,7,1,1,-17.642171452225,-1.174207808403
368,506,0,9.838936328888e-01,5.782380700111e-02,9.486833214760e-01,3.162277638912e-01,9.486833214760e-01,3.162277638912e-01,14,14,14,1,1,-15.071522114621,1.430704773572
369,507,0,-1.105162858963e+00,-6.901808381081e-01,-9.486833214760e-01,-9.486833214760e-01,-9.486833214760e-01,-9.486833214760e-01,0,0,0,1,1,-13.014974768235,3.521515364330
370,508,0,3.659859299660e-01,2.378549724817e-01,3.162277638912e-01,3.162277638912e-01,3.162277638912e-01,3.162277638912e-01,10,10,10,1,1,-11.980081579556,4.590671797381
371,509,0,-6.625267863274e-01,1.146985650063e+00,-9.486833214760e-01,9.486833214760e-01,-9.486833214760e-01,9.486833214760e-01,3,3,3,1,1,-14.988225674500,1.616790946808
372,510,0,3.923362195492e-01,2.541699409485e-01,3.162277638912e-01,3.162277638912e-01,3.162277638912e-01,3.162277638912e-01,10,10,10,1,1,-12.063338167681,4.575941697999
373,511,0,-2.266379743814e-01,3.819650411606e-01,-3.162277638912e-01,3.162277638912e-01,-3.162277638912e-01,3.162277638912e-01,6,6,6,1,1,-14.317334116967,2.356208993084
374,512,0,-6.050063967705e-01,-8.101158738136e-01,-3.162277638912e-01,-9.486833214760e-01,-3.162277638912e-01,-9.486833214760e-01,4,4,4,1,1,-18.317965838328,-1.610159483906
375,513,0,-4.047989547253e-01,-2.285950928926e-01,-3.162277638912e-01,-3.162277638912e-01,-3.162277638912e-01,-3.162277638912e-01,5,5,5,1,1,-15.546033008345,1.196036590449
376,514,0,2.015176117420e-01,-4.039088487625e-01,3.162277638912e-01,-3.162277638912e-01,3.162277638912e-01,-3.162277638912e-01,9,9,9,1,1,-18.484540894430,-1.708208051265
377,515,0,-8.231226801872e-01,5.996950268745e-01,-9.486833214760e-01,3.162277638912e-01,-9.486833214760e-01,3.162277638912e-01,2,2,2,1,1,-17.640670396178,-0.830074308641
378,516,0,-2.025017142296e-01,3.908157944679e-01,-3.162277638912e-01,3.162277638912e-01,-3.162277638912e-01,3.162277638912e-01,6,6,6,1,1,-17.609008639347,-0.764149307439
379,517,0,1.010218501091e+00,2.375639230013e-02,9.486833214760e-01,3.162277638912e-01,9.486833214760e-01,3.162277638912e-01,14,14,14,1,1,-17.087823685316,-0.208701109036
380,518,0,-5.799431800842e-01,1.176519513130e+00,-3.162277638912e-01,9.486833214760e-01,-9.486833214760e-01,9.486833214760e-01,7,7,3,0,0,-18.759873824595,-1.846488003944
381,519,0,-8.106241822243e-01,5.794878602028e-01,-9.486833214760e-01,3.162277638912e-01,-9.486833214760e-01,3.162277638912e-01,2,2,2,1,1,-17.124748037130,-0.177098972108
382,520,0,1.218657754362e-02,-1.019678950310e+00,3.162277638912e-01,-9.486833214760e-01,3.162277638912e-01,-9.486833214760e-01,8,8,8,1,1,-17.750216860278,-0.768304550885
383,521,0,-2.063369452953e-01,3.724380135536e-01,-3.162277638912e-01,3.162277638912e-01,-3.162277638912e-01,3.162277638912e-01,6,6,6,1,1,-16.012807270721,1.003368283044
384,522,0,5.541008710861e-01,8.727722167969e-01,3.162277638912e-01,9.486833214760e-01,3.162277638912e-01,9.486833214760e-01,11,11,11,1,1,-13.975476570708,3.074962227429
385,523,0,5.627806186676e-01,8.297016024590e-01,3.162277638912e-01,9.486833214760e-01,3.162277638912e-01,9.486833214760e-01,11,11,11,1,1,-15.713813664213,1.370888378295
386,524,0,7.435305416584e-02,-1.016237616539e+00,3.162277638912e-01,-9.486833214760e-01,3.162277638912e-01,-9.486833214760e-01,8,8,8,1,1,-14.250357188097,2.868608098782
387,525,0,-1.010986328125e+00,-9.600757807493e-02,-9.486833214760e-01,-3.162277638912e-01,-9.486833214760e-01,-3.162277638912e-01,1,1,1,1,1,-13.010164690068,4.143063841183
388,526,0,-8.758309483528e-01,5.248278975487e-01,-9.486833214760e-01,3.162277638912e-01,-9.486833214760e-01,3.162277638912e-01,2,2,2,1,1,-12.496536688944,4.690955086678
389,527,0,-3.872792720795e-01,-2.268246859312e-01,-3.162277638912e-01,-3.162277638912e-01,-3.162277638912e-01,-3.162277638912e-01,5,5,5,1,1,-14.643020940695,2.578734079299
390,528,0,4.272728562355e-01,1.989537477493e-01,3.162277638912e-01,3.162277638912e-01,3.162277638912e-01,3.162277638912e-01,10,10,10,1,1,-20.031604302368,-2.775586038002
391,529,0,8.063793778419e-01,-6.063750386238e-01,9.486833214760e-01,-3.162277638912e-01,9.486833214760e-01,-3.162277638912e-01,13,13,13,1,1,-18.507207555280,-1.216926046543
392,530,0,-1.148059129715e+00,-6.210377812386e-01,-9.486833214760e-01,-3.162277638912e-01,-9.486833214760e-01,-9.486833214760e-01,1,1,0,0,0,-16.589013663415,0.735531089693
393,531,0,1.167599320412e+00,5.560189485550e-01,9.486833214760e-01,3.162277638912e-01,9.486833214760e-01,9.486833214760e-01,14,14,15,0,0,-19.535884038344,-2.177076040864
394,532,0,8.069399595261e-01,-6.384120583534e-01,9.486833214760e-01,-9.486833214760e-01,9.486833214760e-01,-3.162277638912e-01,12,12,13,0,0,-19.914400762302,-2.521329520452
395,533,0,-4.006050229073e-01,-2.240647524595e-01,-3.162277638912e-01,-3.162277638912e-01,-3.162277638912e-01,-3.162277638912e-01,5,5,5,1,1,-15.781021714501,1.646312771722
396,534,0,3.930680453777e-01,2.090056985617e-01,3.162277638912e-01,3.162277638912e-01,3.162277638912e-01,3.162277638912e-01,10,10,10,1,1,-16.999123679703,0.462474050891
397,535,0,6.148350611329e-02,9.736912846565e-01,3.162277638912e-01,9.486833214760e-01,-3.162277638912e-01,9.486833214760e-01,11,11,7,0,0,-22.048079672070,-4.552218697105
398,536,0,5.465822815895e-01,-1.173224329948e+00,3.162277638912e-01,-9.486833214760e-01,9.486833214760e-01,-9.486833214760e-01,8,8,12,0,0,-20.020108617490,-2.489984398154
399,537,0,-5.721700191498e-01,1.145206570625e+00,-3.162277638912e-01,9.486833214760e-01,-9.486833214760e-01,9.486833214760e-01,7,7,3,0,0,-18.452292823350,-0.887905359642
400,538,0,-7.844126224518e-01,5.880008935928e-01,-9.486833214760e-01,3.162277638912e-01,-9.486833214760e-01,3.162277638912e-01,2,2,2,1,1,-18.420521622966,-0.821870914887
401,539,0,7.739009261131e-01,-5.907140970230e-01,9.486833214760e-01,-3.162277638912e-01,9.486833214760e-01,-3.162277638912e-01,13,13,13,1,1,-18.919336176985,-1.286422224534
402,540,0,-9.936432242393e-01,-6.622962653637e-02,-9.486833214760e-01,-3.162277638912e-01,-9.486833214760e-01,-3.162277638912e-01,1,1,1,1,1,-14.621634386110,3.045542810712
403,541,0,-8.119081147015e-03,-1.009267330170e+00,-3.162277638912e-01,-9.486833214760e-01,3.162277638912e-01,-9.486833214760e-01,4,4,8,0,0,-18.895855948254,-1.194415507060
404,542,0,1.011375904083e+00,1.273554004729e-02,9.486833214760e-01,3.162277638912e-01,9.486833214760e-01,3.162277638912e-01,14,14,14,1,1,-17.713501264930,0.022202420635
405,543,0,1.924515329301e-02,9.705791473389e-01,3.162277638912e-01,9.486833214760e-01,-3.162277638912e-01,9.486833214760e-01,11,11,7,0,0,-19.570890246036,-1.800923316100
406,544,0,5.594727993011e-01,-1.152395129204e+00,3.162277638912e-01,-9.486833214760e-01,9.486833214760e-01,-9.486833214760e-01,8,8,12,0,0,-19.104031855137,-1.299801680829
407,545,0,-5.719856619835e-01,1.133620500565e+00,-3.162277638912e-01,9.486833214760e-01,-9.486833214760e-01,9.486833214760e-01,7,7,3,0,0,-18.226069455955,-0.387576037276
408,546,0,1.003392457962e+00,2.137240488082e-03,9.486833214760e-01,3.162277638912e-01,9.486833214760e-01,3.162277638912e-01,14,14,14,1,1,-18.312907626165,-0.440150963114
409,547,0,2.160891145468e-01,-4.233641326427e-01,3.162277638912e-01,-3.162277638912e-01,3.162277638912e-01,-3.162277638912e-01,9,9,9,1,1,-17.959797626356,-0.052777718934
410,548,0,1.745459288359e-01,-4.351755082607e-01,3.162277638912e-01,-3.162277638912e-01,3.162277638912e-01,-3.162277638912e-01,9,9,9,1,1,-23.144615489012,-5.203332337218
411,549,0,-1.150914311409e+00,-6.056839227676e-01,-9.486833214760e-01,-3.162277638912e-01,-9.486833214760e-01,-9.486833214760e-01,1,1,0,0,0,-17.243816094793,0.731730301372
412,550,0,1.126327276230e+00,6.047986149788e-01,9.486833214760e-01,3.162277638912e-01,9.486833214760e-01,9.486833214760e-01,14,14,15,0,0,-16.765746643551,1.244062996986
413,551,0,-9.968062043190e-01,-2.877146564424e-02,-9.486833214760e-01,-3.162277638912e-01,-9.486833214760e-01,-3.162277638912e-01,1,1,1,1,1,-16.781641969412,1.262430915496
414,552,0,-8.621219992638e-01,5.614773035049e-01,-9.486833214760e-01,3.162277638912e-01,-9.486833214760e-01,3.162277638912e-01,2,2,2,1,1,-14.640188026455,3.438148102825
415,553,0,-4.398710727692e-01,-2.393939942122e-01,-3.162277638912e-01,-3.162277638912e-01,-3.162277638912e-01,-3.162277638912e-01,5,5,5,1,1,-16.443344033742,1.669255339908
416,554,0,-1.167578101158e+00,-6.677594780922e-01,-9.486833214760e-01,-9.486833214760e-01,-9.486833214760e-01,-9.486833214760e-01,0,0,0,1,1,-15.233963485596,2.912899132426
417,555,0,1.907326430082e-01,-3.906070888042e-01,3.162277638912e-01,-3.162277638912e-01,3.162277638912e-01,-3.162277638912e-01,9,9,9,1,1,-18.973837639405,-0.792711777012
418,556,0,-3.762733563781e-02,9.824927449226e-01,-3.162277638912e-01,9.486833214760e-01,-3.162277638912e-01,9.486833214760e-01,7,7,7,1,1,-16.241716390026,1.973672716739
419,557,0,9.531637653708e-03,-9.705510735512e-01,3.162277638912e-01,-9.486833214760e-01,3.162277638912e-01,-9.486833214760e-01,8,8,8,1,1,-17.872273048618,0.377379302519
420,558,0,6.096013784409e-01,7.524523139000e-01,3.162277638912e-01,9.486833214760e-01,3.162277638912e-01,9.486833214760e-01,11,11,11,1,1,-20.577811621620,-2.293896026112
421,559,0,5.929201245308e-01,-1.175636172295e+00,3.162277638912e-01,-9.486833214760e-01,9.486833214760e-01,-9.486833214760e-01,8,8,12,0,0,-18.236372066210,0.081806773669
422,560,0,4.167713820934e-01,1.906328350306e-01,3.162277638912e-01,3.162277638912e-01,3.162277638912e-01,3.162277638912e-01,10,10,10,1,1,-20.420460932675,-2.068018848425
423,561,0,4.084906876087e-01,1.845230907202e-01,3.162277638912e-01,3.162277638912e-01,3.162277638912e-01,3.162277638912e-01,10,10,10,1,1,-20.690391829409,-2.303686500787
424,562,0,-5.500466749072e-02,-1.004493832588e+00,-3.162277638912e-01,-9.486833214760e-01,3.162277638912e-01,-9.486833214760e-01,4,4,8,0,0,-21.569254229428,-3.148285656434
425,563,0,-1.009934186935e+00,1.772297546268e-02,-9.486833214760e-01,3.162277638912e-01,-9.486833214760e-01,-3.162277638912e-01,2,2,1,0,0,-19.440308324265,-0.985076506900
426,564,0,6.012886762619e-01,8.027194738388e-01,3.162277638912e-01,9.486833214760e-01,3.162277638912e-01,9.486833214760e-01,11,11,11,1,1,-18.400630510620,0.088864551117
427,565,0,-7.726059556007e-01,6.628850102425e-01,-9.486833214760e-01,9.486833214760e-01,-9.486833214760e-01,3.162277638912e-01,3,3,2,0,0,-22.194179654811,-3.670421348703
428,566,0,1.795130409300e-02,1.014901041985e+00,3.162277638912e-01,9.486833214760e-01,-3.162277638912e-01,9.486833214760e-01,11,11,7,0,0,-19.448275373801,-0.890253823322
429,567,0,-2.226381450891e-01,4.322269260883e-01,-3.162277638912e-01,3.162277638912e-01,-3.162277638912e-01,3.162277638912e-01,6,6,6,1,1,-17.747207968516,0.845076826335
430,568,0,-5.858476161957e-01,1.199692368507e+00,-3.162277638912e-01,9.486833214760e-01,-9.486833214760e-01,9.486833214760e-01,7,7,3,0,0,-18.972284118606,-0.345736079384
431,569,0,3.911485671997e-01,2.327166348696e-01,3.162277638912e-01,3.162277638912e-01,3.162277638912e-01,3.162277638912e-01,10,10,10,1,1,-14.249167892810,4.411643390783
432,570,0,-2.044614404440e-01,3.899242281914e-01,-3.162277638912e-01,3.162277638912e-01,-3.162277638912e-01,3.162277638912e-01,6,6,6,1,1,-17.329191914812,1.365882613153
433,571,0,-6.353570818901e-01,-8.076294064522e-01,-9.486833214760e-01,-9.486833214760e-01,-3.162277638912e-01,-9.486833214760e-01,0,0,4,0,0,-19.756963394904,-1.027625622567
434,572,0,-8.346595764160e-01,5.870143771172e-01,-9.486833214760e-01,3.162277638912e-01,-9.486833214760e-01,3.162277638912e-01,2,2,2,1,1,-16.683693759358,2.079907257350
435,573,0,5.736775398254e-01,8.669461011887e-01,3.162277638912e-01,9.486833214760e-01,3.162277638912e-01,9.486833214760e-01,11,11,11,1,1,-15.058545357887,3.739318903193
436,574,0,-5.339814722538e-02,9.984390139580e-01,-3.162277638912e-01,9.486833214760e-01,-3.162277638912e-01,9.486833214760e-01,7,7,7,1,1,-15.373593087393,3.458534418058
437,575,0,-6.090521216393e-01,-8.131380081177e-01,-3.162277638912e-01,-9.486833214760e-01,-3.162277638912e-01,-9.486833214760e-01,4,4,4,1,1,-18.398793003508,0.467597746314
438,576,0,-8.287002444267e-01,5.837067961693e-01,-9.486833214760e-01,3.162277638912e-01,-9.486833214760e-01,3.162277638912e-01,2,2,2,1,1,-16.724547547680,2.176106446513
439,577,0,5.672740936279e-01,8.625373840332e-01,3.162277638912e-01,9.486833214760e-01,3.162277638912e-01,9.486833214760e-01,11,11,11,1,1,-14.897194831708,4.037722406858
440,578,0,-2.264931052923e-01,3.985169231892e-01,-3.162277638912e-01,3.162277638912e-01,-3.162277638912e-01,3.162277638912e-01,6,6,6,1,1,-15.388698696033,3.580481786904
441,579,0,-5.910673141479e-01,-8.168882131577e-01,-3.162277638912e-01,-9.486833214760e-01,-3.162277638912e-01,-9.486833214760e-01,4,4,4,1,1,-17.453031696732,1.550412030576
442,580,0,-2.456773072481e-01,3.851088285446e-01,-3.162277638912e-01,3.162277638912e-01,-3.162277638912e-01,3.162277638912e-01,6,6,6,1,1,-12.464463986628,6.573242985052
443,581,0,-1.203490138054e+00,-5.916417241096e-01,-9.486833214760e-01,-3.162277638912e-01,-9.486833214760e-01,-9.486833214760e-01,1,1,0,0,0,-18.821039674464,0.250930541586
444,582,0,2.005386799574e-01,-4.036641716957e-01,3.162277638912e-01,-3.162277638912e-01,3.162277638912e-01,-3.162277638912e-01,9,9,9,1,1,-18.582005000529,0.524228459894
445,583,0,1.220547080040e+00,5.859500765800e-01,9.486833214760e-01,3.162277638912e-01,9.486833214760e-01,9.486833214760e-01,14,14,15,0,0,-19.355656767911,-0.215160063118
446,584,0,9.953552484512e-01,-8.922624401748e-03,9.486833214760e-01,-3.162277638912e-01,9.486833214760e-01,3.162277638912e-01,13,13,14,0,0,-18.948548857303,0.226211091862
447,585,0,-1.019244074821e+00,1.547025144100e-02,-9.486833214760e-01,3.162277638912e-01,-9.486833214760e-01,-3.162277638912e-01,2,2,1,0,0,-19.304526119896,-0.095502926360
448,586,0,6.238378584385e-03,1.019738316536e+00,3.162277638912e-01,9.486833214760e-01,-3.162277638912e-01,9.486833214760e-01,11,11,7,0,0,-18.785458113929,0.457828323979
449,587,0,1.025101184845e+00,5.034226458520e-03,9.486833214760e-01,3.162277638912e-01,9.486833214760e-01,3.162277638912e-01,14,14,14,1,1,-18.153573512663,1.123976169616
450,588,0,6.141951084137e-01,-1.189960122108e+00,3.162277638912e-01,-9.486833214760e-01,9.486833214760e-01,-9.486833214760e-01,8,8,12,0,0,-17.699585928799,1.612226997852
451,589,0,-5.881015062332e-01,-8.383623957634e-01,-3.162277638912e-01,-9.486833214760e-01,-3.162277638912e-01,-9.486833214760e-01,4,4,4,1,1,-16.614266643393,2.731809527629
452,590,0,-2.435818314552e-01,4.164960980415e-01,-3.162277638912e-01,3.162277638912e-01,-3.162277638912e-01,3.162277638912e-01,6,6,6,1,1,-14.679375331975,4.700964083419
453,591,0,-9.348305873573e-03,1.026525497437e+00,-3.162277638912e-01,9.486833214760e-01,-3.162277638912e-01,9.486833214760e-01,7,7,7,1,1,-17.913184656573,1.501418003192
454,592,0,1.185588717461e+00,6.431230306625e-01,9.486833214760e-01,9.486833214760e-01,9.486833214760e-01,9.486833214760e-01,15,15,15,1,1,-16.522366193552,2.926499710584
455,593,0,-1.311388704926e-02,1.024974107742e+00,-3.162277638912e-01,9.486833214760e-01,-3.162277638912e-01,9.486833214760e-01,7,7,7,1,1,-17.701925486956,1.781203661552
456,594,0,-8.459389209747e-01,6.141286492348e-01,-9.486833214760e-01,3.162277638912e-01,-9.486833214760e-01,3.162277638912e-01,2,2,2,1,1,-17.543680895835,1.973711497044
457,595,0,-1.208330988884e+00,-5.742951631546e-01,-9.486833214760e-01,-3.162277638912e-01,-9.486833214760e-01,-9.486833214760e-01,1,1,0,0,0,-19.579208867520,-0.027553230270
458,596,0,7.686520814896e-01,-6.526539921761e-01,9.486833214760e-01,-9.486833214760e-01,9.486833214760e-01,-3.162277638912e-01,12,12,13,0,0,-21.899270414808,-2.313351533186
459,597,0,5.785014629364e-01,-1.204649090767e+00,3.162277638912e-01,-9.486833214760e-01,9.486833214760e-01,-9.486833214760e-01,8,8,12,0,0,-19.348561885527,0.271620240467
460,598,0,-6.514346599579e-01,-8.108559846878e-01,-9.486833214760e-01,-9.486833214760e-01,-3.162277638912e-01,-9.486833214760e-01,0,0,4,0,0,-20.343144812518,-0.688699442153
461,599,0,-1.229433059692e+00,-5.805249214172e-01,-9.486833214760e-01,-3.162277638912e-01,-9.486833214760e-01,-9.486833214760e-01,1,1,0,0,0,-19.723828321789,-0.035119707053
462,600,0,-6.258754730225e-01,-7.724061012268e-01,-3.162277638912e-01,-9.486833214760e-01,-3.162277638912e-01,-9.486833214760e-01,4,4,4,1,1,-20.582669356277,-0.859697497169
463,601,0,6.074287891388e-01,7.906310558319e-01,3.162277638912e-01,9.486833214760e-01,3.162277638912e-01,9.486833214760e-01,11,11,11,1,1,-19.099529751669,0.657705351810
464,602,0,-7.569954395294e-01,6.726857423782e-01,-9.486833214760e-01,9.486833214760e-01,-9.486833214760e-01,3.162277638912e-01,3,3,2,0,0,-23.190172091253,-3.398673743403
465,603,0,1.194243073463e+00,5.068525671959e-01,9.486833214760e-01,3.162277638912e-01,9.486833214760e-01,9.486833214760e-01,14,14,15,0,0,-22.002989693463,-2.177228101241
466,604,0,-6.356605887413e-01,-7.517448067665e-01,-9.486833214760e-01,-9.486833214760e-01,-3.162277638912e-01,-9.486833214760e-01,0,0,4,0,0,-21.782253661251,-1.922228824658
467,605,0,-8.288257122040e-01,6.250724196434e-01,-9.486833214760e-01,3.162277638912e-01,-9.486833214760e-01,3.162277638912e-01,2,2,2,1,1,-18.587419341671,1.306868739294
468,606,0,-1.188623428345e+00,-5.749570727348e-01,-9.486833214760e-01,-3.162277638912e-01,-9.486833214760e-01,-9.486833214760e-01,1,1,0,0,0,-19.186167742875,0.742383582462
469,607,0,5.548249483109e-01,-1.220350861549e+00,3.162277638912e-01,-9.486833214760e-01,9.486833214760e-01,-9.486833214760e-01,8,8,12,0,0,-20.551375656156,-0.588561086448
470,608,0,-6.252800822258e-01,-7.875151038170e-01,-3.162277638912e-01,-9.486833214760e-01,-3.162277638912e-01,-9.486833214760e-01,4,4,4,1,1,-20.014318533747,-0.017240719668
471,609,0,-8.126784563065e-01,6.354888677597e-01,-9.486833214760e-01,9.486833214760e-01,-9.486833214760e-01,3.162277638912e-01,3,3,2,0,0,-19.589335494517,0.442005563933
472,610,0,-1.024370670319e+00,2.895956276916e-04,-9.486833214760e-01,3.162277638912e-01,-9.486833214760e-01,-3.162277638912e-01,2,2,1,0,0,-18.451146137173,1.614458165649
473,611,0,2.224963344634e-02,-9.921401143074e-01,3.162277638912e-01,-9.486833214760e-01,3.162277638912e-01,-9.486833214760e-01,8,8,8,1,1,-17.150254287900,2.949613259294
474,612,0,1.223409295082e+00,5.737372040749e-01,9.486833214760e-01,3.162277638912e-01,9.486833214760e-01,9.486833214760e-01,14,14,15,0,0,-19.875025630680,0.259105160885
475,613,0,9.986115694046e-01,-2.176023786888e-03,9.486833214760e-01,-3.162277638912e-01,9.486833214760e-01,3.162277638912e-01,13,13,14,0,0,-18.559798410462,1.608595625475
476,614,0,-1.008228898048e+00,2.336282469332e-02,-9.486833214760e-01,3.162277638912e-01,-9.486833214760e-01,-3.162277638912e-01,2,2,1,0,0,-19.762376754244,0.440280526064
477,615,0,-5.842885375023e-01,1.174132227898e+00,-3.162277638912e-01,9.486833214760e-01,-9.486833214760e-01,9.486833214760e-01,7,7,3,0,0,-18.543484435181,1.693436089498
478,616,0,2.015724629164e-01,-3.539984822273e-01,3.162277638912e-01,-3.162277638912e-01,3.162277638912e-01,-3.162277638912e-01,9,9,9,1,1,-15.342113737633,4.929070031418
479,617,0,2.772512286901e-02,1.006494283676e+00,3.162277638912e-01,9.486833214760e-01,-3.162277638912e-01,9.486833214760e-01,11,11,7,0,0,-20.012831978263,0.292615035159
480,618,0,4.345384240150e-01,2.260837703943e-01,3.162277638912e-01,3.162277638912e-01,3.162277638912e-01,3.162277638912e-01,10,10,10,1,1,-17.512721763373,2.826988494421
481,619,0,1.206927895546e+00,6.198392510414e-01,9.486833214760e-01,3.162277638912e-01,9.486833214760e-01,9.486833214760e-01,14,14,15,0,0,-17.816429620399,2.557543881766
482,620,0,-4.856868181378e-03,1.035958290100e+00,-3.162277638912e-01,9.486833214760e-01,-3.162277638912e-01,9.486833214760e-01,7,7,7,1,1,-18.166331281397,2.241905465139
483,621,0,-1.952441036701e-01,4.020887613297e-01,-3.162277638912e-01,3.162277638912e-01,-3.162277638912e-01,3.162277638912e-01,6,6,6,1,1,-19.099966387884,1.342533603024
484,622,0,6.460762023926e-01,-1.162271738052e+00,9.486833214760e-01,-9.486833214760e-01,9.486833214760e-01,-9.486833214760e-01,12,12,12,1,1,-15.931471937031,4.545291298248
485,623,0,-4.057229459286e-01,-2.375923246145e-01,-3.162277638912e-01,-3.162277638912e-01,-3.162277638912e-01,-3.162277638912e-01,5,5,5,1,1,-14.646658542220,5.864367937431
486,624,0,-1.174943685532e+00,-5.823417901993e-01,-9.486833214760e-01,-3.162277638912e-01,-9.486833214760e-01,-9.486833214760e-01,1,1,0,0,0,-18.635430534958,1.909859189064
487,625,0,1.002091288567e+00,-2.902566827834e-02,9.486833214760e-01,-3.162277638912e-01,9.486833214760e-01,3.162277638912e-01,13,13,14,0,0,-20.094062034965,0.485490933429
488,626,0,4.389019310474e-01,1.957229524851e-01,3.162277638912e-01,3.162277638912e-01,3.162277638912e-01,3.162277638912e-01,10,10,10,1,1,-20.966102136076,-0.352285923311
489,627,0,2.090057879686e-01,-4.038269817829e-01,3.162277638912e-01,-3.162277638912e-01,3.162277638912e-01,-3.162277638912e-01,9,9,9,1,1,-17.635601107179,3.012478349958
490,628,0,1.785686910152e-01,-4.276572763920e-01,3.162277638912e-01,-3.162277638912e-01,3.162277638912e-01,-3.162277638912e-01,9,9,9,1,1,-22.336979089599,-1.654636388091
491,629,0,-1.194050908089e+00,-5.405448675156e-01,-9.486833214760e-01,-3.162277638912e-01,-9.486833214760e-01,-9.486833214760e-01,1,1,0,0,0,-20.643816055992,0.072789889887
492,630,0,-5.645976662636e-01,1.205513238907e+00,-3.162277638912e-01,9.486833214760e-01,-9.486833214760e-01,9.486833214760e-01,7,7,3,0,0,-19.904131525783,0.846737664468
493,631,0,-4.101082980633e-01,-1.463037878275e-01,-3.162277638912e-01,-3.162277638912e-01,-3.162277638912e-01,-3.162277638912e-01,5,5,5,1,1,-25.366432148466,-4.581299713844
494,632,0,4.399143457413e-01,1.583087593317e-01,3.162277638912e-01,3.162277638912e-01,3.162277638912e-01,3.162277638912e-01,10,10,10,1,1,-25.208088670605,-4.388692991611
495,633,0,7.532265782356e-01,-6.425997018814e-01,9.486833214760e-01,-9.486833214760e-01,9.486833214760e-01,-3.162277638912e-01,12,12,13,0,0,-22.033519761033,-1.179860837668
496,634,0,-9.737507104874e-01,6.400974094868e-02,-9.486833214760e-01,3.162277638912e-01,-9.486833214760e-01,-3.162277638912e-01,2,2,1,0,0,-22.195889418751,-1.307967251015
497,635,0,1.205157518387e+00,5.105218887329e-01,9.486833214760e-01,3.162277638912e-01,9.486833214760e-01,9.486833214760e-01,14,14,15,0,0,-22.041792413685,-1.119607001577
498,636,0,2.234912067652e-01,-4.133190810680e-01,3.162277638912e-01,-3.162277638912e-01,3.162277638912e-01,-3.162277638912e-01,9,9,9,1,1,-16.598883034476,4.357565622004
499,637,0,1.000469565392e+00,-7.264137268066e-02,9.486833214760e-01,-3.162277638912e-01,9.486833214760e-01,3.162277638912e-01,13,13,14,0,0,-22.587751545677,-1.597039644827
500,638,0,-3.966782093048e-01,-1.968359649181e-01,-3.162277638912e-01,-3.162277638912e-01,-3.162277638912e-01,-3.162277638912e-01,5,5,5,1,1,-18.608901480219,2.416073665003
501,639,0,5.166212320328e-01,-1.236068367958e+00,3.162277638912e-01,-9.486833214760e-01,9.486833214760e-01,-9.486833214760e-01,8,8,12,0,0,-22.317256363569,-1.258017973976
502,640,0,-6.553636789322e-01,-7.659379839897e-01,-9.486833214760e-01,-9.486833214760e-01,-3.162277638912e-01,-9.486833214760e-01,0,0,4,0,0,-22.116520064794,-1.023018430829
503,641,0,-7.698068618774e-01,6.122134923935e-01,-9.486833214760e-01,3.162277638912e-01,-9.486833214760e-01,3.162277638912e-01,2,2,2,1,1,-20.059647824186,1.068117054150
504,642,0,5.149546265602e-01,-1.189923167229e+00,3.162277638912e-01,-9.486833214760e-01,9.486833214760e-01,-9.486833214760e-01,8,8,12,0,0,-21.598828310537,-0.436800187829
505,643,0,4.998126327991e-01,-1.173495292664e+00,3.162277638912e-01,-9.486833214760e-01,9.486833214760e-01,-9.486833214760e-01,8,8,12,0,0,-21.929977730318,-0.733686363239
506,644,0,-5.000379085541e-01,1.189742684364e+00,-3.162277638912e-01,9.486833214760e-01,-9.486833214760e-01,9.486833214760e-01,7,7,3,0,0,-22.203432357929,-0.972877746478
507,645,0,7.743714451790e-01,-5.960965752602e-01,9.486833214760e-01,-3.162277638912e-01,9.486833214760e-01,-3.162277638912e-01,13,13,13,1,1,-19.153451675440,2.111366180382
508,646,0,1.242828011513e+00,5.128059387207e-01,9.486833214760e-01,3.162277638912e-01,9.486833214760e-01,9.486833214760e-01,14,14,15,0,0,-22.578361369392,-1.279280269199
509,647,0,1.056976914406e+00,-5.195167288184e-02,9.486833214760e-01,-3.162277638912e-01,9.486833214760e-01,3.162277638912e-01,13,13,14,0,0,-21.248839501836,0.084504842728
510,648,0,1.194359898567e+00,4.988658130169e-01,9.486833214760e-01,3.162277638912e-01,9.486833214760e-01,9.486833214760e-01,14,14,15,0,0,-22.330454312757,-0.962846723820
511,649,0,-1.194947600365e+00,-5.023994445801e-01,-9.486833214760e-01,-3.162277638912e-01,-9.486833214760e-01,-9.486833214760e-01,1,1,0,0,0,-22.196343934971,-0.794473101664
512,650,0,4.165818095207e-01,1.615781188011e-01,3.162277638912e-01,3.162277638912e-01,3.162277638912e-01,3.162277638912e-01,10,10,10,1,1,-23.800396469527,-2.364262391848
513,651,0,1.034988760948e+00,-6.872399151325e-02,9.486833214760e-01,-3.162277638912e-01,9.486833214760e-01,3.162277638912e-01,13,13,14,0,0,-22.233852243176,-0.763454921126
514,652,0,7.137297987938e-01,7.628395557404e-01,9.486833214760e-01,9.486833214760e-01,3.162277638912e-01,9.486833214760e-01,15,15,11,0,0,-24.660132747914,-3.155472181492
515,653,0,6.717172265053e-01,7.646217942238e-01,9.486833214760e-01,9.486833214760e-01,3.162277638912e-01,9.486833214760e-01,15,15,11,0,0,-22.864229834795,-1.325306024002
516,654,0,1.761585921049e-01,-4.044250845909e-01,3.162277638912e-01,-3.162277638912e-01,3.162277638912e-01,-3.162277638912e-01,9,9,9,1,1,-21.463127365445,0.110059689720
517,655,0,-9.875482320786e-01,4.821958020329e-02,-9.486833214760e-01,3.162277638912e-01,-9.486833214760e-01,-3.162277638912e-01,2,2,1,0,0,-21.230341836607,0.377108462930
518,656,0,6.254054903984e-01,8.051960468292e-01,3.162277638912e-01,9.486833214760e-01,3.162277638912e-01,9.486833214760e-01,11,11,11,1,1,-19.401970383846,2.239743160061
519,657,0,-7.841864824295e-01,6.462409496307e-01,-9.486833214760e-01,9.486833214760e-01,-9.486833214760e-01,3.162277638912e-01,3,3,2,0,0,-21.056676406148,0.619300382131
520,658,0,-2.145663797855e-01,4.125972390175e-01,-3.162277638912e-01,3.162277638912e-01,-3.162277638912e-01,3.162277638912e-01,6,6,6,1,1,-17.523839625110,4.186400407540
521,659,0,-1.913987398148e-01,4.327889680862e-01,-3.162277638912e-01,3.162277638912e-01,-3.162277638912e-01,3.162277638912e-01,6,6,6,1,1,-21.142831064909,0.601672212113
522,660,0,2.080323360860e-02,1.026419401169e+00,3.162277638912e-01,9.486833214760e-01,-3.162277638912e-01,9.486833214760e-01,11,11,7,0,0,-19.596047065585,2.182719455809
523,661,0,-1.012314796448e+00,4.823181033134e-02,-9.486833214760e-01,3.162277638912e-01,-9.486833214760e-01,-3.162277638912e-01,2,2,1,0,0,-21.162746930425,0.650282835339
524,662,0,1.894703805447e-01,-4.126199483871e-01,3.162277638912e-01,-3.162277638912e-01,3.162277638912e-01,-3.162277638912e-01,9,9,9,1,1,-20.335951699522,1.511341310615
525,663,0,1.251780629158e+00,5.093098282814e-01,9.486833214760e-01,3.162277638912e-01,9.486833214760e-01,9.486833214760e-01,14,14,15,0,0,-22.860151776697,-0.978595522190
526,664,0,4.382218122482e-01,1.813962310553e-01,3.162277638912e-01,3.162277638912e-01,3.162277638912e-01,3.162277638912e-01,10,10,10,1,1,-22.513525629484,-0.597706130605
527,665,0,4.249319732189e-01,1.610402911901e-01,3.162277638912e-01,3.162277638912e-01,3.162277638912e-01,3.162277638912e-01,10,10,10,1,1,-24.244344282104,-2.294261538854
528,666,0,1.794812381268e-01,-4.111952185631e-01,3.162277638912e-01,-3.162277638912e-01,3.162277638912e-01,-3.162277638912e-01,9,9,9,1,1,-21.419371577501,0.564974410121
529,667,0,-4.305799305439e-01,-1.930426657200e-01,-3.162277638912e-01,-3.162277638912e-01,-3.162277638912e-01,-3.162277638912e-01,5,5,5,1,1,-20.851790433291,1.166818798702
530,668,0,-1.207920074463e+00,-5.304279327393e-01,-9.486833214760e-01,-3.162277638912e-01,-9.486833214760e-01,-9.486833214760e-01,1,1,0,0,0,-21.292520041558,0.760352434807
531,669,0,9.835199713707e-01,-3.394269570708e-02,9.486833214760e-01,-3.162277638912e-01,9.486833214760e-01,3.162277638912e-01,13,13,14,0,0,-20.411523966606,1.675611754130
532,670,0,9.317867457867e-02,1.007091283798e+00,3.162277638912e-01,9.486833214760e-01,-3.162277638912e-01,9.486833214760e-01,11,11,7,0,0,-23.721051611599,-1.599652646491
533,671,0,7.663616538048e-01,-6.464165449142e-01,9.486833214760e-01,-9.486833214760e-01,9.486833214760e-01,-3.162277638912e-01,12,12,13,0,0,-21.712267668334,0.443394541145
534,672,0,-4.203628897667e-01,-1.841966360807e-01,-3.162277638912e-01,-3.162277638912e-01,-3.162277638912e-01,-3.162277638912e-01,5,5,5,1,1,-21.337697080330,0.852228373521
535,673,0,-5.113040208817e-01,1.214043140411e+00,-3.162277638912e-01,9.486833214760e-01,-9.486833214760e-01,9.486833214760e-01,7,7,3,0,0,-22.161216374206,0.062972324016
536,674,0,7.718549966812e-01,-6.209805607796e-01,9.486833214760e-01,-3.162277638912e-01,9.486833214760e-01,-3.162277638912e-01,13,13,13,1,1,-20.382775461681,1.875676480912
537,675,0,-9.458700078540e-04,-1.041685342789e+00,-3.162277638912e-01,-9.486833214760e-01,3.162277638912e-01,-9.486833214760e-01,4,4,8,0,0,-18.486973920919,3.805741266046
538,676,0,5.681382417679e-01,-1.206208705902e+00,3.162277638912e-01,-9.486833214760e-01,9.486833214760e-01,-9.486833214760e-01,8,8,12,0,0,-19.779022427111,2.547956004225
539,677,0,3.893721997738e-01,1.955086588860e-01,3.162277638912e-01,3.162277638912e-01,3.162277638912e-01,3.162277638912e-01,10,10,10,1,1,-18.338199597770,4.023042077938
540,678,0,-9.849655628204e-01,2.393468841910e-02,-9.486833214760e-01,3.162277638912e-01,-9.486833214760e-01,-3.162277638912e-01,2,2,1,0,0,-19.826963245732,2.568541674347
541,679,0,9.915330410004e-01,-4.345184564590e-02,9.486833214760e-01,-3.162277638912e-01,9.486833214760e-01,3.162277638912e-01,13,13,14,0,0,-20.944209578150,1.485558586301
542,680,0,-3.949199020863e-01,-1.630153506994e-01,-3.162277638912e-01,-3.162277638912e-01,-3.162277638912e-01,-3.162277638912e-01,5,5,5,1,1,-22.570105030787,-0.106073621966
543,681,0,-5.586283206940e-01,1.211637258530e+00,-3.162277638912e-01,9.486833214760e-01,-9.486833214760e-01,9.486833214760e-01,7,7,3,0,0,-20.247820213151,2.250474440043
544,682,0,-1.238180875778e+00,-5.251978039742e-01,-9.486833214760e-01,-3.162277638912e-01,-9.486833214760e-01,-9.486833214760e-01,1,1,0,0,0,-22.014854003882,0.517703893682
545,683,0,-3.703923150897e-02,-9.926802515984e-01,-3.162277638912e-01,-9.486833214760e-01,3.162277638912e-01,-9.486833214760e-01,4,4,8,0,0,-20.571797095924,1.995024046013
546,684,0,1.250749707222e+00,5.287485718727e-01,9.486833214760e-01,3.162277638912e-01,9.486833214760e-01,9.486833214760e-01,14,14,15,0,0,-22.084016970633,0.517067415674
547,685,0,9.839195013046e-01,-5.747098475695e-02,9.486833214760e-01,-3.162277638912e-01,9.486833214760e-01,3.162277638912e-01,13,13,14,0,0,-21.777810903215,0.857536727464
548,686,0,-1.227305531502e+00,-5.087371468544e-01,-9.486833214760e-01,-3.162277638912e-01,-9.486833214760e-01,-9.486833214760e-01,1,1,0,0,0,-22.485236079217,0.184374795833
549,687,0,-5.302532315254e-01,1.202906489372e+00,-3.162277638912e-01,9.486833214760e-01,-9.486833214760e-01,9.486833214760e-01,7,7,3,0,0,-21.211634222345,1.492239897077
550,688,0,7.797459959984e-01,-6.268410086632e-01,9.486833214760e-01,-3.162277638912e-01,9.486833214760e-01,-3.162277638912e-01,13,13,13,1,1,-20.360996096486,2.377141267308
551,689,0,5.332616567612e-01,-1.215851545334e+00,3.162277638912e-01,-9.486833214760e-01,9.486833214760e-01,-9.486833214760e-01,8,8,12,0,0,-21.318171729000,1.454228879164
552,690,0,-4.380462467670e-01,-2.136666923761e-01,-3.162277638912e-01,-3.162277638912e-01,-3.162277638912e-01,-3.162277638912e-01,5,5,5,1,1,-18.998176017288,3.808487835248
553,691,0,-6.442413330078e-01,-7.461494207382e-01,-9.486833214760e-01,-9.486833214760e-01,-3.162277638912e-01,-9.486833214760e-01,0,0,4,0,0,-22.373078222819,0.467848874088
554,692,0,1.230028152466e+00,5.032989382744e-01,9.486833214760e-01,3.162277638912e-01,9.486833214760e-01,9.486833214760e-01,14,14,15,0,0,-22.746762596315,0.128427744964
555,693,0,8.812656253576e-02,1.028738617897e+00,3.162277638912e-01,9.486833214760e-01,-3.162277638912e-01,9.486833214760e-01,11,11,7,0,0,-23.331219146998,-0.421765561348
556,694,0,-7.741162180901e-01,6.633311510086e-01,-9.486833214760e-01,9.486833214760e-01,-9.486833214760e-01,3.162277638912e-01,3,3,2,0,0,-22.157938343534,0.785778486488
557,695,0,-6.975409984589e-01,-7.591077685356e-01,-9.486833214760e-01,-9.486833214760e-01,-3.162277638912e-01,-9.486833214760e-01,0,0,4,0,0,-24.144826695828,-1.166846621435
558,696,0,-7.732132673264e-01,6.362885236740e-01,-9.486833214760e-01,9.486833214760e-01,-9.486833214760e-01,3.162277638912e-01,3,3,2,0,0,-21.016516460489,1.995726858276
559,697,0,6.448354125023e-01,8.169928193092e-01,9.486833214760e-01,9.486833214760e-01,3.162277638912e-01,9.486833214760e-01,15,15,11,0,0,-19.848348501273,3.198158061863
560,698,0,6.268138289452e-01,7.667632699013e-01,3.162277638912e-01,9.486833214760e-01,3.162277638912e-01,9.486833214760e-01,11,11,11,1,1,-20.830371932496,2.250397875012
561,699,0,-1.215997457504e+00,-5.025600194931e-01,-9.486833214760e-01,-3.162277638912e-01,-9.486833214760e-01,-9.486833214760e-01,1,1,0,0,0,-22.545164251564,0.569868800314
562,700,0,3.939120173454e-01,1.790304481983e-01,3.162277638912e-01,3.162277638912e-01,3.162277638912e-01,3.162277638912e-01,10,10,10,1,1,-20.558512714745,2.590783581506
563,701,0,-4.531162977219e-01,1.251962423325e+00,-3.162277638912e-01,9.486833214760e-01,-9.486833214760e-01,9.486833214760e-01,7,7,3,0,0,-25.103551587089,-1.919992046467
564,702,0,8.154114335775e-02,1.040053606033e+00,3.162277638912e-01,9.486833214760e-01,-3.162277638912e-01,9.486833214760e-01,11,11,7,0,0,-22.917819266095,0.300003518898
565,703,0,-7.514156103134e-01,6.460723280907e-01,-9.486833214760e-01,9.486833214760e-01,-9.486833214760e-01,3.162277638912e-01,3,3,2,0,0,-22.254222242000,0.997863787365
566,704,0,-9.213917702436e-02,-9.955286979675e-01,-3.162277638912e-01,-9.486833214760e-01,3.162277638912e-01,-9.486833214760e-01,4,4,8,0,0,-23.722780813764,-0.436431540028
567,705,0,-1.779205650091e-01,4.122380912304e-01,-3.162277638912e-01,3.162277638912e-01,-3.162277638912e-01,3.162277638912e-01,6,6,6,1,1,-21.655135675733,1.665476842375
568,706,0,9.589360654354e-02,1.028538823128e+00,3.162277638912e-01,9.486833214760e-01,-3.162277638912e-01,9.486833214760e-01,11,11,7,0,0,-23.761399599955,-0.406523837476
569,707,0,1.190848827362e+00,5.074384212494e-01,9.486833214760e-01,3.162277638912e-01,9.486833214760e-01,9.486833214760e-01,14,14,15,0,0,-21.920423886282,1.468715120569
570,708,0,-1.202116966248e+00,-5.160763263702e-01,-9.486833214760e-01,-3.162277638912e-01,-9.486833214760e-01,-9.486833214760e-01,1,1,0,0,0,-21.765849898974,1.657552352248
571,709,0,1.405799388885e-01,-4.019624888897e-01,3.162277638912e-01,-3.162277638912e-01,3.162277638912e-01,-3.162277638912e-01,9,9,9,1,1,-25.723533643167,-2.265868147573
572,710,0,-4.865021407604e-01,1.223323345184e+00,-3.162277638912e-01,9.486833214760e-01,-9.486833214760e-01,9.486833214760e-01,7,7,3,0,0,-23.312832346228,0.179096393736
573,711,0,-4.791008234024e-01,1.209983468056e+00,-3.162277638912e-01,9.486833214760e-01,-9.486833214760e-01,9.486833214760e-01,7,7,3,0,0,-23.398588630021,0.127603354315
574,712,0,-6.980144977570e-01,-7.092389464378e-01,-9.486833214760e-01,-9.486833214760e-01,-3.162277638912e-01,-9.486833214760e-01,0,0,4,0,0,-26.108062322630,-2.547607093922
575,713,0,7.082582712173e-01,6.949296593666e-01,9.486833214760e-01,9.486833214760e-01,3.162277638912e-01,9.486833214760e-01,15,15,11,0,0,-27.109276921920,-3.514558448841
576,714,0,1.044265866280e+00,-1.277478784323e-01,9.486833214760e-01,-3.162277638912e-01,9.486833214760e-01,3.162277638912e-01,13,13,14,0,0,-25.409442523038,-1.780460805588
577,715,0,1.252715706825e+00,4.474811553955e-01,9.486833214760e-01,3.162277638912e-01,9.486833214760e-01,9.486833214760e-01,14,14,15,0,0,-25.342821881809,-1.679576919987
578,716,0,-4.300787448883e-01,1.232427597046e+00,-3.162277638912e-01,9.486833214760e-01,-9.486833214760e-01,9.486833214760e-01,7,7,3,0,0,-25.762607687825,-2.065099481632
579,717,0,7.378488183022e-01,-6.793751716614e-01,9.486833214760e-01,-9.486833214760e-01,9.486833214760e-01,-3.162277638912e-01,12,12,13,0,0,-24.202408953061,-0.470637502497
580,718,0,1.038722872734e+00,-1.158641651273e-01,9.486833214760e-01,-3.162277638912e-01,9.486833214760e-01,3.162277638912e-01,13,13,14,0,0,-24.799686007231,-1.033651312295
581,719,0,4.197171330452e-01,1.531221866608e-01,3.162277638912e-01,3.162277638912e-01,3.162277638912e-01,3.162277638912e-01,10,10,10,1,1,-24.956900840029,-1.156602900721
582,720,0,-6.800013184547e-01,-7.675144672394e-01,-9.486833214760e-01,-9.486833214760e-01,-3.162277638912e-01,-9.486833214760e-01,0,0,4,0,0,-23.105304731762,0.729256451916
583,721,0,4.924976229668e-01,-1.246057868004e+00,3.162277638912e-01,-9.486833214760e-01,9.486833214760e-01,-9.486833214760e-01,8,8,12,0,0,-23.433858865069,0.434965562981
584,722,0,4.204981625080e-01,1.517912596464e-01,3.162277638912e-01,3.162277638912e-01,3.162277638912e-01,3.162277638912e-01,10,10,10,1,1,-25.151451575572,-1.248363903150
585,723,0,-4.016463160515e-01,-1.811429262161e-01,-3.162277638912e-01,-3.162277638912e-01,-3.162277638912e-01,-3.162277638912e-01,5,5,5,1,1,-20.724573416393,3.212777500400
586,724,0,7.401518821716e-01,-6.687765717506e-01,9.486833214760e-01,-9.486833214760e-01,9.486833214760e-01,-3.162277638912e-01,12,12,13,0,0,-23.664967592977,0.306646568188
587,725,0,-7.559462785721e-01,6.677521467209e-01,-9.486833214760e-01,9.486833214760e-01,-9.486833214760e-01,3.162277638912e-01,3,3,2,0,0,-23.020268259499,0.985609146037
588,726,0,-7.500997185707e-01,6.615548729897e-01,-9.486833214760e-01,9.486833214760e-01,-9.486833214760e-01,3.162277638912e-01,3,3,2,0,0,-22.975924189897,1.064216460010
589,727,0,7.329481840134e-01,-6.917421817780e-01,9.486833214760e-01,-9.486833214760e-01,9.486833214760e-01,-3.162277638912e-01,12,12,13,0,0,-24.908360496052,-0.833956601773
590,728,0,-4.219147861004e-01,-1.570551246405e-01,-3.162277638912e-01,-3.162277638912e-01,-3.162277638912e-01,-3.162277638912e-01,5,5,5,1,1,-24.582533892684,-0.473866754034
591,729,0,-5.367545485497e-01,1.237731695175e+00,-3.162277638912e-01,9.486833214760e-01,-9.486833214760e-01,9.486833214760e-01,7,7,3,0,0,-21.555558340374,2.587372042648
592,730,0,-1.215297698975e+00,-4.807214736938e-01,-9.486833214760e-01,-3.162277638912e-01,-9.486833214760e-01,-9.486833214760e-01,1,1,0,0,0,-23.418298906676,0.758894720717
593,731,0,4.364711344242e-01,-1.261088252068e+00,3.162277638912e-01,-9.486833214760e-01,9.486833214760e-01,-9.486833214760e-01,8,8,12,0,0,-25.908918602990,-1.697461731225
594,732,0,-1.238836765289e+00,-4.898045063019e-01,-9.486833214760e-01,-3.162277638912e-01,-9.486833214760e-01,-9.486833214760e-01,1,1,0,0,0,-23.427419619011,0.818300497125
595,733,0,1.674463450909e-01,-4.232268929482e-01,3.162277638912e-01,-3.162277638912e-01,3.162277638912e-01,-3.162277638912e-01,9,9,9,1,1,-23.414166521167,0.865816839341
596,734,0,1.241481304169e+00,4.767152965069e-01,9.486833214760e-01,3.162277638912e-01,9.486833214760e-01,9.486833214760e-01,14,14,15,0,0,-23.993754523749,0.320492081130
597,735,0,-4.481503069401e-01,1.255196809769e+00,-3.162277638912e-01,9.486833214760e-01,-9.486833214760e-01,9.486833214760e-01,7,7,3,0,0,-25.351611720595,-1.003101871345
598,736,0,-4.786766171455e-01,1.229805231094e+00,-3.162277638912e-01,9.486833214760e-01,-9.486833214760e-01,9.486833214760e-01,7,7,3,0,0,-23.732538830042,0.650234263580
599,737,0,-7.222514748573e-01,-7.122163176537e-01,-9.486833214760e-01,-9.486833214760e-01,-3.162277638912e-01,-9.486833214760e-01,0,0,4,0,0,-26.965871294895,-2.548834956902
600,738,0,-1.243364334106e+00,-4.728167057037e-01,-9.486833214760e-01,-3.162277638912e-01,-9.486833214760e-01,-9.486833214760e-01,1,1,0,0,0,-24.179589643888,0.271709938476
601,739,0,1.140849664807e-01,-4.114002585411e-01,3.162277638912e-01,-3.162277638912e-01,3.162277638912e-01,-3.162277638912e-01,9,9,9,1,1,-29.500830605471,-5.015267778736
602,740,0,-3.945155441761e-01,1.273749351501e+00,-3.162277638912e-01,9.486833214760e-01,-9.486833214760e-01,9.486833214760e-01,7,7,3,0,0,-27.790795102416,-3.270969031308
603,741,0,-4.065244793892e-01,1.266568779945e+00,-3.162277638912e-01,9.486833214760e-01,-9.486833214760e-01,9.486833214760e-01,7,7,3,0,0,-27.205178365307,-2.651089049828
604,742,0,-4.440591037273e-01,-1.005187854171e-01,-3.162277638912e-01,-3.162277638912e-01,-3.162277638912e-01,-3.162277638912e-01,5,5,5,1,1,-32.245278322198,-7.656925762347
605,743,0,1.843650043011e-01,1.003468751907e+00,3.162277638912e-01,9.486833214760e-01,-3.162277638912e-01,9.486833214760e-01,11,11,7,0,0,-28.845665265441,-4.223049461220
606,744,0,-1.596576422453e-01,4.472016990185e-01,-3.162277638912e-01,3.162277638912e-01,-3.162277638912e-01,3.162277638912e-01,6,6,6,1,1,-25.352681402790,-0.695802354197
607,745,0,-1.277405500412e+00,-4.145298302174e-01,-9.486833214760e-01,-3.162277638912e-01,-9.486833214760e-01,-9.486833214760e-01,1,1,0,0,0,-27.021276611652,-2.330134318688
608,746,0,1.409066319466e-01,-4.393213689327e-01,3.162277638912e-01,-3.162277638912e-01,3.162277638912e-01,-3.162277638912e-01,9,9,9,1,1,-27.217030314729,-2.491624777393
609,747,0,7.024470567703e-01,7.273775935173e-01,9.486833214760e-01,9.486833214760e-01,3.162277638912e-01,9.486833214760e-01,15,15,11,0,0,-25.566139152028,-0.806470370321
610,748,0,-1.001163482666e+00,1.371547579765e-01,-9.486833214760e-01,3.162277638912e-01,-9.486833214760e-01,-3.162277638912e-01,2,2,1,0,0,-26.235645978706,-1.441713952627
611,749,0,-1.815358996391e-01,3.944693505764e-01,-3.162277638912e-01,3.162277638912e-01,-3.162277638912e-01,3.162277638912e-01,6,6,6,1,1,-20.287980231217,4.540215039233
612,750,0,-9.941029548645e-02,-1.007951617241e+00,-3.162277638912e-01,-9.486833214760e-01,3.162277638912e-01,-9.486833214760e-01,4,4,8,0,0,-24.067589249460,0.794869265361
613,751,0,9.960554838181e-01,-1.071117892861e-01,9.486833214760e-01,-3.162277638912e-01,9.486833214760e-01,3.162277638912e-01,13,13,14,0,0,-24.572718810076,0.324002949117
614,752,0,-7.082694768906e-01,6.602424383163e-01,-9.486833214760e-01,9.486833214760e-01,-9.486833214760e-01,3.162277638912e-01,3,3,2,0,0,-24.555118357899,0.375866645666
615,753,0,4.246661365032e-01,-1.197130203247e+00,3.162277638912e-01,-9.486833214760e-01,9.486833214760e-01,-9.486833214760e-01,8,8,12,0,0,-25.468531290073,-0.503283042137
616,754,0,-4.243173599243e-01,1.197364926338e+00,-3.162277638912e-01,9.486833214760e-01,-9.486833214760e-01,9.486833214760e-01,7,7,3,0,0,-25.486896459815,-0.487384967508
617,755,0,4.154627323151e-01,2.134515345097e-01,3.162277638912e-01,3.162277638912e-01,3.162277638912e-01,3.162277638912e-01,10,10,10,1,1,-17.807343280508,7.226431456171
618,756,0,-4.573030173779e-01,1.240668654442e+00,-3.162277638912e-01,9.486833214760e-01,-9.486833214760e-01,9.486833214760e-01,7,7,3,0,0,-24.766416357401,0.301621623650
619,757,0,-4.489710330963e-01,1.231424570084e+00,-3.162277638912e-01,9.486833214760e-01,-9.486833214760e-01,9.486833214760e-01,7,7,3,0,0,-24.968405840839,0.133895384582
620,758,0,-4.557489156723e-01,-1.022587865591e-01,-3.162277638912e-01,-3.162277638912e-01,-3.162277638912e-01,-3.162277638912e-01,5,5,5,1,1,-32.353690614731,-7.217126144938
621,759,0,-3.975892663002e-01,1.236498117447e+00,-3.162277638912e-01,9.486833214760e-01,-9.486833214760e-01,9.486833214760e-01,7,7,3,0,0,-27.175086969705,-2.004259255540
622,760,0,1.328960657120e-01,-3.961898386478e-01,3.162277638912e-01,-3.162277638912e-01,3.162277638912e-01,-3.162277638912e-01,9,9,9,1,1,-26.456728093591,-1.251637135055
623,761,0,1.599025875330e-01,9.860652685165e-01,3.162277638912e-01,9.486833214760e-01,-3.162277638912e-01,9.486833214760e-01,11,11,7,0,0,-27.645981139767,-2.406626936859
624,762,0,-1.394277811050e-01,4.452286064625e-01,-3.162277638912e-01,3.162277638912e-01,-3.162277638912e-01,3.162277638912e-01,6,6,6,1,1,-27.611532057750,-2.337914610471
625,763,0,7.075436711311e-01,7.486059069633e-01,9.486833214760e-01,9.486833214760e-01,3.162277638912e-01,9.486833214760e-01,15,15,11,0,0,-24.949785313511,0.358095378139
626,764,0,1.267966985703e+00,4.788699150085e-01,9.486833214760e-01,3.162277638912e-01,9.486833214760e-01,9.486833214760e-01,14,14,15,0,0,-24.310079054574,1.032064881447
627,765,0,1.038271784782e+00,-9.759408235550e-02,9.486833214760e-01,-3.162277638912e-01,9.486833214760e-01,3.162277638912e-01,13,13,14,0,0,-23.804782583495,1.571624596899
628,766,0,7.427193522453e-01,-6.384417414665e-01,9.486833214760e-01,-9.486833214760e-01,9.486833214760e-01,-3.162277638912e-01,12,12,13,0,0,-22.247413942641,3.163256482123
629,767,0,-4.868020415306e-01,1.211663007736e+00,-3.162277638912e-01,9.486833214760e-01,-9.486833214760e-01,9.486833214760e-01,7,7,3,0,0,-23.111536234753,2.333397434383
630,768,0,1.001296877861e+00,-7.352160662413e-02,9.486833214760e-01,-3.162277638912e-01,9.486833214760e-01,3.162277638912e-01,13,13,14,0,0,-22.634433789863,2.844763123644
631,769,0,-8.957448601723e-02,-1.038806200027e+00,-3.162277638912e-01,-9.486833214760e-01,3.162277638912e-01,-9.486833214760e-01,4,4,8,0,0,-23.363275145679,2.150185012200
632,770,0,-6.841345429420e-01,-7.807815074921e-01,-9.486833214760e-01,-9.486833214760e-01,-3.162277638912e-01,-9.486833214760e-01,0,0,4,0,0,-22.790466869610,2.757256532640
633,771,0,1.380871236324e-01,-4.112511873245e-01,3.162277638912e-01,-3.162277638912e-01,3.162277638912e-01,-3.162277638912e-01,9,9,9,1,1,-26.439329189616,-0.857342542994
634,772,0,1.131704375148e-01,9.687642455101e-01,3.162277638912e-01,9.486833214760e-01,-3.162277638912e-01,9.486833214760e-01,11,11,7,0,0,-25.098005451940,0.518244439053
635,773,0,-1.327536404133e-01,-9.566089510918e-01,-3.162277638912e-01,-9.486833214760e-01,3.162277638912e-01,-9.486833214760e-01,4,4,8,0,0,-26.335722731615,-0.685209596250
636,774,0,1.013945117593e-01,9.473643302917e-01,3.162277638912e-01,9.486833214760e-01,-3.162277638912e-01,9.486833214760e-01,11,11,7,0,0,-24.543945760975,1.140830618761
637,775,0,-1.406158506870e-01,-9.678966999054e-01,-3.162277638912e-01,-9.486833214760e-01,3.162277638912e-01,-9.486833214760e-01,4,4,8,0,0,-26.701036806631,-0.981997182524
638,776,0,-7.511134743690e-01,6.859845519066e-01,-9.486833214760e-01,9.486833214760e-01,-9.486833214760e-01,3.162277638912e-01,3,3,2,0,0,-23.970196880509,1.783105987969
639,777,0,-7.461850047112e-01,6.793041229248e-01,-9.486833214760e-01,9.486833214760e-01,-9.486833214760e-01,3.162277638912e-01,3,3,2,0,0,-23.878826952649,1.908739160201
640,778,0,1.463311463594e-01,-3.994477093220e-01,3.162277638912e-01,-3.162277638912e-01,3.162277638912e-01,-3.162277638912e-01,9,9,9,1,1,-24.880516442486,0.941312914735
641,779,0,1.164602488279e-01,9.924300909042e-01,3.162277638912e-01,9.486833214760e-01,-3.162277638912e-01,9.486833214760e-01,11,11,7,0,0,-25.127915653299,0.728176948294
642,780,0,-4.526120722294e-01,-1.412422209978e-01,-3.162277638912e-01,-3.162277638912e-01,-3.162277638912e-01,-3.162277638912e-01,5,5,5,1,1,-27.668934212987,-1.778578367023
643,781,0,-7.296140789986e-01,-7.320907115936e-01,-9.486833214760e-01,-9.486833214760e-01,-3.162277638912e-01,-9.486833214760e-01,0,0,4,0,0,-26.467972977059,-0.543353886723
644,782,0,1.311828792095e-01,-4.268374443054e-01,3.162277638912e-01,-3.162277638912e-01,3.162277638912e-01,-3.162277638912e-01,9,9,9,1,1,-27.915877268275,-1.956994933568
645,783,0,-1.454977989197e-01,4.139946997166e-01,-3.162277638912e-01,3.162277638912e-01,-3.162277638912e-01,3.162277638912e-01,6,6,6,1,1,-25.636053530188,0.357092048890
646,784,0,7.315812706947e-01,-6.566897630692e-01,9.486833214760e-01,-9.486833214760e-01,9.486833214760e-01,-3.162277638912e-01,12,12,13,0,0,-23.477173347303,2.550235476147
647,785,0,-7.624049186707e-01,6.596375703812e-01,-9.486833214760e-01,9.486833214760e-01,-9.486833214760e-01,3.162277638912e-01,3,3,2,0,0,-22.431619028298,3.630053039523
648,786,0,-7.840172648430e-01,6.535905599594e-01,-9.486833214760e-01,9.486833214760e-01,-9.486833214760e-01,3.162277638912e-01,3,3,2,0,0,-21.381094635171,4.714840677022
649,787,0,1.765133589506e-01,-4.110604226589e-01,3.162277638912e-01,-3.162277638912e-01,3.162277638912e-01,-3.162277638912e-01,9,9,9,1,1,-21.760842149800,4.369356406765
650,788,0,4.085569083691e-01,1.488407701254e-01,3.162277638912e-01,3.162277638912e-01,3.162277638912e-01,3.162277638912e-01,10,10,10,1,1,-24.982885891161,1.181575909775
651,789,0,-6.516945958138e-01,-7.306764125824e-01,-9.486833214760e-01,-9.486833214760e-01,-3.162277638912e-01,-9.486833214760e-01,0,0,4,0,0,-23.295010477256,2.903714568051
652,790,0,1.216914892197e+00,4.521078169346e-01,9.486833214760e-01,3.162277638912e-01,9.486833214760e-01,9.486833214760e-01,14,14,15,0,0,-24.618978239099,1.614010050580
653,791,0,5.148736238480e-01,-1.229691386223e+00,3.162277638912e-01,-9.486833214760e-01,9.486833214760e-01,-9.486833214760e-01,8,8,12,0,0,-22.280866317532,3.986385216518
654,792,0,9.842285513878e-01,-1.290810555220e-01,9.486833214760e-01,-3.162277638912e-01,9.486833214760e-01,3.162277638912e-01,13,13,14,0,0,-25.906616266747,0.394898511675
655,793,0,-1.007845282555e+00,1.409823745489e-01,-9.486833214760e-01,3.162277638912e-01,-9.486833214760e-01,-3.162277638912e-01,2,2,1,0,0,-26.398092721001,-0.062314698209
656,794,0,4.301723539829e-01,1.587774902582e-01,3.162277638912e-01,3.162277638912e-01,3.162277638912e-01,3.162277638912e-01,10,10,10,1,1,-24.740793918587,1.629247348577
657,795,0,1.029347300529e+00,-1.536776274443e-01,9.486833214760e-01,-3.162277638912e-01,9.486833214760e-01,3.162277638912e-01,13,13,14,0,0,-26.926271691303,-0.521967179767
658,796,0,1.228060126305e+00,3.698034584522e-01,9.486833214760e-01,3.162277638912e-01,9.486833214760e-01,9.486833214760e-01,14,14,15,0,0,-28.241473724434,-1.802905968526
659,797,0,-1.257729649544e+00,-3.659295737743e-01,-9.486833214760e-01,-3.162277638912e-01,-9.486833214760e-01,-9.486833214760e-01,1,1,0,0,0,-28.777933737538,-2.305102737260
660,798,0,1.430837959051e-01,9.952039122581e-01,3.162277638912e-01,9.486833214760e-01,-3.162277638912e-01,9.486833214760e-01,11,11,7,0,0,-26.616488678289,-0.109394433639
661,799,0,4.457393288612e-01,1.696807593107e-01,3.162277638912e-01,3.162277638912e-01,3.162277638912e-01,3.162277638912e-01,10,10,10,1,1,-24.159540841605,2.381816647416
662,800,0,1.661726236343e-01,9.729539752007e-01,3.162277638912e-01,9.486833214760e-01,-3.162277638912e-01,9.486833214760e-01,11,11,7,0,0,-28.127083945636,-1.551463212243
663,801,0,-1.713120937347e-01,-9.469506740570e-01,-3.162277638912e-01,-9.486833214760e-01,3.162277638912e-01,-9.486833214760e-01,4,4,8,0,0,-28.689372746841,-2.079488769077
664,802,0,1.566030085087e-01,9.647687077522e-01,3.162277638912e-01,9.486833214760e-01,-3.162277638912e-01,9.486833214760e-01,11,11,7,0,0,-27.654887696941,-1.010740474805
665,803,0,4.094685912132e-01,-1.231503009796e+00,3.162277638912e-01,-9.486833214760e-01,9.486833214760e-01,-9.486833214760e-01,8,8,12,0,0,-26.608291794507,0.070118672000
666,804,0,7.034254670143e-01,-7.084555625916e-01,9.486833214760e-01,-9.486833214760e-01,9.486833214760e-01,-3.162277638912e-01,12,12,13,0,0,-26.769178000870,-0.056504289992
667,805,0,-4.339624941349e-01,-1.559276431799e-01,-3.162277638912e-01,-3.162277638912e-01,-3.162277638912e-01,-3.162277638912e-01,5,5,5,1,1,-25.236061893902,1.510875061348
668,806,0,-1.736599504948e-01,4.556737244129e-01,-3.162277638912e-01,3.162277638912e-01,-3.162277638912e-01,3.162277638912e-01,6,6,6,1,1,-24.137860479120,2.643339720502
669,807,0,1.473823487759e-01,1.030273079872e+00,3.162277638912e-01,9.486833214760e-01,-3.162277638912e-01,9.486833214760e-01,11,11,7,0,0,-26.575976507777,0.239486936216
670,808,0,7.185099720955e-01,7.078180909157e-01,9.486833214760e-01,9.486833214760e-01,3.162277638912e-01,9.486833214760e-01,15,15,11,0,0,-26.994537898153,-0.144811209788
671,809,0,4.097016453743e-01,-1.245799899101e+00,3.162277638912e-01,-9.486833214760e-01,9.486833214760e-01,-9.486833214760e-01,8,8,12,0,0,-26.795705234320,0.088284698416
672,810,0,4.044268429279e-01,-1.247728586197e+00,3.162277638912e-01,-9.486833214760e-01,9.486833214760e-01,-9.486833214760e-01,8,8,12,0,0,-27.040911174157,-0.122657997050
673,811,0,7.272478938103e-01,6.970859766006e-01,9.486833214760e-01,9.486833214760e-01,3.162277638912e-01,9.486833214760e-01,15,15,11,0,0,-27.778174809571,-0.825658388093
674,812,0,-9.934093952179e-01,2.064153850079e-01,-9.486833214760e-01,3.162277638912e-01,-9.486833214760e-01,-3.162277638912e-01,2,2,1,0,0,-30.173113312764,-3.186333646914
675,813,0,-1.514060795307e-01,4.481627047062e-01,-3.162277638912e-01,3.162277638912e-01,-3.162277638912e-01,3.162277638912e-01,6,6,6,1,1,-26.333113222745,0.687929687477
676,814,0,-4.352840781212e-01,-1.099523380399e-01,-3.162277638912e-01,-3.162277638912e-01,-3.162277638912e-01,-3.162277638912e-01,5,5,5,1,1,-30.823688368968,-3.768382214375
677,815,0,4.429936707020e-01,1.342612206936e-01,3.162277638912e-01,3.162277638912e-01,3.162277638912e-01,3.162277638912e-01,10,10,10,1,1,-28.139147437229,-1.049578038265
678,816,0,1.014617085457e+00,-1.549681574106e-01,9.486833214760e-01,-3.162277638912e-01,9.486833214760e-01,3.162277638912e-01,13,13,14,0,0,-27.118941806895,0.004890836441
679,817,0,1.281029701233e+00,3.955584466457e-01,9.486833214760e-01,3.162277638912e-01,9.486833214760e-01,9.486833214760e-01,14,14,15,0,0,-27.840272558582,-0.682176670875
680,818,0,7.321185469627e-01,-6.690723896027e-01,9.486833214760e-01,-9.486833214760e-01,9.486833214760e-01,-3.162277638912e-01,12,12,13,0,0,-23.988783286586,3.203575845492
681,819,0,1.179297491908e-01,1.011664271355e+00,3.162277638912e-01,9.486833214760e-01,-3.162277638912e-01,9.486833214760e-01,11,11,7,0,0,-25.083911569061,2.142710807389
682,820,0,-4.436215460300e-01,-1.432307213545e-01,-3.162277638912e-01,-3.162277638912e-01,-3.162277638912e-01,-3.162277638912e-01,5,5,5,1,1,-27.106448339465,0.154437281357
683,821,0,-6.986025571823e-01,-7.398042678833e-01,-9.486833214760e-01,-9.486833214760e-01,-3.162277638912e-01,-9.486833214760e-01,0,0,4,0,0,-24.924320611997,2.370828253196
684,822,0,-4.497126042843e-01,-1.351621299982e-01,-3.162277638912e-01,-3.162277638912e-01,-3.162277638912e-01,-3.162277638912e-01,5,5,5,1,1,-28.271731787310,-0.942319677746
685,823,0,-7.470758557320e-01,7.134374380112e-01,-9.486833214760e-01,9.486833214760e-01,-9.486833214760e-01,3.162277638912e-01,3,3,2,0,0,-25.245653472892,2.118021881043
686,824,0,-4.307537376881e-01,-1.459832191467e-01,-3.162277638912e-01,-3.162277638912e-01,-3.162277638912e-01,-3.162277638912e-01,5,5,5,1,1,-26.278387532123,1.119551066184
687,825,0,4.002204835415e-01,1.933749467134e-01,3.162277638912e-01,3.162277638912e-01,3.162277638912e-01,3.162277638912e-01,10,10,10,1,1,-19.211511855933,8.220689986746
688,826,0,-4.093126356602e-01,1.281307816505e+00,-3.162277638912e-01,9.486833214760e-01,-9.486833214760e-01,9.486833214760e-01,7,7,3,0,0,-27.283964971489,0.182500115561
689,827,0,1.243698000908e+00,4.572886228561e-01,9.486833214760e-01,3.162277638912e-01,9.486833214760e-01,9.486833214760e-01,14,14,15,0,0,-24.812301329962,2.688427001459
690,828,0,-6.826301813126e-01,-7.117561101913e-01,-9.486833214760e-01,-9.486833214760e-01,-3.162277638912e-01,-9.486833214760e-01,0,0,4,0,0,-25.368431978187,2.166559597606
691,829,0,-7.620790600777e-01,7.013420462608e-01,-9.486833214760e-01,9.486833214760e-01,-9.486833214760e-01,3.162277638912e-01,3,3,2,0,0,-24.188443594764,3.380811225400
692,830,0,-9.749186038971e-01,1.312389373779e-01,-9.486833214760e-01,3.162277638912e-01,-9.486833214760e-01,-3.162277638912e-01,2,2,1,0,0,-26.101746457537,1.501771606998
693,831,0,3.472537994385e-01,-1.255097746849e+00,3.162277638912e-01,-9.486833214760e-01,9.486833214760e-01,-9.486833214760e-01,8,8,12,0,0,-29.534579745881,-1.896798436974
694,832,0,-1.281667470932e+00,-3.772026002407e-01,-9.486833214760e-01,-3.162277638912e-01,-9.486833214760e-01,-9.486833214760e-01,1,1,0,0,0,-28.600520426336,-0.928475873057
695,833,0,1.337538957596e-01,-4.228622913361e-01,3.162277638912e-01,-3.162277638912e-01,3.162277638912e-01,-3.162277638912e-01,9,9,9,1,1,-27.447522548147,0.258785249503
696,834,0,1.007016420364e+00,-1.632672548294e-01,9.486833214760e-01,-3.162277638912e-01,9.486833214760e-01,3.162277638912e-01,13,13,14,0,0,-27.644161678350,0.096409363671
697,835,0,-3.294049799442e-01,1.291984081268e+00,-3.162277638912e-01,9.486833214760e-01,-9.486833214760e-01,9.486833214760e-01,7,7,3,0,0,-30.696570155571,-2.921735869178
698,836,0,2.196373194456e-01,1.024979948997e+00,3.162277638912e-01,9.486833214760e-01,-3.162277638912e-01,9.486833214760e-01,11,11,7,0,0,-30.529639031455,-2.720541500691
699,837,0,1.301717162132e+00,3.954345285892e-01,9.486833214760e-01,3.162277638912e-01,9.486833214760e-01,9.486833214760e-01,14,14,15,0,0,-28.102312372555,-0.258951597419
700,838,0,1.274284243584e+00,3.872284591198e-01,9.486833214760e-01,3.162277638912e-01,9.486833214760e-01,9.486833214760e-01,14,14,15,0,0,-28.097064919160,-0.219440899652
701,839,0,-6.522363424301e-01,7.607679367065e-01,-9.486833214760e-01,9.486833214760e-01,-9.486833214760e-01,3.162277638912e-01,3,3,2,0,0,-30.957265327198,-3.045378063319
702,840,0,7.048318982124e-01,7.238383889198e-01,9.486833214760e-01,9.486833214760e-01,3.162277638912e-01,9.486833214760e-01,15,15,11,0,0,-25.802855238305,2.143295269945
703,841,0,-6.709239482880e-01,7.451874613762e-01,-9.486833214760e-01,9.486833214760e-01,-9.486833214760e-01,3.162277638912e-01,3,3,2,0,0,-29.566998917142,-1.586585164521
704,842,0,7.315345406532e-01,7.305830717087e-01,9.486833214760e-01,9.486833214760e-01,3.162277638912e-01,9.486833214760e-01,15,15,11,0,0,-26.602336779966,1.412340217026
705,843,0,-1.389815211296e-01,4.375731647015e-01,-3.162277638912e-01,3.162277638912e-01,-3.162277638912e-01,3.162277638912e-01,6,6,6,1,1,-27.379166643516,0.669773597849
706,844,0,-7.461351156235e-01,-6.869964003563e-01,-9.486833214760e-01,-9.486833214760e-01,-3.162277638912e-01,-9.486833214760e-01,0,0,4,0,0,-28.928043127658,-0.844839641923
707,845,0,-4.435380399227e-01,-1.661487221718e-01,-3.162277638912e-01,-3.162277638912e-01,-3.162277638912e-01,-3.162277638912e-01,5,5,5,1,1,-24.464121283062,3.653345447045
708,846,0,-1.762747466564e-01,-9.817829728127e-01,-3.162277638912e-01,-9.486833214760e-01,3.162277638912e-01,-9.486833214760e-01,4,4,8,0,0,-28.613698127097,-0.461968152618
709,847,0,-6.736495494843e-01,7.418264746666e-01,-9.486833214760e-01,9.486833214760e-01,-9.486833214760e-01,3.162277638912e-01,3,3,2,0,0,-29.322592994628,-1.136599775778
710,848,0,-6.994548439980e-01,7.661758065224e-01,-9.486833214760e-01,9.486833214760e-01,-9.486833214760e-01,3.162277638912e-01,3,3,2,0,0,-29.171569268200,-0.951312804979
711,849,0,-4.284012913704e-01,-1.280373632908e-01,-3.162277638912e-01,-3.162277638912e-01,-3.162277638912e-01,-3.162277638912e-01,5,5,5,1,1,-28.360041311273,-0.105521603680
712,850,0,3.714136183262e-01,-1.291663408279e+00,3.162277638912e-01,-9.486833214760e-01,9.486833214760e-01,-9.486833214760e-01,8,8,12,0,0,-28.957582514763,-0.668799562799
713,851,0,1.191068738699e-01,-4.582790732384e-01,3.162277638912e-01,-3.162277638912e-01,3.162277638912e-01,-3.162277638912e-01,9,9,9,1,1,-30.431133999889,-2.108087803554
714,852,0,-1.266733407974e+00,-3.342319428921e-01,-9.486833214760e-01,-3.162277638912e-01,-9.486833214760e-01,-9.486833214760e-01,1,1,0,0,0,-30.219173845754,-1.861864405047
715,853,0,1.688048094511e-01,9.762519001961e-01,3.162277638912e-01,9.486833214760e-01,-3.162277638912e-01,9.486833214760e-01,11,11,7,0,0,-28.245025143741,0.146547541338
716,854,0,-4.154248535633e-01,-1.037089899182e-01,-3.162277638912e-01,-3.162277638912e-01,-3.162277638912e-01,-3.162277638912e-01,5,5,5,1,1,-30.982868899030,-2.557032969580
717,855,0,4.567874372005e-01,1.166100800037e-01,3.162277638912e-01,3.162277638912e-01,3.162277638912e-01,3.162277638912e-01,10,10,10,1,1,-30.679222974653,-2.219123800831
718,856,0,4.387932121754e-01,1.019353568554e-01,3.162277638912e-01,3.162277638912e-01,3.162277638912e-01,3.162277638912e-01,10,10,10,1,1,-31.921681565418,-3.427319147226
719,857,0,-7.392827868462e-01,-6.418802738190e-01,-9.486833214760e-01,-9.486833214760e-01,-3.162277638912e-01,-9.486833214760e-01,0,0,4,0,0,-30.598991568103,-2.070365905539
720,858,0,-3.512726426125e-01,1.240430831909e+00,-3.162277638912e-01,9.486833214760e-01,-9.486833214760e-01,9.486833214760e-01,7,7,3,0,0,-29.188620746932,-0.625731839996
721,859,0,3.616408109665e-01,-1.252401709557e+00,3.162277638912e-01,-9.486833214760e-01,9.486833214760e-01,-9.486833214760e-01,8,8,12,0,0,-28.893512250118,-0.296360098811
722,860,0,1.642113924026e-01,-4.559560418129e-01,3.162277638912e-01,-3.162277638912e-01,3.162277638912e-01,-3.162277638912e-01,9,9,9,1,1,-25.193646497865,3.437768897813
723,861,0,9.925682544708e-01,-2.179129123688e-01,9.486833214760e-01,-3.162277638912e-01,9.486833214760e-01,3.162277638912e-01,13,13,14,0,0,-30.817471662848,-2.151793022798
724,862,0,-7.289718985558e-01,-6.911189556122e-01,-9.486833214760e-01,-9.486833214760e-01,-3.162277638912e-01,-9.486833214760e-01,0,0,4,0,0,-28.091926166243,0.608015718178
725,863,0,-1.452982276678e-01,-9.885517358780e-01,-3.162277638912e-01,-9.486833214760e-01,3.162277638912e-01,-9.486833214760e-01,4,4,8,0,0,-26.796464396789,1.937740732003
726,864,0,1.295085906982e+00,3.758677244186e-01,9.486833214760e-01,3.162277638912e-01,9.486833214760e-01,9.486833214760e-01,14,14,15,0,0,-28.815892401064,-0.047424027900
727,865,0,1.032678484917e+00,-1.710754036903e-01,9.486833214760e-01,-3.162277638912e-01,9.486833214760e-01,3.162277638912e-01,13,13,14,0,0,-27.841244291994,0.961487325541
728,866,0,4.360295534134e-01,-1.251876115799e+00,3.162277638912e-01,-9.486833214760e-01,9.486833214760e-01,-9.486833214760e-01,8,8,12,0,0,-25.796727861411,3.040267000496
729,867,0,1.634532958269e-01,9.777132272720e-01,3.162277638912e-01,9.486833214760e-01,-3.162277638912e-01,9.486833214760e-01,11,11,7,0,0,-27.925839332905,0.945418773374
730,868,0,-4.334803819656e-01,-1.188660264015e-01,-3.162277638912e-01,-3.162277638912e-01,-3.162277638912e-01,-3.162277638912e-01,5,5,5,1,1,-29.665669990740,-0.760148640091
731,869,0,-7.492251396179e-01,-7.072896957397e-01,-9.486833214760e-01,-9.486833214760e-01,-3.162277638912e-01,-9.486833214760e-01,0,0,4,0,0,-28.214235301489,0.725549293532
732,870,0,-7.371665835381e-01,-7.011618614197e-01,-9.486833214760e-01,-9.486833214760e-01,-3.162277638912e-01,-9.486833214760e-01,0,0,4,0,0,-27.998999506826,0.975048332566
733,871,0,-7.030609846115e-01,7.333447337151e-01,-9.486833214760e-01,9.486833214760e-01,-9.486833214760e-01,3.162277638912e-01,3,3,2,0,0,-27.772839999487,1.235471084277
734,872,0,-1.011263728142e+00,1.959123909473e-01,-9.486833214760e-01,3.162277638912e-01,-9.486833214760e-01,-3.162277638912e-01,2,2,1,0,0,-29.399055192401,-0.356480864265
735,873,0,-9.791297316551e-01,1.690691113472e-01,-9.486833214760e-01,3.162277638912e-01,-9.486833214760e-01,-3.162277638912e-01,2,2,1,0,0,-28.231768502173,0.845069070334
736,874,0,3.460800647736e-01,-1.280714154243e+00,3.162277638912e-01,-9.486833214760e-01,9.486833214760e-01,-9.486833214760e-01,8,8,12,0,0,-29.878448201494,-0.767347384616
737,875,0,-7.215698361397e-01,-7.250962257385e-01,-9.486833214760e-01,-9.486833214760e-01,-3.162277638912e-01,-9.486833214760e-01,0,0,4,0,0,-26.425387943858,2.719976117392
738,876,0,2.937771081924e-01,-1.253861665726e+00,3.162277638912e-01,-9.486833214760e-01,9.486833214760e-01,-9.486833214760e-01,8,8,12,0,0,-31.813578873951,-2.633951568330
739,877,0,-2.784556746483e-01,1.265736341476e+00,-3.162277638912e-01,9.486833214760e-01,-9.486833214760e-01,9.486833214760e-01,7,7,3,0,0,-32.592854372042,-3.378963822049
740,878,0,1.308326959610e+00,3.173763453960e-01,9.486833214760e-01,3.162277638912e-01,9.486833214760e-01,9.486833214760e-01,14,14,15,0,0,-31.364477638510,-2.116323844145
741,879,0,6.530051231384e-01,-7.480162382126e-01,9.486833214760e-01,-9.486833214760e-01,9.486833214760e-01,-3.162277638912e-01,12,12,13,0,0,-30.444659718836,-1.162242680101
742,880,0,-6.560794115067e-01,7.078124880791e-01,-9.486833214760e-01,9.486833214760e-01,-9.486833214760e-01,3.162277638912e-01,3,3,2,0,0,-28.737266888267,0.579413394840
743,881,0,3.594103455544e-01,-1.261105895042e+00,3.162277638912e-01,-9.486833214760e-01,9.486833214760e-01,-9.486833214760e-01,8,8,12,0,0,-29.092651216254,0.258292311225
744,882,0,1.310884237289e+00,3.524517416954e-01,9.486833214760e-01,3.162277638912e-01,9.486833214760e-01,9.486833214760e-01,14,14,15,0,0,-29.951019563569,-0.565812791719
745,883,0,4.421103894711e-01,1.244735345244e-01,3.162277638912e-01,3.162277638912e-01,3.162277638912e-01,3.162277638912e-01,10,10,10,1,1,-29.275752352822,0.143717663400
746,884,0,-7.417514324188e-01,-7.076554298401e-01,-9.486833214760e-01,-9.486833214760e-01,-3.162277638912e-01,-9.486833214760e-01,0,0,4,0,0,-27.912635243111,1.541098017482
747,885,0,3.698161244392e-01,-1.284334301949e+00,3.162277638912e-01,-9.486833214760e-01,9.486833214760e-01,-9.486833214760e-01,8,8,12,0,0,-28.936571873978,0.551424630986
748,886,0,7.672784328461e-01,6.590591669083e-01,9.486833214760e-01,9.486833214760e-01,3.162277638912e-01,9.486833214760e-01,15,15,11,0,0,-30.903891430479,-1.381631681144
749,887,0,-4.320068955421e-01,-1.099357232451e-01,-3.162277638912e-01,-3.162277638912e-01,-3.162277638912e-01,-3.162277638912e-01,5,5,5,1,1,-30.722599712006,-1.166076718299
750,888,0,1.136891245842e-01,-4.648330509663e-01,3.162277638912e-01,-3.162277638912e-01,3.162277638912e-01,-3.162277638912e-01,9,9,9,1,1,-31.256373195568,-1.665586957490
751,889,0,1.285190284252e-01,-4.709376394749e-01,3.162277638912e-01,-3.162277638912e-01,3.162277638912e-01,-3.162277638912e-01,9,9,9,1,1,-29.735653701492,-0.110604219042
752,890,0,6.602097153664e-01,-7.605729699135e-01,9.486833214760e-01,-9.486833214760e-01,9.486833214760e-01,-3.162277638912e-01,12,12,13,0,0,-30.605680042221,-0.946367315399
753,891,0,-8.013081550598e-02,4.049288332462e-01,-3.162277638912e-01,3.162277638912e-01,-3.162277638912e-01,3.162277638912e-01,6,6,6,1,1,-33.806433943463,-4.112857972270
754,892,0,6.455057859421e-01,-7.387449145317e-01,9.486833214760e-01,-9.486833214760e-01,9.486833214760e-01,-3.162277638912e-01,12,12,13,0,0,-30.418509265288,-0.690670049724
755,893,0,-6.383678913116e-01,7.317017316818e-01,-9.486833214760e-01,9.486833214760e-01,-9.486833214760e-01,3.162277638912e-01,3,3,2,0,0,-30.462215459613,-0.700112999677
756,894,0,9.955082535744e-01,-2.078749984503e-01,9.486833214760e-01,-3.162277638912e-01,9.486833214760e-01,3.162277638912e-01,13,13,14,0,0,-30.229570684189,-0.433204979882
757,895,0,6.739645600319e-01,-7.257295846939e-01,9.486833214760e-01,-9.486833214760e-01,9.486833214760e-01,-3.162277638912e-01,12,12,13,0,0,-28.683061818490,1.147567130189
758,896,0,-6.693589687347e-01,6.925377845764e-01,-9.486833214760e-01,9.486833214760e-01,-9.486833214760e-01,3.162277638912e-01,3,3,2,0,0,-27.540103689052,2.324788503998
759,897,0,3.420692980289e-01,-1.252866268158e+00,3.162277638912e-01,-9.486833214760e-01,9.486833214760e-01,-9.486833214760e-01,8,8,12,0,0,-29.728771510846,0.170383926575
760,898,0,1.017432689667e+00,-2.103712260723e-01,9.486833214760e-01,-3.162277638912e-01,9.486833214760e-01,3.162277638912e-01,13,13,14,0,0,-30.117184145287,-0.183765463495
761,899,0,4.325028359890e-01,9.636477380991e-02,3.162277638912e-01,3.162277638912e-01,3.162277638912e-01,3.162277638912e-01,10,10,10,1,1,-32.439253226494,-2.471571300330
762,900,0,-1.295822978020e+00,-2.880226969719e-01,-9.486833214760e-01,-3.162277638912e-01,-9.486833214760e-01,-9.486833214760e-01,1,1,0,0,0,-32.468578464325,-2.466633293790
763,901,0,1.942286193371e-01,9.595012068748e-01,3.162277638912e-01,9.486833214760e-01,-3.162277638912e-01,9.486833214760e-01,11,11,7,0,0,-29.878507639922,0.157700774985
764,902,0,-7.259910702705e-01,-6.427615880966e-01,-9.486833214760e-01,-9.486833214760e-01,-3.162277638912e-01,-9.486833214760e-01,0,0,4,0,0,-30.044740808707,0.025730850571
765,903,0,9.593443870544e-01,-2.133020758629e-01,9.486833214760e-01,-3.162277638912e-01,9.486833214760e-01,3.162277638912e-01,13,13,14,0,0,-30.970268667214,-0.865533763564
766,904,0,-9.738633036613e-01,1.797258704901e-01,-9.486833214760e-01,3.162277638912e-01,-9.486833214760e-01,-3.162277638912e-01,2,2,1,0,0,-28.891200283348,1.247797864673
767,905,0,-2.247251123190e-01,-9.492489695549e-01,-3.162277638912e-01,-9.486833214760e-01,3.162277638912e-01,-9.486833214760e-01,4,4,8,0,0,-31.753934877708,-1.580673485316
768,906,0,-3.350839912891e-01,1.261035680771e+00,-3.162277638912e-01,9.486833214760e-01,-9.486833214760e-01,9.486833214760e-01,7,7,3,0,0,-30.119166268517,0.088358368247
769,907,0,2.299029231071e-01,9.937313795090e-01,3.162277638912e-01,9.486833214760e-01,-3.162277638912e-01,9.486833214760e-01,11,11,7,0,0,-31.461327605644,-1.219539724508
770,908,0,1.270588755608e+00,3.900076448917e-01,9.486833214760e-01,3.162277638912e-01,9.486833214760e-01,9.486833214760e-01,14,14,15,0,0,-27.936114295241,2.339936830265
771,909,0,2.355416715145e-01,9.987096786499e-01,3.162277638912e-01,9.486833214760e-01,-3.162277638912e-01,9.486833214760e-01,11,11,7,0,0,-31.705425639835,-1.395111269956
772,910,0,1.268365025520e+00,3.728919327259e-01,9.486833214760e-01,3.162277638912e-01,9.486833214760e-01,9.486833214760e-01,14,14,15,0,0,-28.616970917392,1.727606696858
773,911,0,-7.258613705635e-01,-6.943500041962e-01,-9.486833214760e-01,-9.486833214760e-01,-3.162277638912e-01,-9.486833214760e-01,0,0,4,0,0,-27.836110478212,2.542730380409
774,912,0,-9.803078770638e-01,1.696324199438e-01,-9.486833214760e-01,3.162277638912e-01,-9.486833214760e-01,-3.162277638912e-01,2,2,1,0,0,-28.252191774579,2.160912328413
775,913,0,1.265527725220e+00,3.836661279202e-01,9.486833214760e-01,3.162277638912e-01,9.486833214760e-01,9.486833214760e-01,14,14,15,0,0,-28.134432870948,2.312934476416
776,914,0,4.735799133778e-01,1.154706999660e-01,3.162277638912e-01,3.162277638912e-01,3.162277638912e-01,3.162277638912e-01,10,10,10,1,1,-31.297218014071,-0.815587422336
777,915,0,6.760696768761e-01,-7.059292793274e-01,9.486833214760e-01,-9.486833214760e-01,9.486833214760e-01,-3.162277638912e-01,12,12,13,0,0,-27.802797264469,2.713096571638
778,916,0,-6.864693760872e-01,6.851736903191e-01,-9.486833214760e-01,9.486833214760e-01,-9.486833214760e-01,3.162277638912e-01,3,3,2,0,0,-26.510928814508,4.039228265970
779,917,0,3.354725837708e-01,-1.244312763214e+00,3.162277638912e-01,-9.486833214760e-01,9.486833214760e-01,-9.486833214760e-01,8,8,12,0,0,-29.911536448523,0.672883876327
780,918,0,-6.523982286453e-01,7.278761267662e-01,-9.486833214760e-01,9.486833214760e-01,-9.486833214760e-01,3.162277638912e-01,3,3,2,0,0,-29.695054231781,0.923629337440
781,919,0,9.598185420036e-01,-2.220112681389e-01,9.486833214760e-01,-3.162277638912e-01,9.486833214760e-01,3.162277638912e-01,13,13,14,0,0,-31.458731803256,-0.805784989664
782,920,0,-1.781756579876e-01,-9.807109832764e-01,-3.162277638912e-01,-9.486833214760e-01,3.162277638912e-01,-9.486833214760e-01,4,4,8,0,0,-28.732135576587,1.955074481377
783,921,0,1.289393186569e+00,2.735058069229e-01,9.486833214760e-01,3.162277638912e-01,9.486833214760e-01,9.486833214760e-01,14,14,15,0,0,-33.023945743228,-2.302472440893
784,922,0,-4.492681920528e-01,-1.034793481231e-01,-3.162277638912e-01,-3.162277638912e-01,-3.162277638912e-01,-3.162277638912e-01,5,5,5,1,1,-32.029351138091,-1.273614591384
785,923,0,-2.344277948141e-01,-9.682577252388e-01,-3.162277638912e-01,-9.486833214760e-01,3.162277638912e-01,-9.486833214760e-01,4,4,8,0,0,-32.045099602791,-1.255099811712
786,924,0,1.296645402908e+00,2.617399096489e-01,9.486833214760e-01,3.162277638912e-01,9.486833214760e-01,9.486833214760e-01,14,14,15,0,0,-33.587672521544,-2.763409486094
787,925,0,1.006722450256e+00,-2.619557082653e-01,9.486833214760e-01,-3.162277638912e-01,9.486833214760e-01,3.162277638912e-01,13,13,14,0,0,-33.020245425753,-2.161719145932
788,926,0,6.491560935974e-01,-7.600515484810e-01,9.486833214760e-01,-9.486833214760e-01,9.486833214760e-01,-3.162277638912e-01,12,12,13,0,0,-31.064583316087,-0.171793791894
789,927,0,2.129672765732e-01,9.648681282997e-01,3.162277638912e-01,9.486833214760e-01,-3.162277638912e-01,9.486833214760e-01,11,11,7,0,0,-30.881799005704,0.045253762860
790,928,0,-9.600375294685e-01,2.641260623932e-01,-9.486833214760e-01,3.162277638912e-01,-9.486833214760e-01,-3.162277638912e-01,2,2,1,0,0,-33.817621236587,-2.856305223651
791,929,0,1.271299600601e+00,2.975555956364e-01,9.486833214760e-01,3.162277638912e-01,9.486833214760e-01,9.486833214760e-01,14,14,15,0,0,-31.826703482672,-0.831124225365
792,930,0,7.787461876869e-01,6.534166336060e-01,9.486833214760e-01,9.486833214760e-01,3.162277638912e-01,9.486833214760e-01,15,15,11,0,0,-31.566304048834,-0.536461547156
793,931,0,1.138925030828e-01,-4.266572594643e-01,3.162277638912e-01,-3.162277638912e-01,3.162277638912e-01,-3.162277638912e-01,9,9,9,1,1,-30.053885695271,1.010220050779
794,932,0,7.846082001925e-02,-4.593814909458e-01,3.162277638912e-01,-3.162277638912e-01,3.162277638912e-01,-3.162277638912e-01,9,9,9,1,1,-35.307597892189,-4.209228901768
795,933,0,-1.303997278214e+00,-2.974322736263e-01,-9.486833214760e-01,-3.162277638912e-01,-9.486833214760e-01,-9.486833214760e-01,1,1,0,0,0,-32.151067825753,-1.018435590961
796,934,0,-6.814783811569e-01,7.805995345116e-01,-9.486833214760e-01,9.486833214760e-01,-9.486833214760e-01,3.162277638912e-01,3,3,2,0,0,-30.443468043879,0.723427435285
797,935,0,-4.430572688580e-01,-9.141950309277e-02,-3.162277638912e-01,-3.162277638912e-01,-3.162277638912e-01,-3.162277638912e-01,5,5,5,1,1,-33.341329111594,-2.140170388058
798,936,0,9.574186205864e-01,-2.503104507923e-01,9.486833214760e-01,-3.162277638912e-01,9.486833214760e-01,3.162277638912e-01,13,13,14,0,0,-33.086582958180,-1.851160990273
799,937,0,-6.643793731928e-02,4.439534544945e-01,-3.162277638912e-01,3.162277638912e-01,-3.162277638912e-01,3.162277638912e-01,6,6,6,1,1,-36.488809413972,-5.219124201694
800,938,0,9.605333805084e-01,-2.645774781704e-01,9.486833214760e-01,-3.162277638912e-01,9.486833214760e-01,3.162277638912e-01,13,13,14,0,0,-33.835087195402,-2.531138738753
801,939,0,-8.241801857948e-01,-6.137444376945e-01,-9.486833214760e-01,-3.162277638912e-01,-3.162277638912e-01,-9.486833214760e-01,1,1,4,0,0,-34.891004552685,-3.552792851664
802,940,0,-9.495966434479e-01,2.858856916428e-01,-9.486833214760e-01,3.162277638912e-01,-9.486833214760e-01,-3.162277638912e-01,2,2,1,0,0,-35.189902059861,-3.817427114468
803,941,0,1.294715881348e+00,2.614637613297e-01,9.486833214760e-01,3.162277638912e-01,9.486833214760e-01,9.486833214760e-01,14,14,15,0,0,-33.582853129813,-2.176114940049
804,942,0,8.165352940559e-01,6.016445755959e-01,9.486833214760e-01,3.162277638912e-01,3.162277638912e-01,9.486833214760e-01,14,14,11,0,0,-35.181291549379,-3.740290115244
805,943,0,6.316246390343e-01,-7.721205949783e-01,3.162277638912e-01,-9.486833214760e-01,9.486833214760e-01,-3.162277638912e-01,8,8,13,0,0,-32.280552174028,-0.805287495521
806,944,0,-1.108686923981e-01,4.594092369080e-01,-3.162277638912e-01,3.162277638912e-01,-3.162277638912e-01,3.162277638912e-01,6,6,6,1,1,-31.432298863114,0.077229059764
807,945,0,2.478516995907e-01,9.866505861282e-01,3.162277638912e-01,9.486833214760e-01,-3.162277638912e-01,9.486833214760e-01,11,11,7,0,0,-32.536161057450,-0.992369890200
808,946,0,6.585838198662e-01,-7.506662011147e-01,9.486833214760e-01,-9.486833214760e-01,9.486833214760e-01,-3.162277638912e-01,12,12,13,0,0,-30.303524224454,1.274530187167
809,947,0,-4.619754254818e-01,-1.213297173381e-01,-3.162277638912e-01,-3.162277638912e-01,-3.162277638912e-01,-3.162277638912e-01,5,5,5,1,1,-30.284599091288,1.327718564704
810,948,0,-1.287357449532e+00,-3.002285063267e-01,-9.486833214760e-01,-3.162277638912e-01,-9.486833214760e-01,-9.486833214760e-01,1,1,0,0,0,-31.872515901598,-0.225935001234
811,949,0,9.618123769760e-01,-2.235561609268e-01,9.486833214760e-01,-3.162277638912e-01,9.486833214760e-01,3.162277638912e-01,13,13,14,0,0,-31.519995254261,0.160848890474
812,950,0,7.955673933029e-01,6.395182609558e-01,9.486833214760e-01,9.486833214760e-01,3.162277638912e-01,9.486833214760e-01,15,15,11,0,0,-32.770928739509,-1.055821350402
813,951,0,1.246238946915e-01,-4.366284310818e-01,3.162277638912e-01,-3.162277638912e-01,3.162277638912e-01,-3.162277638912e-01,9,9,9,1,1,-29.070023255577,2.679347377901
814,952,0,6.551409363747e-01,-7.348319292068e-01,9.486833214760e-01,-9.486833214760e-01,9.486833214760e-01,-3.162277638912e-01,12,12,13,0,0,-29.846385240167,1.937248637682
815,953,0,7.694705128670e-01,6.417815089226e-01,9.486833214760e-01,9.486833214760e-01,3.162277638912e-01,9.486833214760e-01,15,15,11,0,0,-31.735052651574,0.082844470647
816,954,0,3.290182352066e-01,-1.274086833000e+00,3.162277638912e-01,-9.486833214760e-01,9.486833214760e-01,-9.486833214760e-01,8,8,12,0,0,-30.520361755382,1.331798611210
817,955,0,9.558930993080e-01,-2.214835137129e-01,9.486833214760e-01,-3.162277638912e-01,9.486833214760e-01,3.162277638912e-01,13,13,14,0,0,-31.480362824825,0.406060786139
818,956,0,-6.268054842949e-01,7.643388509750e-01,-3.162277638912e-01,9.486833214760e-01,-9.486833214760e-01,3.162277638912e-01,7,7,2,0,0,-32.211164415144,-0.290477559809
819,957,0,2.745115458965e-01,-1.249249696732e+00,3.162277638912e-01,-9.486833214760e-01,9.486833214760e-01,-9.486833214760e-01,8,8,12,0,0,-32.606729406575,-0.651779306868
820,958,0,1.313541531563e+00,2.462062686682e-01,9.486833214760e-01,3.162277638912e-01,9.486833214760e-01,9.486833214760e-01,14,14,15,0,0,-34.383832454632,-2.394619110554
821,959,0,9.945231676102e-01,-2.186787873507e-01,9.486833214760e-01,-3.162277638912e-01,9.486833214760e-01,3.162277638912e-01,13,13,14,0,0,-30.835975253606,1.187501334843
822,960,0,8.066199421883e-01,6.665666103363e-01,9.486833214760e-01,9.486833214760e-01,3.162277638912e-01,9.486833214760e-01,15,15,11,0,0,-31.995742133096,0.061997699725
823,961,0,7.641806602478e-01,6.515212655067e-01,9.486833214760e-01,9.486833214760e-01,3.162277638912e-01,9.486833214760e-01,15,15,11,0,0,-31.114973934249,0.977029142943
824,962,0,-7.855301499367e-01,-6.222558617592e-01,-9.486833214760e-01,-3.162277638912e-01,-3.162277638912e-01,-9.486833214760e-01,1,1,4,0,0,-33.180629456501,-1.054363134937
825,963,0,-4.461818635464e-01,-7.959967851639e-02,-3.162277638912e-01,-3.162277638912e-01,-3.162277638912e-01,-3.162277638912e-01,5,5,5,1,1,-34.884743432661,-2.724213866726
826,964,0,2.298272401094e-01,1.012066602707e+00,3.162277638912e-01,9.486833214760e-01,-3.162277638912e-01,9.486833214760e-01,11,11,7,0,0,-31.229099064182,0.965693746124
827,965,0,-9.864140152931e-01,2.548256814480e-01,-9.486833214760e-01,3.162277638912e-01,-9.486833214760e-01,-3.162277638912e-01,2,2,1,0,0,-32.919794057641,-0.690738002963
828,966,0,-2.458103150129e-01,-9.550925493240e-01,-3.162277638912e-01,-9.486833214760e-01,3.162277638912e-01,-9.486833214760e-01,4,4,8,0,0,-32.867823566866,-0.604504267817
829,967,0,7.784025073051e-01,6.348273754120e-01,9.486833214760e-01,9.486833214760e-01,3.162277638912e-01,9.486833214760e-01,15,15,11,0,0,-32.366033868693,-0.068451325272
830,968,0,-9.740236401558e-01,2.839343249798e-01,-9.486833214760e-01,3.162277638912e-01,-9.486833214760e-01,-3.162277638912e-01,2,2,1,0,0,-34.686700789272,-2.354855001479
831,969,0,-1.167857572436e-01,4.628714621067e-01,-3.162277638912e-01,3.162277638912e-01,-3.162277638912e-01,3.162277638912e-01,6,6,6,1,1,-30.839412732926,1.526696299238
832,970,0,1.227507218719e-01,-4.337947368622e-01,3.162277638912e-01,-3.162277638912e-01,3.162277638912e-01,-3.162277638912e-01,9,9,9,1,1,-29.200099742154,3.200272534381
833,971,0,9.872934818268e-01,-2.220539301634e-01,9.486833214760e-01,-3.162277638912e-01,9.486833214760e-01,3.162277638912e-01,13,13,14,0,0,-31.110520377864,1.324115143043
834,972,0,-9.300846606493e-02,4.865758419037e-01,-3.162277638912e-01,3.162277638912e-01,-3.162277638912e-01,3.162277638912e-01,6,6,6,1,1,-34.178509452894,-1.709610687616
835,973,0,2.302663773298e-01,9.846827983856e-01,3.162277638912e-01,9.486833214760e-01,-3.162277638912e-01,9.486833214760e-01,11,11,7,0,0,-31.596948188681,0.906213820969
836,974,0,3.443351984024e-01,-1.257116913795e+00,3.162277638912e-01,-9.486833214760e-01,9.486833214760e-01,-9.486833214760e-01,8,8,12,0,0,-29.681898295930,2.855526958091
837,975,0,-9.642615914345e-01,2.007805705070e-01,-9.486833214760e-01,3.162277638912e-01,-9.486833214760e-01,-3.162277638912e-01,2,2,1,0,0,-30.197128815500,2.374559682892
838,976,0,7.404937148094e-01,7.068517804146e-01,9.486833214760e-01,9.486833214760e-01,3.162277638912e-01,9.486833214760e-01,15,15,11,0,0,-27.896588546501,4.709363196263
839,977,0,-6.186026334763e-01,8.012460470200e-01,-3.162277638912e-01,9.486833214760e-01,-9.486833214760e-01,3.162277638912e-01,7,7,2,0,0,-33.895088274946,-1.254873287811
840,978,0,7.661474943161e-01,6.690455079079e-01,9.486833214760e-01,9.486833214760e-01,3.162277638912e-01,9.486833214760e-01,15,15,11,0,0,-30.435658713680,2.238819517827
841,979,0,-6.044222116470e-01,8.216474652290e-01,-3.162277638912e-01,9.486833214760e-01,-9.486833214760e-01,3.162277638912e-01,7,7,2,0,0,-35.226022235190,-2.517280759312
842,980,0,7.838268876076e-01,6.540639996529e-01,9.486833214760e-01,9.486833214760e-01,3.162277638912e-01,9.486833214760e-01,15,15,11,0,0,-31.721757437844,1.021247282405
843,981,0,-6.011745929718e-01,8.178756237030e-01,-3.162277638912e-01,9.486833214760e-01,-9.486833214760e-01,3.162277638912e-01,7,7,2,0,0,-35.247527497242,-2.470259532621
844,982,0,2.612583935261e-01,1.007468104362e+00,3.162277638912e-01,9.486833214760e-01,-3.162277638912e-01,9.486833214760e-01,11,11,7,0,0,-32.972758351029,-0.161227142037
845,983,0,-5.996096134186e-01,7.884048819542e-01,-3.162277638912e-01,9.486833214760e-01,-9.486833214760e-01,3.162277638912e-01,7,7,2,0,0,-34.310787537838,-1.464993084474
846,984,0,2.375561147928e-01,-1.289497971535e+00,3.162277638912e-01,-9.486833214760e-01,9.486833214760e-01,-9.486833214760e-01,8,8,12,0,0,-34.561793451715,-1.681735753980
847,985,0,6.205718517303e-01,-8.108392357826e-01,3.162277638912e-01,-9.486833214760e-01,9.486833214760e-01,-3.162277638912e-01,8,8,13,0,0,-34.136591309037,-1.222270366931
848,986,0,7.105343043804e-02,-4.409116208553e-01,3.162277638912e-01,-3.162277638912e-01,3.162277638912e-01,-3.162277638912e-01,9,9,9,1,1,-35.845422958061,-2.896838771583
849,987,0,-8.053047657013e-01,-6.132776737213e-01,-9.486833214760e-01,-3.162277638912e-01,-3.162277638912e-01,-9.486833214760e-01,1,1,4,0,0,-34.274064108263,-1.291216677413
850,988,0,2.283858358860e-01,-1.269554257393e+00,3.162277638912e-01,-9.486833214760e-01,9.486833214760e-01,-9.486833214760e-01,8,8,12,0,0,-34.801881059444,-1.784770384223
851,989,0,-1.981017887592e-01,1.287965536118e+00,-3.162277638912e-01,9.486833214760e-01,-9.486833214760e-01,9.486833214760e-01,7,7,3,0,0,-36.255869588303,-3.204495668711
852,990,0,-6.094260811806e-01,8.127735853195e-01,-3.162277638912e-01,9.486833214760e-01,-9.486833214760e-01,3.162277638912e-01,7,7,2,0,0,-34.702107470951,-1.616470306987
853,991,0,1.037840843201e-01,-4.365223646164e-01,3.162277638912e-01,-3.162277638912e-01,3.162277638912e-01,-3.162277638912e-01,9,9,9,1,1,-31.626112359990,1.493788048345
854,992,0,1.017482161522e+00,-2.535978555679e-01,9.486833214760e-01,-3.162277638912e-01,9.486833214760e-01,3.162277638912e-01,13,13,14,0,0,-32.430232990849,0.723930661857
855,993,0,1.289518356323e+00,2.856049239635e-01,9.486833214760e-01,3.162277638912e-01,9.486833214760e-01,9.486833214760e-01,14,14,15,0,0,-32.511622039747,0.676804857331
856,994,0,-9.440189599991e-01,2.871367931366e-01,-9.486833214760e-01,3.162277638912e-01,-9.486833214760e-01,-3.162277638912e-01,2,2,1,0,0,-35.352832961468,-2.130142820019
857,995,0,2.445802390575e-01,9.859796166420e-01,3.162277638912e-01,9.486833214760e-01,-3.162277638912e-01,9.486833214760e-01,11,11,7,0,0,-32.366426664354,0.890526721466
858,996,0,-5.860419273376e-01,8.212150335312e-01,-3.162277638912e-01,9.486833214760e-01,-9.486833214760e-01,3.162277638912e-01,7,7,2,0,0,-36.052340072778,-2.761123442585
859,997,0,8.243524432182e-01,6.346663832664e-01,9.486833214760e-01,9.486833214760e-01,3.162277638912e-01,9.486833214760e-01,15,15,11,0,0,-33.972489525171,-0.647009650608
860,998,0,8.035025596619e-01,6.030803322792e-01,9.486833214760e-01,3.162277638912e-01,3.162277638912e-01,9.486833214760e-01,14,14,11,0,0,-34.674467370773,-1.314724251838
861,999,0,-7.894828319550e-01,-5.896849632263e-01,-9.486833214760e-01,-3.162277638912e-01,-3.162277638912e-01,-9.486833214760e-01,1,1,4,0,0,-34.808055451861,-1.414049088555
862,1000,0,-4.660651385784e-01,-1.021209210157e-01,-3.162277638912e-01,-3.162277638912e-01,-3.162277638912e-01,-3.162277638912e-01,5,5,5,1,1,-32.641066781284,0.787202826394
863,1001,0,-7.855584025383e-01,-6.302782297134e-01,-9.486833214760e-01,-3.162277638912e-01,-3.162277638912e-01,-9.486833214760e-01,1,1,4,0,0,-32.823882680821,0.638650171229
864,1002,0,-2.904167473316e-01,-9.562796950340e-01,-3.162277638912e-01,-9.486833214760e-01,3.162277638912e-01,-9.486833214760e-01,4,4,8,0,0,-35.328188170717,-1.831392074296
865,1003,0,-6.127346158028e-01,8.035426139832e-01,-3.162277638912e-01,9.486833214760e-01,-9.486833214760e-01,3.162277638912e-01,7,7,2,0,0,-34.238026526248,-0.706967185456
866,1004,0,-5.300162360072e-02,4.488511085510e-01,-3.162277638912e-01,3.162277638912e-01,-3.162277638912e-01,3.162277638912e-01,6,6,6,1,1,-38.265535628056,-4.700213042892
867,1005,0,9.824104309082e-01,-2.801864743233e-01,9.486833214760e-01,-3.162277638912e-01,9.486833214760e-01,3.162277638912e-01,13,13,14,0,0,-34.353260814615,-0.753674985080
868,1006,0,-5.923482775688e-01,7.955450415611e-01,-3.162277638912e-01,9.486833214760e-01,-9.486833214760e-01,3.162277638912e-01,7,7,2,0,0,-34.894356703802,-1.260507629895
869,1007,0,-6.092146635056e-01,7.709891796112e-01,-3.162277638912e-01,9.486833214760e-01,-9.486833214760e-01,3.162277638912e-01,7,7,2,0,0,-33.250221241401,0.417891076877
870,1008,0,2.756975591183e-01,-1.296702861786e+00,3.162277638912e-01,-9.486833214760e-01,9.486833214760e-01,-9.486833214760e-01,8,8,12,0,0,-32.996835390955,0.705540171694
871,1009,0,6.287544369698e-01,-8.205675482750e-01,3.162277638912e-01,-9.486833214760e-01,9.486833214760e-01,-3.162277638912e-01,8,8,13,0,0,-34.104150443833,-0.367511636813
872,1010,0,-7.923874258995e-01,-6.324929594994e-01,-9.486833214760e-01,-9.486833214760e-01,-3.162277638912e-01,-9.486833214760e-01,0,0,4,0,0,-32.967772845108,0.803129206284
873,1011,0,-1.317286729813e+00,-2.728524506092e-01,-9.486833214760e-01,-3.162277638912e-01,-9.486833214760e-01,-9.486833214760e-01,1,1,0,0,0,-33.297686000345,0.507479295419
874,1012,0,-1.312412977219e+00,-2.552111744881e-01,-9.486833214760e-01,-3.162277638912e-01,-9.486833214760e-01,-9.486833214760e-01,1,1,0,0,0,-33.995627824819,-0.156199284684
875,1013,0,-1.273035168648e+00,-2.548959255219e-01,-9.486833214760e-01,-3.162277638912e-01,-9.486833214760e-01,-9.486833214760e-01,1,1,0,0,0,-33.677565939328,0.196125845179
876,1014,0,1.771980077028e-01,-1.324574351311e+00,3.162277638912e-01,-9.486833214760e-01,9.486833214760e-01,-9.486833214760e-01,8,8,12,0,0,-37.380363830360,-3.472408801482
877,1015,0,-8.118857741356e-01,-6.093249320984e-01,-9.486833214760e-01,-3.162277638912e-01,-3.162277638912e-01,-9.486833214760e-01,1,1,4,0,0,-34.676613514364,-0.734395241114
878,1016,0,-3.012142479420e-01,-9.909442067146e-01,-3.162277638912e-01,-9.486833214760e-01,3.162277638912e-01,-9.486833214760e-01,4,4,8,0,0,-35.342484521216,-1.366003003595
879,1017,0,-3.122568428516e-01,-9.709101319313e-01,-3.162277638912e-01,-9.486833214760e-01,3.162277638912e-01,-9.486833214760e-01,4,4,8,0,0,-36.263388620419,-2.252643858426
880,1018,0,-9.546687006950e-01,2.879393696785e-01,-9.486833214760e-01,3.162277638912e-01,-9.486833214760e-01,-3.162277638912e-01,2,2,1,0,0,-35.218880395319,-1.173872388955
881,1019,0,-7.082389295101e-02,4.421224594116e-01,-3.162277638912e-01,3.162277638912e-01,-3.162277638912e-01,3.162277638912e-01,6,6,6,1,1,-35.899071504023,-1.819800253288
882,1020,0,9.866163134575e-01,-2.694928944111e-01,9.486833214760e-01,-3.162277638912e-01,9.486833214760e-01,3.162277638912e-01,13,13,14,0,0,-33.712535209222,0.400999285884
883,1021,0,-3.486807271838e-02,4.357151091099e-01,-3.162277638912e-01,3.162277638912e-01,-3.162277638912e-01,3.162277638912e-01,6,6,6,1,1,-40.424659232034,-6.276861492556
884,1022,0,9.435601830482e-01,-2.628393471241e-01,9.486833214760e-01,-3.162277638912e-01,9.486833214760e-01,3.162277638912e-01,13,13,14,0,0,-34.000727342567,0.181333641282
885,1023,0,-1.248428463936e+00,-2.528575658798e-01,-9.486833214760e-01,-3.162277638912e-01,-9.486833214760e-01,-9.486833214760e-01,1,1,0,0,0,-33.550164074573,0.666160153648
886,1024,0,9.548385143280e-01,-3.218712508678e-01,9.486833214760e-01,-3.162277638912e-01,9.486833214760e-01,3.162277638912e-01,13,13,14,0,0,-37.063650520961,-2.813063048369
887,1025,0,-2.822349369526e-01,-9.735474586487e-01,-3.162277638912e-01,-9.486833214760e-01,3.162277638912e-01,-9.486833214760e-01,4,4,8,0,0,-34.602013628618,-0.317162911654
888,1026,0,-7.901585698128e-01,-6.394555568695e-01,-9.486833214760e-01,-9.486833214760e-01,-3.162277638912e-01,-9.486833214760e-01,0,0,4,0,0,-32.582671612947,1.736442348388
889,1027,0,5.855053067207e-01,-8.409305810928e-01,3.162277638912e-01,-9.486833214760e-01,9.486833214760e-01,-3.162277638912e-01,8,8,13,0,0,-36.717147394364,-2.363770188657
890,1028,0,-2.314401268959e-01,-9.733093976974e-01,-3.162277638912e-01,-9.486833214760e-01,3.162277638912e-01,-9.486833214760e-01,4,4,8,0,0,-31.810720742437,2.576919707640
891,1029,0,1.310600399971e+00,1.991053968668e-01,9.486833214760e-01,3.162277638912e-01,9.486833214760e-01,9.486833214760e-01,14,14,15,0,0,-36.361721036416,-1.939817341967
892,1030,0,-2.572835087776e-01,-9.784003496170e-01,-3.162277638912e-01,-9.486833214760e-01,3.162277638912e-01,-9.486833214760e-01,4,4,8,0,0,-33.168090076586,1.288076862234
893,1031,0,-2.658775448799e-01,-1.011649370193e+00,-3.162277638912e-01,-9.486833214760e-01,3.162277638912e-01,-9.486833214760e-01,4,4,8,0,0,-33.160184093021,1.330246090171
894,1032,0,2.495238184929e-01,-1.304246306419e+00,3.162277638912e-01,-9.486833214760e-01,9.486833214760e-01,-9.486833214760e-01,8,8,12,0,0,-34.169249618887,0.355443808677
895,1033,0,4.665557742119e-01,2.936406061053e-02,3.162277638912e-01,3.162277638912e-01,3.162277638912e-01,3.162277638912e-01,10,10,10,1,1,-41.398671671671,-6.839714999736
896,1034,0,2.634603381157e-01,-1.303006172180e+00,3.162277638912e-01,-9.486833214760e-01,9.486833214760e-01,-9.486833214760e-01,8,8,12,0,0,-33.569233607073,1.023986309233
897,1035,0,4.681618511677e-01,5.314417555928e-02,3.162277638912e-01,3.162277638912e-01,3.162277638912e-01,3.162277638912e-01,10,10,10,1,1,-38.523696764835,-3.896213604157
898,1036,0,7.097023725510e-02,-4.504402279854e-01,3.162277638912e-01,-3.162277638912e-01,3.162277638912e-01,-3.162277638912e-01,9,9,9,1,1,-36.046226482653,-1.384480077604
899,1037,0,-1.262629508972e+00,-2.836006581783e-01,-9.486833214760e-01,-3.162277638912e-01,-9.486833214760e-01,-9.486833214760e-01,1,1,0,0,0,-32.340824527098,2.355185122323
900,1038,0,9.569583535194e-01,-2.659292519093e-01,9.486833214760e-01,-3.162277638912e-01,9.486833214760e-01,3.162277638912e-01,13,13,14,0,0,-33.965033657899,0.765239235893
901,1039,0,-4.189166724682e-01,-9.902489930391e-02,-3.162277638912e-01,-3.162277638912e-01,-3.162277638912e-01,-3.162277638912e-01,5,5,5,1,1,-31.700363441270,3.064172696894
902,1040,0,9.792389720678e-02,-4.640355706215e-01,3.162277638912e-01,-3.162277638912e-01,3.162277638912e-01,-3.162277638912e-01,9,9,9,1,1,-33.083891344881,1.714908037654
903,1041,0,7.311734557152e-02,-4.644435942173e-01,3.162277638912e-01,-3.162277638912e-01,3.162277638912e-01,-3.162277638912e-01,9,9,9,1,1,-36.053356147677,-1.220293520771
904,1042,0,-1.290104150772e+00,-2.606368064880e-01,-9.486833214760e-01,-3.162277638912e-01,-9.486833214760e-01,-9.486833214760e-01,1,1,0,0,0,-33.578399596792,1.288926274486
905,1043,0,-6.417948007584e-01,7.975125908852e-01,-9.486833214760e-01,9.486833214760e-01,-9.486833214760e-01,3.162277638912e-01,3,3,2,0,0,-32.739830136084,2.161758979565
906,1044,0,-9.769846796989e-01,2.836115360260e-01,-9.486833214760e-01,3.162277638912e-01,-9.486833214760e-01,-3.162277638912e-01,2,2,1,0,0,-34.622576415954,0.313275944066
907,1045,0,-9.813309907913e-01,2.954846322536e-01,-9.486833214760e-01,3.162277638912e-01,-9.486833214760e-01,-3.162277638912e-01,2,2,1,0,0,-35.192310710573,-0.222195106181
908,1046,0,-1.328348636627e+00,-1.747722774744e-01,-9.486833214760e-01,-3.162277638912e-01,-9.486833214760e-01,-9.486833214760e-01,1,1,0,0,0,-37.504584916373,-2.500206067609
909,1047,0,-1.327680706978e+00,-1.822470277548e-01,-9.486833214760e-01,-3.162277638912e-01,-9.486833214760e-01,-9.486833214760e-01,1,1,0,0,0,-37.184014238567,-2.145372145432
910,1048,0,-8.144007325172e-01,-5.751824975014e-01,-9.486833214760e-01,-3.162277638912e-01,-3.162277638912e-01,-9.486833214760e-01,1,1,4,0,0,-36.332839538690,-1.259934201184
911,1049,0,8.504579067230e-01,5.430110096931e-01,9.486833214760e-01,3.162277638912e-01,3.162277638912e-01,9.486833214760e-01,14,14,11,0,0,-39.007124992805,-3.899956410927
912,1050,0,9.990088939667e-01,-3.000562787056e-01,9.486833214760e-01,-3.162277638912e-01,9.486833214760e-01,3.162277638912e-01,13,13,14,0,0,-35.152796658221,-0.011364831972
913,1051,0,8.452420830727e-01,5.433060526848e-01,9.486833214760e-01,3.162277638912e-01,3.162277638912e-01,9.486833214760e-01,14,14,11,0,0,-38.832888445822,-3.657193375201
914,1052,0,2.771364748478e-01,-1.304847598076e+00,3.162277638912e-01,-9.486833214760e-01,9.486833214760e-01,-9.486833214760e-01,8,8,12,0,0,-33.009135534840,2.200822780152
915,1053,0,4.352682232857e-01,6.000682339072e-02,3.162277638912e-01,3.162277638912e-01,3.162277638912e-01,3.162277638912e-01,10,10,10,1,1,-37.150584343415,-1.906362784051
916,1054,0,-9.481096267700e-01,2.686518132687e-01,-9.486833214760e-01,3.162277638912e-01,-9.486833214760e-01,-3.162277638912e-01,2,2,1,0,0,-34.255303126767,1.023181676968
917,1055,0,4.552680552006e-01,7.315294444561e-02,3.162277638912e-01,3.162277638912e-01,3.162277638912e-01,3.162277638912e-01,10,10,10,1,1,-35.871680422582,-0.558932374475
918,1056,0,4.401852786541e-01,4.517104476690e-02,3.162277638912e-01,3.162277638912e-01,3.162277638912e-01,3.162277638912e-01,10,10,10,1,1,-39.140916076450,-3.793904783973
919,1057,0,-7.781144976616e-01,-5.917949676514e-01,-9.486833214760e-01,-3.162277638912e-01,-3.162277638912e-01,-9.486833214760e-01,1,1,4,0,0,-34.310248584089,1.071025952760
920,1058,0,1.304163932800e+00,1.705395579338e-01,9.486833214760e-01,3.162277638912e-01,9.486833214760e-01,9.486833214760e-01,14,14,15,0,0,-37.549965017802,-2.134427236582
921,1059,0,-2.994548976421e-01,-9.571611285210e-01,-3.162277638912e-01,-9.486833214760e-01,3.162277638912e-01,-9.486833214760e-01,4,4,8,0,0,-35.807624268167,-0.357823242575
922,1060,0,-9.741743803024e-01,3.022049665451e-01,-9.486833214760e-01,3.162277638912e-01,-9.486833214760e-01,-3.162277638912e-01,2,2,1,0,0,-35.669700750527,-0.185636480563
923,1061,0,-9.320742636919e-02,4.384154677391e-01,-3.162277638912e-01,3.162277638912e-01,-3.162277638912e-01,3.162277638912e-01,6,6,6,1,1,-32.997581521575,2.520745992760
924,1062,0,-4.202504158020e-01,-7.374781370163e-02,-3.162277638912e-01,-3.162277638912e-01,-3.162277638912e-01,-3.162277638912e-01,5,5,5,1,1,-35.046771579105,0.505819179602
925,1063,0,9.357419610023e-01,-3.345248997211e-01,9.486833214760e-01,-3.162277638912e-01,9.486833214760e-01,3.162277638912e-01,13,13,14,0,0,-38.106763468558,-2.519909465480
926,1064,0,-9.475798606873e-01,2.805213928223e-01,-9.486833214760e-01,3.162277638912e-01,-9.486833214760e-01,-3.162277638912e-01,2,2,1,0,0,-34.925800881174,0.695316366275
927,1065,0,-3.227868378162e-01,-9.658440947533e-01,-3.162277638912e-01,-9.486833214760e-01,3.162277638912e-01,-9.486833214760e-01,4,4,8,0,0,-36.914669110111,-1.259288618290
928,1066,0,-5.921728610992e-01,8.016624450684e-01,-3.162277638912e-01,9.486833214760e-01,-9.486833214760e-01,3.162277638912e-01,7,7,2,0,0,-35.112471815778,0.577171920414
929,1067,0,3.351114392281e-01,9.846827983856e-01,3.162277638912e-01,9.486833214760e-01,-3.162277638912e-01,9.486833214760e-01,11,11,7,0,0,-37.229633150278,-1.505726169714
930,1068,0,8.411430716515e-01,5.485284328461e-01,9.486833214760e-01,3.162277638912e-01,3.162277638912e-01,9.486833214760e-01,14,14,11,0,0,-38.455771256705,-2.697601031771
931,1069,0,2.335243523121e-01,-1.322145700455e+00,3.162277638912e-01,-9.486833214760e-01,9.486833214760e-01,-9.486833214760e-01,8,8,12,0,0,-34.983425014802,0.809008454504
932,1070,0,-1.268642544746e+00,-2.641237676144e-01,-9.486833214760e-01,-3.162277638912e-01,-9.486833214760e-01,-9.486833214760e-01,1,1,0,0,0,-33.239362340806,2.587334372871
933,1071,0,1.276898622513e+00,2.357292473316e-01,9.486833214760e-01,3.162277638912e-01,9.486833214760e-01,9.486833214760e-01,14,14,15,0,0,-34.540346182195,1.320613775854
934,1072,0,1.343787461519e-01,-4.554250538349e-01,3.162277638912e-01,-3.162277638912e-01,3.162277638912e-01,-3.162277638912e-01,9,9,9,1,1,-28.560659122495,7.334564079925
935,1073,0,9.618988633156e-01,-2.872793376446e-01,9.486833214760e-01,-3.162277638912e-01,9.486833214760e-01,3.162277638912e-01,13,13,14,0,0,-35.063654254339,0.865832192453
936,1074,0,-7.623161077499e-01,-6.609752774239e-01,-9.486833214760e-01,-9.486833214760e-01,-3.162277638912e-01,-9.486833214760e-01,0,0,4,0,0,-30.637738064649,5.326011626514
937,1075,0,2.307832539082e-01,-1.312857627869e+00,3.162277638912e-01,-9.486833214760e-01,9.486833214760e-01,-9.486833214760e-01,8,8,12,0,0,-35.030010583895,0.968002351639
938,1076,0,-1.301198005676e+00,-2.881613075733e-01,-9.486833214760e-01,-3.162277638912e-01,-9.486833214760e-01,-9.486833214760e-01,1,1,0,0,0,-32.512900025037,3.519376154870
939,1077,0,6.725788116455e-02,-4.331289827824e-01,3.162277638912e-01,-3.162277638912e-01,3.162277638912e-01,-3.162277638912e-01,9,9,9,1,1,-36.173392933202,-0.106853508925
940,1078,0,-2.467286586761e-01,1.294561862946e+00,-3.162277638912e-01,9.486833214760e-01,-9.486833214760e-01,9.486833214760e-01,7,7,3,0,0,-34.209490338013,1.891312330636
941,1079,0,2.947000861168e-01,9.940806031227e-01,3.162277638912e-01,9.486833214760e-01,-3.162277638912e-01,9.486833214760e-01,11,11,7,0,0,-34.947664300387,1.187401612634
942,1080,0,8.118478655815e-01,5.827513933182e-01,9.486833214760e-01,3.162277638912e-01,3.162277638912e-01,9.486833214760e-01,14,14,11,0,0,-35.893940762915,0.275388394477
943,1081,0,2.298192530870e-01,-1.310786604881e+00,3.162277638912e-01,-9.486833214760e-01,9.486833214760e-01,-9.486833214760e-01,8,8,12,0,0,-35.055450564405,1.148141837358
944,1082,0,-9.490499496460e-01,2.608970999718e-01,-9.486833214760e-01,3.162277638912e-01,-9.486833214760e-01,-3.162277638912e-01,2,2,1,0,0,-33.806056130892,2.431799515242
945,1083,0,1.297840118408e+00,2.257001996040e-01,9.486833214760e-01,3.162277638912e-01,9.486833214760e-01,9.486833214760e-01,14,14,15,0,0,-35.134669789012,1.137449101494
946,1084,0,6.095570325851e-01,-8.171166181564e-01,3.162277638912e-01,-9.486833214760e-01,9.486833214760e-01,-3.162277638912e-01,8,8,13,0,0,-34.842652101489,1.463730033389
947,1085,0,-4.364098906517e-01,-1.100474819541e-01,-3.162277638912e-01,-3.162277638912e-01,-3.162277638912e-01,-3.162277638912e-01,5,5,5,1,1,-30.847045108659,5.493600270590
948,1086,0,7.772660851479e-01,6.472154855728e-01,9.486833214760e-01,9.486833214760e-01,3.162277638912e-01,9.486833214760e-01,15,15,11,0,0,-31.781511486809,4.593397136811
949,1087,0,2.348633259535e-01,9.679194092751e-01,3.162277638912e-01,9.486833214760e-01,-3.162277638912e-01,9.486833214760e-01,11,11,7,0,0,-32.074029858686,4.335142009306
950,1088,0,-2.592521905899e-01,-9.818125963211e-01,-3.162277638912e-01,-9.486833214760e-01,3.162277638912e-01,-9.486833214760e-01,4,4,8,0,0,-33.226553554421,3.216881557942
951,1089,0,-2.608686089516e-01,-1.010048508644e+00,-3.162277638912e-01,-9.486833214760e-01,3.162277638912e-01,-9.486833214760e-01,4,4,8,0,0,-32.916459852294,3.561238504441
952,1090,0,6.076086759567e-01,-7.936939001083e-01,3.162277638912e-01,-9.486833214760e-01,9.486833214760e-01,-3.162277638912e-01,8,8,13,0,0,-34.129357294922,2.382604306185
953,1091,0,-8.061150461435e-02,4.388315677643e-01,-3.162277638912e-01,3.162277638912e-01,-3.162277638912e-01,3.162277638912e-01,6,6,6,1,1,-34.591052423521,1.955172421957
954,1092,0,6.660881638527e-02,-4.626898467541e-01,3.162277638912e-01,-3.162277638912e-01,3.162277638912e-01,-3.162277638912e-01,9,9,9,1,1,-36.807983644034,-0.227495554185
955,1093,0,2.447111532092e-02,-4.676238298416e-01,3.162277638912e-01,-3.162277638912e-01,3.162277638912e-01,-3.162277638912e-01,9,9,9,1,1,-42.004400210354,-5.389648876133
956,1094,0,-1.334053516388e+00,-1.904490888119e-01,-9.486833214760e-01,-3.162277638912e-01,-9.486833214760e-01,-9.486833214760e-01,1,1,0,0,0,-36.875368743626,-0.226354165034
957,1095,0,-8.182171732187e-02,4.470962584019e-01,-3.162277638912e-01,3.162277638912e-01,-3.162277638912e-01,3.162277638912e-01,6,6,6,1,1,-34.629236172340,2.054041650623
958,1096,0,9.505585432053e-01,-3.093602061272e-01,9.486833214760e-01,-3.162277638912e-01,9.486833214760e-01,3.162277638912e-01,13,13,14,0,0,-36.462477328106,0.255063739229
959,1097,0,-3.709173575044e-02,4.622931480408e-01,-3.162277638912e-01,3.162277638912e-01,-3.162277638912e-01,3.162277638912e-01,6,6,6,1,1,-40.412743821418,-3.660939509712
960,1098,0,1.254062294960e+00,2.061361819506e-01,9.486833214760e-01,3.162277638912e-01,9.486833214760e-01,9.486833214760e-01,14,14,15,0,0,-35.665492868934,1.120574687144
961,1099,0,-1.287040948868e+00,-2.035674154758e-01,-9.486833214760e-01,-3.162277638912e-01,-9.486833214760e-01,-9.486833214760e-01,1,1,0,0,0,-36.012153519987,0.808177280462
962,1100,0,4.079255461693e-01,9.195366501808e-02,3.162277638912e-01,3.162277638912e-01,3.162277638912e-01,3.162277638912e-01,10,10,10,1,1,-32.296835739801,4.557758305020
963,1101,0,-1.769074350595e-01,1.335469245911e+00,-3.162277638912e-01,9.486833214760e-01,-9.486833214760e-01,9.486833214760e-01,7,7,3,0,0,-37.454055194729,-0.565197905538
964,1102,0,8.255153298378e-01,6.283659338951e-01,9.486833214760e-01,3.162277638912e-01,3.162277638912e-01,9.486833214760e-01,14,14,11,0,0,-34.287378779233,2.635741754330
965,1103,0,-1.088548004627e-01,4.531107842922e-01,-3.162277638912e-01,3.162277638912e-01,-3.162277638912e-01,3.162277638912e-01,6,6,6,1,1,-31.491329241768,5.466054536167
966,1104,0,-1.300712585449e+00,-2.212461382151e-01,-9.486833214760e-01,-3.162277638912e-01,-9.486833214760e-01,-9.486833214760e-01,1,1,0,0,0,-35.346603292915,1.645043729391
967,1105,0,9.370059370995e-01,-2.742047309875e-01,9.486833214760e-01,-3.162277638912e-01,9.486833214760e-01,3.162277638912e-01,13,13,14,0,0,-34.746496560068,2.279413706610
968,1106,0,-6.512112170458e-02,4.435237050056e-01,-3.162277638912e-01,3.162277638912e-01,-3.162277638912e-01,3.162277638912e-01,6,6,6,1,1,-36.647132509156,0.413041001893
969,1107,0,6.071776151657e-02,-4.359287917614e-01,3.162277638912e-01,-3.162277638912e-01,3.162277638912e-01,-3.162277638912e-01,9,9,9,1,1,-37.070647330829,0.023789424592
970,1108,0,9.698323607445e-01,-3.151688873768e-01,9.486833214760e-01,-3.162277638912e-01,9.486833214760e-01,3.162277638912e-01,13,13,14,0,0,-36.437686935769,0.691013064022
971,1109,0,1.337456583977e+00,1.822590976954e-01,9.486833214760e-01,3.162277638912e-01,9.486833214760e-01,9.486833214760e-01,14,14,15,0,0,-37.239937510690,-0.076974266527
972,1110,0,5.705781579018e-01,-7.757349610329e-01,3.162277638912e-01,-9.486833214760e-01,9.486833214760e-01,-3.162277638912e-01,8,8,13,0,0,-35.229367153697,1.967859334838
973,1111,0,-2.013747990131e-01,1.291958332062e+00,-3.162277638912e-01,9.486833214760e-01,-9.486833214760e-01,9.486833214760e-01,7,7,3,0,0,-36.140714492129,1.090775240778
974,1112,0,4.370874464512e-01,1.292267739773e-01,3.162277638912e-01,3.162277638912e-01,3.162277638912e-01,3.162277638912e-01,10,10,10,1,1,-28.529460626669,8.736292350608
975,1113,0,-2.015331536531e-01,1.309291481972e+00,-3.162277638912e-01,9.486833214760e-01,-9.486833214760e-01,9.486833214760e-01,7,7,3,0,0,-36.249404927931,1.050611293718
976,1114,0,4.220148324966e-01,1.096072420478e-01,3.162277638912e-01,3.162277638912e-01,3.162277638912e-01,3.162277638912e-01,10,10,10,1,1,-30.440614710500,6.893664755521
977,1115,0,-5.876079201698e-01,8.272995352745e-01,-3.162277638912e-01,9.486833214760e-01,-9.486833214760e-01,3.162277638912e-01,7,7,2,0,0,-36.179929548276,1.188613162116
978,1116,0,7.935538291931e-01,6.281808614731e-01,9.486833214760e-01,3.162277638912e-01,3.162277638912e-01,9.486833214760e-01,14,14,11,0,0,-33.199752470463,4.203053484301
979,1117,0,-5.906130075455e-01,8.376745581627e-01,-3.162277638912e-01,9.486833214760e-01,-9.486833214760e-01,3.162277638912e-01,7,7,2,0,0,-36.378819014251,1.058250184884
980,1118,0,-8.904721587896e-02,4.868089854717e-01,-3.162277638912e-01,3.162277638912e-01,-3.162277638912e-01,3.162277638912e-01,6,6,6,1,1,-34.634042775840,2.837289667666
981,1119,0,-5.783348679543e-01,8.232774138451e-01,-3.162277638912e-01,9.486833214760e-01,-9.486833214760e-01,3.162277638912e-01,7,7,2,0,0,-36.477826715356,1.027768972522
982,1120,0,-3.392176032066e-01,-9.377072453499e-01,-3.162277638912e-01,-9.486833214760e-01,3.162277638912e-01,-9.486833214760e-01,4,4,8,0,0,-38.322647363180,-0.782788430931
983,1121,0,-8.865784853697e-02,4.568506181240e-01,-3.162277638912e-01,3.162277638912e-01,-3.162277638912e-01,3.162277638912e-01,6,6,6,1,1,-34.017513914634,3.556608261987
984,1122,0,-3.662727028131e-02,4.656978249550e-01,-3.162277638912e-01,3.162277638912e-01,-3.162277638912e-01,3.162277638912e-01,6,6,6,1,1,-40.502927685449,-2.894542264457
985,1123,0,1.308858990669e+00,1.627492755651e-01,9.486833214760e-01,3.162277638912e-01,9.486833214760e-01,9.486833214760e-01,14,14,15,0,0,-37.911972294146,-0.269323628782
986,1124,0,-8.316572308540e-01,-5.459289550781e-01,-9.486833214760e-01,-3.162277638912e-01,-3.162277638912e-01,-9.486833214760e-01,1,1,4,0,0,-38.282753448820,-0.605841539086
987,1125,0,-5.975149869919e-01,8.010407090187e-01,-3.162277638912e-01,9.486833214760e-01,-9.486833214760e-01,3.162277638912e-01,7,7,2,0,0,-34.844933897965,2.866241256141
988,1126,0,1.742477118969e-01,-1.281073093414e+00,3.162277638912e-01,-9.486833214760e-01,9.486833214760e-01,-9.486833214760e-01,8,8,12,0,0,-37.254333425541,0.491104972936
989,1127,0,-3.133308589458e-01,-9.851619601250e-01,-3.162277638912e-01,-9.486833214760e-01,3.162277638912e-01,-9.486833214760e-01,4,4,8,0,0,-36.078219098688,1.701482544161
990,1128,0,1.778399795294e-01,-1.299833655357e+00,3.162277638912e-01,-9.486833214760e-01,9.486833214760e-01,-9.486833214760e-01,8,8,12,0,0,-37.209306292648,0.604658594573
991,1129,0,4.184521138668e-01,4.746091738343e-02,3.162277638912e-01,3.162277638912e-01,3.162277638912e-01,3.162277638912e-01,10,10,10,1,1,-38.529154657019,-0.680926525427
992,1130,0,-1.280702352524e+00,-1.446061432362e-01,-9.486833214760e-01,-3.162277638912e-01,-9.486833214760e-01,-9.486833214760e-01,1,1,0,0,0,-38.557926510304,-0.675435134340
993,1131,0,9.044981002808e-01,-3.308275043964e-01,9.486833214760e-01,-3.162277638912e-01,9.486833214760e-01,3.162277638912e-01,13,13,14,0,0,-38.525350427502,-0.608595807167
994,1132,0,-9.375316500664e-01,3.623383045197e-01,-9.486833214760e-01,3.162277638912e-01,-9.486833214760e-01,-3.162277638912e-01,2,2,1,0,0,-39.565525388648,-1.614507523942
995,1133,0,-3.409921526909e-01,-9.216763377190e-01,-3.162277638912e-01,-9.486833214760e-01,3.162277638912e-01,-9.486833214760e-01,4,4,8,0,0,-38.737885915880,-0.752604806803
996,1134,0,1.322317361832e+00,1.472423523664e-01,9.486833214760e-01,3.162277638912e-01,9.486833214760e-01,9.486833214760e-01,14,14,15,0,0,-38.646189159660,-0.626644806211
997,1135,0,-1.103553473949e-01,1.354413747787e+00,-3.162277638912e-01,9.486833214760e-01,-9.486833214760e-01,9.486833214760e-01,7,7,3,0,0,-40.341926228552,-2.288118630732
998,1136,0,3.760770857334e-01,9.694083929062e-01,3.162277638912e-01,9.486833214760e-01,-3.162277638912e-01,9.486833214760e-01,11,11,7,0,0,-39.638459686962,-1.550388844770
999,1137,0,1.352401018143e+00,1.565546840429e-01,9.486833214760e-01,3.162277638912e-01,9.486833214760e-01,9.486833214760e-01,14,14,15,0,0,-38.396799857617,-0.274465771054
1000,1138,0,9.349303245544e-01,-3.071651756763e-01,9.486833214760e-01,-3.162277638912e-01,9.486833214760e-01,3.162277638912e-01,13,13,14,0,0,-36.622543872813,1.534053458122
1001,1139,0,-5.365713834763e-01,8.472352623940e-01,-3.162277638912e-01,9.486833214760e-01,-9.486833214760e-01,3.162277638912e-01,7,7,2,0,0,-39.218136708894,-1.027276133588
1002,1140,0,1.320575952530e+00,1.999377608299e-01,9.486833214760e-01,3.162277638912e-01,9.486833214760e-01,9.486833214760e-01,14,14,15,0,0,-36.390692908177,1.834430911501
1003,1141,0,6.394189596176e-02,-4.487380087376e-01,3.162277638912e-01,-3.162277638912e-01,3.162277638912e-01,-3.162277638912e-01,9,9,9,1,1,-36.890361417156,1.369025646893
1004,1142,0,-8.204787373543e-01,-5.927773118019e-01,-9.486833214760e-01,-3.162277638912e-01,-3.162277638912e-01,-9.486833214760e-01,1,1,4,0,0,-35.717792769461,2.575857538959
1005,1143,0,5.821782350540e-01,-8.311904668808e-01,3.162277638912e-01,-9.486833214760e-01,9.486833214760e-01,-3.162277638912e-01,8,8,13,0,0,-36.557078065017,1.770835487775
1006,1144,0,1.902568638325e-01,-1.315059781075e+00,3.162277638912e-01,-9.486833214760e-01,9.486833214760e-01,-9.486833214760e-01,8,8,12,0,0,-36.767826114461,1.594350682702
1007,1145,0,-8.516083359718e-01,-5.627936720848e-01,-9.486833214760e-01,-3.162277638912e-01,-3.162277638912e-01,-9.486833214760e-01,1,1,4,0,0,-38.105940880731,0.290499160803
1008,1146,0,-6.485366076231e-02,4.836434721947e-01,-3.162277638912e-01,3.162277638912e-01,-3.162277638912e-01,3.162277638912e-01,6,6,6,1,1,-37.362542333373,1.068160952533
1009,1147,0,-1.613386422396e-01,1.329317212105e+00,-3.162277638912e-01,9.486833214760e-01,-9.486833214760e-01,9.486833214760e-01,7,7,3,0,0,-38.079883207793,0.385083322485
1010,1148,0,-1.326277852058e+00,-9.987206012011e-02,-9.486833214760e-01,-3.162277638912e-01,-9.486833214760e-01,-9.486833214760e-01,1,1,0,0,0,-40.693611082086,-2.194381307437
1011,1149,0,-1.292091846466e+00,-1.281572133303e-01,-9.486833214760e-01,-3.162277638912e-01,-9.486833214760e-01,-9.486833214760e-01,1,1,0,0,0,-39.335596726844,-0.802103707824
1012,1150,0,4.875698685646e-01,-8.591226935387e-01,3.162277638912e-01,-9.486833214760e-01,9.486833214760e-01,-3.162277638912e-01,8,8,13,0,0,-41.989246335795,-3.421490072403
1013,1151,0,-1.288184642792e+00,-9.807328134775e-02,-9.486833214760e-01,-3.162277638912e-01,-9.486833214760e-01,-9.486833214760e-01,1,1,0,0,0,-40.646302685681,-2.044283177918
1014,1152,0,-1.685551106930e-01,1.311407685280e+00,-3.162277638912e-01,9.486833214760e-01,-9.486833214760e-01,9.486833214760e-01,7,7,3,0,0,-37.675933552803,0.960349199332
1015,1153,0,-8.448169231415e-01,-5.135596394539e-01,-9.486833214760e-01,-3.162277638912e-01,-3.162277638912e-01,-9.486833214760e-01,1,1,4,0,0,-40.269859983827,-1.599313987321
1016,1154,0,-9.311566948891e-01,3.261501193047e-01,-9.486833214760e-01,3.162277638912e-01,-9.486833214760e-01,-3.162277638912e-01,2,2,1,0,0,-37.738438643087,0.966370597790
1017,1155,0,5.438231825829e-01,-8.446346521378e-01,3.162277638912e-01,-9.486833214760e-01,9.486833214760e-01,-3.162277638912e-01,8,8,13,0,0,-38.789344249877,-0.050271764628
1018,1156,0,-2.915872931480e-01,-9.375748038292e-01,-3.162277638912e-01,-9.486833214760e-01,3.162277638912e-01,-9.486833214760e-01,4,4,8,0,0,-35.710727288199,3.062608441421
1019,1157,0,1.305657863617e+00,1.525986045599e-01,9.486833214760e-01,3.162277638912e-01,9.486833214760e-01,9.486833214760e-01,14,14,15,0,0,-38.333805755637,0.473793218355
1020,1158,0,-4.164621829987e-01,-5.615708976984e-02,-3.162277638912e-01,-3.162277638912e-01,-3.162277638912e-01,-3.162277638912e-01,5,5,5,1,1,-37.320376084479,1.521486133884
1021,1159,0,1.272882819176e-01,-1.304865241051e+00,3.162277638912e-01,-9.486833214760e-01,9.486833214760e-01,-9.486833214760e-01,8,8,12,0,0,-39.428482639776,-0.552357177041
1022,1160,0,-1.288209676743e+00,-1.798044443130e-01,-9.486833214760e-01,-3.162277638912e-01,-9.486833214760e-01,-9.486833214760e-01,1,1,0,0,0,-37.054161104760,1.856227602347
1023,1161,0,4.850293695927e-02,-4.187283217907e-01,3.162277638912e-01,-3.162277638912e-01,3.162277638912e-01,-3.162277638912e-01,9,9,9,1,1,-38.392652426507,0.551999524971
1024,1162,0,-5.382015109062e-01,8.617151975632e-01,-3.162277638912e-01,9.486833214760e-01,-9.486833214760e-01,3.162277638912e-01,7,7,2,0,0,-39.577386170629,-0.598470974780
1025,1163,0,3.807053864002e-01,9.520245194435e-01,3.162277638912e-01,9.486833214760e-01,-3.162277638912e-01,9.486833214760e-01,11,11,7,0,0,-40.230939977009,-1.217761536788
1026,1164,0,1.337678432465e+00,1.908791512251e-01,9.486833214760e-01,3.162277638912e-01,9.486833214760e-01,9.486833214760e-01,14,14,15,0,0,-36.879038785391,2.168402899201
1027,1165,0,3.915389776230e-01,9.493052363396e-01,3.162277638912e-01,9.486833214760e-01,-3.162277638912e-01,9.486833214760e-01,11,11,7,0,0,-40.848546043537,-1.766841114574
1028,1166,0,9.587319493294e-01,-3.206382393837e-01,9.486833214760e-01,-3.162277638912e-01,9.486833214760e-01,3.162277638912e-01,13,13,14,0,0,-36.926940779522,2.189027393813
1029,1167,0,-8.021027445793e-01,-5.840096473694e-01,-9.486833214760e-01,-3.162277638912e-01,-3.162277638912e-01,-9.486833214760e-01,1,1,4,0,0,-35.506752401943,3.643479015763
1030,1168,0,-4.561660289764e-01,-8.941874653101e-02,-3.162277638912e-01,-3.162277638912e-01,-3.162277638912e-01,-3.162277638912e-01,5,5,5,1,1,-33.909370128834,5.275124533243
1031,1169,0,-8.117708563805e-01,-5.831490755081e-01,-9.486833214760e-01,-3.162277638912e-01,-3.162277638912e-01,-9.486833214760e-01,1,1,4,0,0,-35.872847186747,3.345910719702
1032,1170,0,-4.393295049667e-01,-6.662940979004e-02,-3.162277638912e-01,-3.162277638912e-01,-3.162277638912e-01,-3.162277638912e-01,5,5,5,1,1,-36.376150166034,2.876870984787
1033,1171,0,-3.080193512142e-02,4.612802267075e-01,-3.162277638912e-01,3.162277638912e-01,-3.162277638912e-01,3.162277638912e-01,6,6,6,1,1,-41.179752064542,-1.892467669350
1034,1172,0,4.808858633041e-01,4.871192574501e-02,3.162277638912e-01,3.162277638912e-01,3.162277638912e-01,3.162277638912e-01,10,10,10,1,1,-39.215883076022,0.105664563541
1035,1173,0,5.569799542427e-01,-8.750067353249e-01,3.162277638912e-01,-9.486833214760e-01,9.486833214760e-01,-3.162277638912e-01,8,8,13,0,0,-39.086520118708,0.269290765227
1036,1174,0,1.797402948141e-01,-1.326678395271e+00,3.162277638912e-01,-9.486833214760e-01,9.486833214760e-01,-9.486833214760e-01,8,8,12,0,0,-37.284463404920,2.105610723386
1037,1175,0,1.337652206421e+00,1.355648785830e-01,9.486833214760e-01,3.162277638912e-01,9.486833214760e-01,9.486833214760e-01,14,14,15,0,0,-39.213095376315,0.211241996363
1038,1176,0,5.009726881981e-01,7.005828619003e-02,3.162277638912e-01,3.162277638912e-01,3.162277638912e-01,3.162277638912e-01,10,10,10,1,1,-37.039126772083,2.419473844966
1039,1177,0,4.580321907997e-01,4.509552195668e-02,3.162277638912e-01,3.162277638912e-01,3.162277638912e-01,3.162277638912e-01,10,10,10,1,1,-39.377070359497,0.115793501924
1040,1178,0,-8.351799249649e-01,-5.607975721359e-01,-9.486833214760e-01,-3.162277638912e-01,-3.162277638912e-01,-9.486833214760e-01,1,1,4,0,0,-37.684908566419,1.842218539372
1041,1179,0,-9.472648501396e-01,3.053436279297e-01,-9.486833214760e-01,3.162277638912e-01,-9.486833214760e-01,-3.162277638912e-01,2,2,1,0,0,-36.301280287814,3.260110062349
1042,1180,0,1.360517740250e-01,-1.314189434052e+00,3.162277638912e-01,-9.486833214760e-01,9.486833214760e-01,-9.486833214760e-01,8,8,12,0,0,-39.089496001080,0.506157593455
1043,1181,0,5.525544881821e-01,-8.797367811203e-01,3.162277638912e-01,-9.486833214760e-01,9.486833214760e-01,-3.162277638912e-01,8,8,13,0,0,-39.432504125083,0.197412713823
1044,1182,0,2.648168243468e-02,-4.742305874825e-01,3.162277638912e-01,-3.162277638912e-01,3.162277638912e-01,-3.162277638912e-01,9,9,9,1,1,-41.803844958582,-2.139664875304
1045,1183,0,-1.304356575012e+00,-6.382592767477e-02,-9.486833214760e-01,-3.162277638912e-01,-9.486833214760e-01,-9.486833214760e-01,1,1,0,0,0,-42.198586825320,-2.500143497671
1046,1184,0,-1.093920320272e-01,1.309442162514e+00,-3.162277638912e-01,9.486833214760e-01,-9.486833214760e-01,9.486833214760e-01,7,7,3,0,0,-40.224545435180,-0.491838863160
1047,1185,0,-8.451464176178e-01,-4.898748993874e-01,-9.486833214760e-01,-3.162277638912e-01,-3.162277638912e-01,-9.486833214760e-01,1,1,4,0,0,-41.467048142359,-1.700078325967
1048,1186,0,5.142657160759e-01,-9.094214439392e-01,3.162277638912e-01,-9.486833214760e-01,9.486833214760e-01,-3.162277638912e-01,8,8,13,0,0,-42.077470513094,-2.276237452330
1049,1187,0,1.876946166158e-02,-4.718495309353e-01,3.162277638912e-01,-3.162277638912e-01,3.162277638912e-01,-3.162277638912e-01,9,9,9,1,1,-42.722061405846,-2.886565100711
1050,1188,0,-1.298047423363e+00,-5.381020158529e-02,-9.486833214760e-01,-3.162277638912e-01,-9.486833214760e-01,-9.486833214760e-01,1,1,0,0,0,-42.626178278477,-2.756418728971
1051,1189,0,3.704466223717e-01,9.168432354927e-01,3.162277638912e-01,9.486833214760e-01,-3.162277638912e-01,9.486833214760e-01,11,11,7,0,0,-40.435910466755,-0.531887672878
1052,1190,0,-8.408640623093e-01,-5.084836483002e-01,-9.486833214760e-01,-3.162277638912e-01,-3.162277638912e-01,-9.486833214760e-01,1,1,4,0,0,-40.403042119175,-0.464756080926
1053,1191,0,4.768376052380e-01,7.331064902246e-03,3.162277638912e-01,3.162277638912e-01,3.162277638912e-01,3.162277638912e-01,10,10,10,1,1,-44.119184428040,-4.146635145420
1054,1192,0,9.734863042831e-01,-3.904470503330e-01,9.486833214760e-01,-3.162277638912e-01,9.486833214760e-01,3.162277638912e-01,13,13,14,0,0,-40.289741226907,-0.282928699915
1055,1193,0,1.355535149574e+00,5.742001160979e-02,9.486833214760e-01,3.162277638912e-01,9.486833214760e-01,9.486833214760e-01,14,14,15,0,0,-42.574420189014,-2.533344417651
1056,1194,0,1.414662599564e-01,-1.303473472595e+00,3.162277638912e-01,-9.486833214760e-01,9.486833214760e-01,-9.486833214760e-01,8,8,12,0,0,-38.805920272036,1.269418743699
1057,1195,0,3.666804730892e-01,9.073206186295e-01,3.162277638912e-01,9.486833214760e-01,-3.162277638912e-01,9.486833214760e-01,11,11,7,0,0,-40.440330493767,-0.330728233661
1058,1196,0,-8.931930065155e-01,3.787697851658e-01,-9.486833214760e-01,3.162277638912e-01,-9.486833214760e-01,-3.162277638912e-01,2,2,1,0,0,-41.414934870156,-1.271069365678
1059,1197,0,1.342595696449e+00,1.096178740263e-01,9.486833214760e-01,3.162277638912e-01,9.486833214760e-01,9.486833214760e-01,14,14,15,0,0,-40.332369004960,-0.154240256111
1060,1198,0,4.778934121132e-01,1.713548600674e-02,3.162277638912e-01,3.162277638912e-01,3.162277638912e-01,3.162277638912e-01,10,10,10,1,1,-42.946465523099,-2.734073529879
1061,1199,0,6.650944799185e-02,-4.740865230560e-01,3.162277638912e-01,-3.162277638912e-01,3.162277638912e-01,-3.162277638912e-01,9,9,9,1,1,-37.014111704950,3.232543532642
1062,1200,0,5.647245645523e-01,-8.499858379364e-01,3.162277638912e-01,-9.486833214760e-01,9.486833214760e-01,-3.162277638912e-01,8,8,13,0,0,-37.965270388804,2.315648093159
1063,1201,0,8.923814296722e-01,5.066336393356e-01,9.486833214760e-01,3.162277638912e-01,3.162277638912e-01,9.486833214760e-01,14,14,11,0,0,-41.980080651484,-1.664898925149
1064,1202,0,5.523142218590e-01,-8.645498156548e-01,3.162277638912e-01,-9.486833214760e-01,9.486833214760e-01,-3.162277638912e-01,8,8,13,0,0,-38.992738245879,1.356706724827
1065,1203,0,9.433506727219e-01,-3.887164890766e-01,9.486833214760e-01,-3.162277638912e-01,9.486833214760e-01,3.162277638912e-01,13,13,14,0,0,-40.829517579748,-0.445809364671
1066,1204,0,-1.055371295661e-02,4.606896936893e-01,-3.162277638912e-01,3.162277638912e-01,-3.162277638912e-01,3.162277638912e-01,6,6,6,1,1,-43.687668786609,-3.269697327160
1067,1205,0,3.563950359821e-01,9.396933317184e-01,3.162277638912e-01,9.486833214760e-01,-3.162277638912e-01,9.486833214760e-01,11,11,7,0,0,-39.205051292687,1.247183411133
1068,1206,0,-1.317026376724e+00,-1.210714876652e-01,-9.486833214760e-01,-3.162277638912e-01,-9.486833214760e-01,-9.486833214760e-01,1,1,0,0,0,-39.747680636903,0.738817311289
1069,1207,0,-4.712570309639e-01,-3.769999369979e-02,-3.162277638912e-01,-3.162277638912e-01,-3.162277638912e-01,-3.162277638912e-01,5,5,5,1,1,-40.426147452714,0.094613739849
1070,1208,0,-1.172950863838e-01,1.310654520988e+00,-3.162277638912e-01,9.486833214760e-01,-9.486833214760e-01,9.486833214760e-01,7,7,3,0,0,-39.886022749995,0.669001686939
1071,1209,0,4.723139405251e-01,4.232804477215e-02,3.162277638912e-01,3.162277638912e-01,3.162277638912e-01,3.162277638912e-01,10,10,10,1,1,-39.878921549913,0.710366131393
1072,1210,0,4.385352730751e-01,2.480007242411e-03,3.162277638912e-01,3.162277638912e-01,3.162277638912e-01,3.162277638912e-01,10,10,10,1,1,-44.675984026555,-4.052433100877
1073,1211,0,-8.734819889069e-01,-5.285474061966e-01,-9.486833214760e-01,-3.162277638912e-01,-3.162277638912e-01,-9.486833214760e-01,1,1,4,0,0,-40.386753484525,0.271060685524
1074,1212,0,-4.880665540695e-01,-3.623973950744e-02,-3.162277638912e-01,-3.162277638912e-01,-3.162277638912e-01,-3.162277638912e-01,5,5,5,1,1,-40.753487372874,-0.061409958454
1075,1213,0,-8.851114511490e-01,-5.111417174339e-01,-9.486833214760e-01,-3.162277638912e-01,-3.162277638912e-01,-9.486833214760e-01,1,1,4,0,0,-41.559110430530,-0.832769771738
1076,1214,0,1.049133762717e-02,-4.625765681267e-01,3.162277638912e-01,-3.162277638912e-01,3.162277638912e-01,-3.162277638912e-01,9,9,9,1,1,-43.700741948435,-2.940138045272
1077,1215,0,-4.970676898956e-01,8.785899281502e-01,-3.162277638912e-01,9.486833214760e-01,-9.486833214760e-01,3.162277638912e-01,7,7,2,0,0,-42.065771714468,-1.270904566934
1078,1216,0,-5.264648795128e-01,8.775357604027e-01,-3.162277638912e-01,9.486833214760e-01,-9.486833214760e-01,3.162277638912e-01,7,7,2,0,0,-40.604011430899,0.225118961007
1079,1217,0,-4.541308879852e-01,-5.117152258754e-02,-3.162277638912e-01,-3.162277638912e-01,-3.162277638912e-01,-3.162277638912e-01,5,5,5,1,1,-38.571022385169,2.292371251108
1080,1218,0,5.057370662689e-01,-9.075728058815e-01,3.162277638912e-01,-9.486833214760e-01,9.486833214760e-01,-3.162277638912e-01,8,8,13,0,0,-42.436693350668,-1.539036470019
1081,1219,0,5.368456244469e-03,-4.730002582073e-01,3.162277638912e-01,-3.162277638912e-01,3.162277638912e-01,-3.162277638912e-01,9,9,9,1,1,-44.349732535443,-3.417812410423
1082,1220,0,-8.901942372322e-01,-5.253820419312e-01,-9.486833214760e-01,-3.162277638912e-01,-3.162277638912e-01,-9.486833214760e-01,1,1,4,0,0,-41.016453232586,-0.050269863195
1083,1221,0,5.228958278894e-02,-1.345138788223e+00,3.162277638912e-01,-9.486833214760e-01,9.486833214760e-01,-9.486833214760e-01,8,8,12,0,0,-42.773861910971,-1.773415297208
1084,1222,0,4.447456002235e-01,-1.205794233829e-02,3.162277638912e-01,-3.162277638912e-01,3.162277638912e-01,3.162277638912e-01,9,9,10,0,0,-46.553022678537,-5.518312820402
1085,1223,0,-9.235359430313e-01,4.399428367615e-01,-9.486833214760e-01,3.162277638912e-01,-9.486833214760e-01,-3.162277638912e-01,2,2,1,0,0,-43.906577291289,-2.837604188783
1086,1224,0,-4.970753192902e-01,8.856757283211e-01,-3.162277638912e-01,9.486833214760e-01,-9.486833214760e-01,3.162277638912e-01,7,7,2,0,0,-42.262233687905,-1.158997341027
1087,1225,0,-4.603240787983e-01,-3.455269383267e-03,-3.162277638912e-01,-3.162277638912e-01,-3.162277638912e-01,-3.162277638912e-01,5,5,5,1,1,-44.569936390693,-3.432436799444
1088,1226,0,-2.469220384955e-02,4.531657695770e-01,-3.162277638912e-01,3.162277638912e-01,-3.162277638912e-01,3.162277638912e-01,6,6,6,1,1,-41.881138147597,-0.709375311977
1089,1227,0,-9.100683331490e-01,4.659399986267e-01,-9.486833214760e-01,3.162277638912e-01,-9.486833214760e-01,-3.162277638912e-01,2,2,1,0,0,-45.546647084328,-4.340621004337
1090,1228,0,-4.798780679703e-01,1.918879337609e-02,-3.162277638912e-01,3.162277638912e-01,-3.162277638912e-01,-3.162277638912e-01,6,6,5,0,0,-47.289855547829,-6.049566223466
1091,1229,0,-8.969451785088e-01,5.047628283501e-01,-9.486833214760e-01,3.162277638912e-01,-9.486833214760e-01,-3.162277638912e-01,2,2,1,0,0,-47.803917925701,-6.529365356967
1092,1230,0,5.880578979850e-02,1.307422399521e+00,3.162277638912e-01,9.486833214760e-01,-9.486833214760e-01,9.486833214760e-01,11,11,3,0,0,-47.575337709749,-6.266521896643
1093,1231,0,9.160840511322e-01,-4.618132114410e-01,9.486833214760e-01,-3.162277638912e-01,9.486833214760e-01,3.162277638912e-01,13,13,14,0,0,-45.188381339604,-3.845302282127
1094,1232,0,4.346054792404e-01,-2.933122962713e-02,3.162277638912e-01,-3.162277638912e-01,3.162277638912e-01,3.162277638912e-01,9,9,10,0,0,-48.860998444850,-7.483656143002
1095,1233,0,-8.902717828751e-01,-4.775819480419e-01,-9.486833214760e-01,-3.162277638912e-01,-3.162277638912e-01,-9.486833214760e-01,1,1,4,0,0,-43.353935602097,-1.942330055877
1096,1234,0,8.753015995026e-01,4.905751943588e-01,9.486833214760e-01,3.162277638912e-01,3.162277638912e-01,9.486833214760e-01,14,14,11,0,0,-42.295983018537,-0.850114227946
1097,1235,0,4.359269440174e-01,2.562682889402e-02,3.162277638912e-01,3.162277638912e-01,3.162277638912e-01,3.162277638912e-01,10,10,10,1,1,-41.635626200504,-0.155494165541
1098,1236,1,-1.338695526123e+00,-1.206692978740e-01,-9.486833214760e-01,-9.486833214760e-01,-9.486833214760e-01,-9.486833214760e-01,1,0,0,1,0,-39.849309017569,1.665086261766
1099,1237,1,-1.334555864334e+00,-1.226438730955e-01,-9.486833214760e-01,-9.486833214760e-01,-9.486833214760e-01,-9.486833214760e-01,1,0,0,1,0,-39.749343692801,1.799314830905
